Unnamed: 0,bmi,gender,is_training,name,bmi_category
0,34.2073961938,Male,1,img_0.bmp,Obese
1,26.4537197232,Male,1,img_1.bmp,Overweight
2,34.9675605536,Female,1,img_2.bmp,Obese
3,22.044766436,Female,1,img_3.bmp,Normal
4,37.7587890625,Female,1,img_4.bmp,Obese
5,24.8864746094,Female,1,img_5.bmp,Normal
6,25.8455882353,Female,1,img_6.bmp,Overweight
7,21.740700692,Female,1,img_7.bmp,Normal
8,30.6158579882,Female,1,img_8.bmp,Obese
9,26.7888757396,Female,1,img_9.bmp,Overweight
10,38.7327823691,Male,1,img_10.bmp,Obese
11,30.8248393021,Male,1,img_11.bmp,Obese
12,41.3988888889,Male,1,img_12.bmp,Severely Obese
13,31.0491666667,Male,1,img_13.bmp,Obese
14,35.5613965483,Male,1,img_14.bmp,Obese
15,25.7994445547,Male,1,img_15.bmp,Overweight
16,33.199527745,Male,1,img_16.bmp,Obese
17,23.5953786473,Male,1,img_17.bmp,Normal
18,41.2094594595,Male,1,img_18.bmp,Severely Obese
19,21.3108108108,Male,1,img_19.bmp,Normal
20,26.6224852071,Male,1,img_20.bmp,Overweight
21,21.6307692308,Male,1,img_21.bmp,Normal
22,41.8090397924,Male,1,img_22.bmp,Severely Obese
23,22.3488321799,Male,1,img_23.bmp,Normal
24,33.8112792969,Female,1,img_24.bmp,Obese
25,24.8864746094,Female,1,img_25.bmp,Normal
26,35.549342838,Male,1,img_26.bmp,Obese
27,30.8511918022,Male,1,img_27.bmp,Obese
28,31.4511657215,Male,1,img_28.bmp,Obese
29,20.3768115942,Male,1,img_29.bmp,Normal
30,33.9023919753,Male,1,img_30.bmp,Obese
31,27.7999614198,Male,1,img_31.bmp,Overweight
32,31.4703856749,Female,1,img_32.bmp,Obese
33,23.4010560147,Female,1,img_33.bmp,Normal
34,29.2252456538,Female,1,img_34.bmp,Overweight
35,22.1403376165,Female,1,img_35.bmp,Normal
36,31.1667387543,Female,1,img_36.bmp,Obese
37,22.044766436,Female,1,img_37.bmp,Normal
38,41.6866203791,Male,1,img_38.bmp,Severely Obese
39,36.2779133046,Male,1,img_39.bmp,Obese
40,39.5759054232,Male,1,img_40.bmp,Obese
41,28.8904109589,Male,1,img_41.bmp,Overweight
42,43.5334959655,Male,1,img_42.bmp,Severely Obese
43,35.6183148808,Male,1,img_43.bmp,Obese
44,36.4878892734,Male,1,img_44.bmp,Obese
45,25.8455882353,Male,1,img_45.bmp,Overweight
46,37.9321563182,Male,1,img_46.bmp,Obese
47,30.4015076374,Male,1,img_47.bmp,Obese
48,44.0731095679,Male,1,img_48.bmp,Severely Obese
49,40.6828703704,Male,1,img_49.bmp,Severely Obese
50,27.8220155709,Male,1,img_50.bmp,Overweight
51,21.2846020761,Male,1,img_51.bmp,Normal
52,36.4878892734,Male,1,img_52.bmp,Obese
53,27.365916955,Male,1,img_53.bmp,Overweight
54,35.7277249135,Female,1,img_54.bmp,Obese
55,21.2846020761,Female,1,img_55.bmp,Normal
56,37.9258494031,Female,1,img_56.bmp,Obese
57,23.4010560147,Female,1,img_57.bmp,Normal
58,38.2736816406,Female,1,img_58.bmp,Obese
59,29.1772460938,Female,1,img_59.bmp,Overweight
60,30.2446222222,Male,1,img_60.bmp,Obese
61,21.9960888889,Male,1,img_61.bmp,Normal
62,33.2990677753,Female,1,img_62.bmp,Obese
63,23.9115646259,Female,1,img_63.bmp,Normal
64,37.5852082869,Male,1,img_64.bmp,Obese
65,26.6228558699,Male,1,img_65.bmp,Overweight
66,51.4892578125,Female,1,img_66.bmp,Severely Obese
67,25.7446289062,Female,1,img_67.bmp,Overweight
68,41.6866203791,Male,1,img_68.bmp,Severely Obese
69,29.5500093826,Male,1,img_69.bmp,Overweight
70,37.9736842105,Male,1,img_70.bmp,Obese
71,31.8881578947,Male,1,img_71.bmp,Obese
72,41.9701492537,Male,1,img_72.bmp,Severely Obese
73,26.3096458008,Male,1,img_73.bmp,Overweight
74,51.4892578125,Female,1,img_74.bmp,Severely Obese
75,24.0283203125,Female,1,img_75.bmp,Normal
76,31.9469822485,Female,1,img_76.bmp,Obese
77,25.1249704142,Female,1,img_77.bmp,Overweight
78,39.9342838049,Male,1,img_78.bmp,Obese
79,32.8870572511,Male,1,img_79.bmp,Obese
80,39.4644687013,Female,1,img_80.bmp,Obese
81,26.936065939,Female,1,img_81.bmp,Overweight
82,46.25,Male,1,img_82.bmp,Severely Obese
83,29.2105263158,Male,1,img_83.bmp,Overweight
84,41.5003341501,Female,1,img_84.bmp,Severely Obese
85,30.8511918022,Female,1,img_85.bmp,Obese
86,54.1237024221,Female,1,img_86.bmp,Severely Obese
87,38.0082179931,Female,1,img_87.bmp,Obese
88,53.6907359651,Male,1,img_88.bmp,Severely Obese
89,34.1668319778,Male,1,img_89.bmp,Obese
90,49.7411555556,Male,1,img_90.bmp,Severely Obese
91,40.3678222222,Male,1,img_91.bmp,Severely Obese
92,35.1426170972,Female,1,img_92.bmp,Obese
93,27.4643982357,Female,1,img_93.bmp,Overweight
94,37.2438964844,Female,1,img_94.bmp,Obese
95,32.6098632812,Female,1,img_95.bmp,Obese
96,42.2631952663,Male,1,img_96.bmp,Severely Obese
97,29.950295858,Male,1,img_97.bmp,Overweight
98,29.285855981,Male,1,img_98.bmp,Overweight
99,25.1021622694,Male,1,img_99.bmp,Overweight
100,29.8341049383,Male,1,img_100.bmp,Overweight
101,24.4097222222,Male,1,img_101.bmp,Normal
102,37.2438964844,Female,1,img_102.bmp,Obese
103,32.0949707031,Female,1,img_103.bmp,Obese
104,42.2408267906,Male,1,img_104.bmp,Severely Obese
105,30.7513219035,Male,1,img_105.bmp,Obese
106,29.8341049383,Male,1,img_106.bmp,Overweight
107,24.4097222222,Male,1,img_107.bmp,Normal
108,35.15,Female,1,img_108.bmp,Obese
109,25.6810204082,Female,1,img_109.bmp,Overweight
110,37.5521193772,Male,1,img_110.bmp,Obese
111,28.4301470588,Male,1,img_111.bmp,Overweight
112,39.1911651235,Male,1,img_112.bmp,Obese
113,35.1228780864,Male,1,img_113.bmp,Obese
114,34.0789473684,Male,1,img_114.bmp,Obese
115,25.5592105263,Male,1,img_115.bmp,Overweight
116,39.1554054054,Male,1,img_116.bmp,Obese
117,28.2432432432,Male,1,img_117.bmp,Overweight
118,33.8112792969,Female,1,img_118.bmp,Obese
119,27.4609375,Female,1,img_119.bmp,Overweight
120,35.8009259259,Male,1,img_120.bmp,Obese
121,23.8672839506,Male,1,img_121.bmp,Normal
122,38.0082179931,Female,1,img_122.bmp,Obese
123,32.5350346021,Female,1,img_123.bmp,Obese
124,38.0082179931,Female,1,img_124.bmp,Obese
125,29.7984429066,Female,1,img_125.bmp,Overweight
126,36.6059171598,Female,1,img_126.bmp,Obese
127,29.6175147929,Female,1,img_127.bmp,Overweight
128,43.2315016862,Male,1,img_128.bmp,Severely Obese
129,32.074985122,Male,1,img_129.bmp,Obese
130,38.312283737,Female,1,img_130.bmp,Obese
131,26.9098183391,Female,1,img_131.bmp,Overweight
132,36.9587881488,Female,1,img_132.bmp,Obese
133,30.6945867677,Female,1,img_133.bmp,Obese
134,47.0565200617,Male,1,img_134.bmp,Severely Obese
135,37.2926311728,Male,1,img_135.bmp,Obese
136,42.0825456837,Male,1,img_136.bmp,Severely Obese
137,37.8004620878,Male,1,img_137.bmp,Obese
138,54.0287369125,Female,1,img_138.bmp,Severely Obese
139,46.5116952551,Female,1,img_139.bmp,Severely Obese
140,34.9675605536,Male,1,img_140.bmp,Obese
141,32.5350346021,Male,1,img_141.bmp,Obese
142,43.3293685121,Female,1,img_142.bmp,Severely Obese
143,24.3252595156,Female,1,img_143.bmp,Normal
144,31.6342169748,Female,1,img_144.bmp,Obese
145,26.936065939,Female,1,img_145.bmp,Overweight
146,37.597110152,Male,1,img_146.bmp,Obese
147,23.7455432539,Male,1,img_147.bmp,Normal
148,47.4633487654,Male,1,img_148.bmp,Severely Obese
149,31.8682484568,Male,1,img_149.bmp,Obese
150,29.5628858025,Male,1,img_150.bmp,Overweight
151,27.1219135802,Male,1,img_151.bmp,Overweight
152,38.2434362529,Male,1,img_152.bmp,Obese
153,27.0214240706,Male,1,img_153.bmp,Overweight
154,59.4894222222,Male,1,img_154.bmp,Severely Obese
155,34.4938666667,Male,1,img_155.bmp,Obese
156,37.7587890625,Female,1,img_156.bmp,Obese
157,25.7446289062,Female,1,img_157.bmp,Overweight
158,28.6456626759,Male,1,img_158.bmp,Overweight
159,25.2495274102,Male,1,img_159.bmp,Overweight
160,25.8218549128,Male,1,img_160.bmp,Overweight
161,19.3663911846,Male,1,img_161.bmp,Normal
162,34.4043268221,Male,1,img_162.bmp,Obese
163,28.0550304558,Male,1,img_163.bmp,Overweight
164,29.527027027,Male,1,img_164.bmp,Overweight
165,25.6756756757,Male,1,img_165.bmp,Overweight
166,36.4878892734,Male,1,img_166.bmp,Obese
167,25.8455882353,Male,1,img_167.bmp,Overweight
168,36.1263888889,Male,1,img_168.bmp,Obese
169,30.2680555556,Male,1,img_169.bmp,Obese
170,26.5784499055,Male,1,img_170.bmp,Overweight
171,25.1018693552,Male,1,img_171.bmp,Overweight
172,25.4990817264,Male,1,img_172.bmp,Overweight
173,22.9168962351,Male,1,img_173.bmp,Normal
174,33.1191111111,Male,1,img_174.bmp,Obese
175,28.7448888889,Male,1,img_175.bmp,Overweight
176,28.12,Male,1,img_176.bmp,Overweight
177,21.6211555556,Male,1,img_177.bmp,Normal
178,38.2434362529,Male,1,img_178.bmp,Obese
179,27.9073724008,Male,1,img_179.bmp,Overweight
180,34.4043268221,Male,1,img_180.bmp,Obese
181,25.9878176854,Male,1,img_181.bmp,Overweight
182,31.4209816158,Male,1,img_182.bmp,Obese
183,24.306797099,Male,1,img_183.bmp,Normal
184,29.5316110061,Male,1,img_184.bmp,Overweight
185,26.5784499055,Male,1,img_185.bmp,Overweight
186,25.1021622694,Male,1,img_186.bmp,Overweight
187,24.4048799841,Male,1,img_187.bmp,Normal
188,26.6228558699,Male,1,img_188.bmp,Overweight
189,24.273780352,Male,1,img_189.bmp,Normal
190,31.8941398866,Male,1,img_190.bmp,Obese
191,24.6588951901,Male,1,img_191.bmp,Normal
192,30.6804205515,Male,1,img_192.bmp,Obese
193,25.1021622694,Male,1,img_193.bmp,Overweight
194,29.8341049383,Male,1,img_194.bmp,Overweight
195,23.4604552469,Male,1,img_195.bmp,Normal
196,27.669982699,Male,1,img_196.bmp,Overweight
197,24.6293252595,Male,1,img_197.bmp,Normal
198,24.36357908,Male,1,img_198.bmp,Normal
199,23.6252888049,Male,1,img_199.bmp,Normal
200,31.0361842105,Male,1,img_200.bmp,Obese
201,26.1677631579,Male,1,img_201.bmp,Overweight
202,23.6724489796,Male,1,img_202.bmp,Normal
203,22.9551020408,Male,1,img_203.bmp,Normal
204,24.3252595156,Male,1,img_204.bmp,Normal
205,23.1089965398,Male,1,img_205.bmp,Normal
206,24.0211937716,Male,1,img_206.bmp,Normal
207,22.6528979239,Male,1,img_207.bmp,Normal
208,37.5051459777,Male,1,img_208.bmp,Obese
209,31.0081915564,Male,1,img_209.bmp,Obese
210,23.7455432539,Male,1,img_210.bmp,Normal
211,22.4263464065,Male,1,img_211.bmp,Normal
212,30.1285714286,Male,1,img_212.bmp,Obese
213,25.8244897959,Male,1,img_213.bmp,Overweight
214,28.1260813149,Male,1,img_214.bmp,Overweight
215,26.4537197232,Male,1,img_215.bmp,Overweight
216,26.1114285714,Male,1,img_216.bmp,Overweight
217,21.5204081633,Male,1,img_217.bmp,Normal
218,26.7577854671,Male,1,img_218.bmp,Overweight
219,21.4366349481,Male,1,img_219.bmp,Normal
220,35.8673469388,Male,1,img_220.bmp,Obese
221,31.2763265306,Male,1,img_221.bmp,Obese
222,28.2426538108,Female,1,img_222.bmp,Overweight
223,23.4010560147,Female,1,img_223.bmp,Normal
224,32.979921186,Male,1,img_224.bmp,Obese
225,24.4051416776,Male,1,img_225.bmp,Normal
226,34.6621621622,Male,1,img_226.bmp,Obese
227,23.75,Male,1,img_227.bmp,Normal
228,35.2584876543,Male,1,img_228.bmp,Obese
229,27.1219135802,Male,1,img_229.bmp,Overweight
230,27.8912914104,Male,1,img_230.bmp,Overweight
231,24.4048799841,Male,1,img_231.bmp,Normal
232,36.2586788336,Male,1,img_232.bmp,Obese
233,24.4048799841,Male,1,img_233.bmp,Normal
234,47.2014285714,Female,1,img_234.bmp,Severely Obese
235,25.8244897959,Female,1,img_235.bmp,Overweight
236,33.4955632716,Female,1,img_236.bmp,Obese
237,24.4097222222,Female,1,img_237.bmp,Normal
238,32.8870572511,Male,1,img_238.bmp,Obese
239,27.4058810425,Male,1,img_239.bmp,Overweight
240,36.1762234825,Male,1,img_240.bmp,Obese
241,28.7933207309,Male,1,img_241.bmp,Overweight
242,41.6238347191,Female,1,img_242.bmp,Severely Obese
243,35.7787855883,Female,1,img_243.bmp,Obese
244,44.3471533426,Male,1,img_244.bmp,Severely Obese
245,33.0511803214,Male,1,img_245.bmp,Obese
246,32.8870572511,Female,1,img_246.bmp,Obese
247,28.9719313878,Female,1,img_247.bmp,Overweight
248,31.1902006173,Male,1,img_248.bmp,Obese
249,25.0877700617,Male,1,img_249.bmp,Overweight
250,39.7673372781,Female,1,img_250.bmp,Obese
251,27.2880473373,Female,1,img_251.bmp,Overweight
252,43.3950617284,Male,1,img_252.bmp,Severely Obese
253,34.9872685185,Male,1,img_253.bmp,Obese
254,44.7511574074,Male,1,img_254.bmp,Severely Obese
255,38.6487268519,Male,1,img_255.bmp,Obese
256,42.0629552549,Male,1,img_256.bmp,Severely Obese
257,35.6620707596,Male,1,img_257.bmp,Obese
258,31.9269031142,Male,1,img_258.bmp,Obese
259,25.5415224913,Male,1,img_259.bmp,Overweight
260,37.1184,Male,1,img_260.bmp,Obese
261,32.9941333333,Male,1,img_261.bmp,Obese
262,35.7277249135,Male,1,img_262.bmp,Obese
263,27.9740484429,Male,1,img_263.bmp,Overweight
264,35.2584876543,Female,1,img_264.bmp,Obese
265,24.4097222222,Female,1,img_265.bmp,Normal
266,26.3096458008,Female,1,img_266.bmp,Overweight
267,19.5756293161,Female,1,img_267.bmp,Normal
268,35.4369387755,Male,1,img_268.bmp,Obese
269,24.3897959184,Male,1,img_269.bmp,Normal
270,35.4245401864,Female,1,img_270.bmp,Obese
271,26.5684051398,Female,1,img_271.bmp,Overweight
272,37.597110152,Male,1,img_272.bmp,Obese
273,26.5158566335,Male,1,img_273.bmp,Overweight
274,46.3700259516,Male,1,img_274.bmp,Severely Obese
275,30.2545415225,Male,1,img_275.bmp,Obese
276,34.3688888889,Male,1,img_276.bmp,Obese
277,30.9944888889,Male,1,img_277.bmp,Obese
278,33.7714392944,Male,1,img_278.bmp,Obese
279,30.4734471758,Male,1,img_279.bmp,Obese
280,48.8102833552,Male,1,img_280.bmp,Severely Obese
281,36.9375117283,Male,1,img_281.bmp,Obese
282,44.6240234375,Female,1,img_282.bmp,Severely Obese
283,32.953125,Female,1,img_283.bmp,Obese
284,34.2991180334,Male,1,img_284.bmp,Obese
285,26.1200975793,Male,1,img_285.bmp,Overweight
286,25.8401596303,Female,1,img_286.bmp,Overweight
287,17.7189666037,Female,1,img_287.bmp,Underweight
288,27.5624860771,Male,1,img_288.bmp,Overweight
289,24.1171753174,Male,1,img_289.bmp,Normal
290,35.6186666667,Male,1,img_290.bmp,Obese
291,29.3697777778,Male,1,img_291.bmp,Overweight
292,31.7960722079,Female,1,img_292.bmp,Obese
293,27.7518349534,Female,1,img_293.bmp,Overweight
294,32.0038580247,Male,1,img_294.bmp,Obese
295,23.7316743827,Male,1,img_295.bmp,Normal
296,40.7730263158,Male,1,img_296.bmp,Severely Obese
297,37.0,Male,1,img_297.bmp,Obese
298,40.0540540541,Male,1,img_298.bmp,Severely Obese
299,25.4189189189,Male,1,img_299.bmp,Overweight
300,36.8684444444,Male,1,img_300.bmp,Obese
301,31.1194666667,Male,1,img_301.bmp,Obese
302,37.072265625,Female,1,img_302.bmp,Obese
303,31.7517089844,Female,1,img_303.bmp,Obese
304,51.7125164196,Male,1,img_304.bmp,Severely Obese
305,35.4863951961,Male,1,img_305.bmp,Obese
306,33.9023919753,Male,1,img_306.bmp,Obese
307,28.4780092593,Male,1,img_307.bmp,Overweight
308,37.9928692062,Male,1,img_308.bmp,Obese
309,31.5288046538,Male,1,img_309.bmp,Obese
310,51.4892578125,Female,1,img_310.bmp,Severely Obese
311,38.6169433594,Female,1,img_311.bmp,Obese
312,27.3167401806,Male,1,img_312.bmp,Overweight
313,24.5112371351,Male,1,img_313.bmp,Normal
314,38.6169433594,Female,1,img_314.bmp,Obese
315,30.0354003906,Female,1,img_315.bmp,Obese
316,44.6756756757,Male,1,img_316.bmp,Severely Obese
317,26.7027027027,Male,1,img_317.bmp,Overweight
318,34.0553633218,Female,1,img_318.bmp,Obese
319,29.4943771626,Female,1,img_319.bmp,Overweight
320,32.7722674073,Male,1,img_320.bmp,Obese
321,27.8912914104,Male,1,img_321.bmp,Overweight
322,40.8243243243,Male,1,img_322.bmp,Severely Obese
323,36.972972973,Male,1,img_323.bmp,Obese
324,39.9337278107,Female,1,img_324.bmp,Obese
325,23.2946745562,Female,1,img_325.bmp,Normal
326,43.7422222222,Male,1,img_326.bmp,Severely Obese
327,33.744,Male,1,img_327.bmp,Obese
328,36.8716326531,Male,1,img_328.bmp,Obese
329,26.6853061224,Male,1,img_329.bmp,Overweight
330,43.8917793965,Female,1,img_330.bmp,Severely Obese
331,31.8215400624,Female,1,img_331.bmp,Obese
332,30.4065743945,Male,1,img_332.bmp,Obese
333,26.6057525952,Male,1,img_333.bmp,Overweight
334,36.9375117283,Male,1,img_334.bmp,Obese
335,23.8774629386,Male,1,img_335.bmp,Normal
336,42.0823794333,Male,1,img_336.bmp,Severely Obese
337,26.9116156877,Male,1,img_337.bmp,Overweight
338,26.6287878788,Female,1,img_338.bmp,Overweight
339,20.1733241506,Female,1,img_339.bmp,Normal
340,32.979921186,Male,1,img_340.bmp,Obese
341,25.7243385251,Male,1,img_341.bmp,Overweight
342,29.6424354866,Male,1,img_342.bmp,Overweight
343,23.7139483893,Male,1,img_343.bmp,Normal
344,31.7464818315,Male,1,img_344.bmp,Obese
345,25.1018693552,Male,1,img_345.bmp,Overweight
346,32.6098632812,Female,1,img_346.bmp,Obese
347,24.0283203125,Female,1,img_347.bmp,Normal
348,42.214299118,Male,1,img_348.bmp,Severely Obese
349,27.7031337962,Male,1,img_349.bmp,Overweight
350,43.8494096681,Female,1,img_350.bmp,Severely Obese
351,28.1889062152,Female,1,img_351.bmp,Overweight
352,30.1285714286,Male,1,img_352.bmp,Obese
353,23.6724489796,Male,1,img_353.bmp,Normal
354,37.5852082869,Male,1,img_354.bmp,Obese
355,27.4058810425,Male,1,img_355.bmp,Overweight
356,42.4924444444,Male,1,img_356.bmp,Severely Obese
357,32.4942222222,Male,1,img_357.bmp,Obese
358,47.2014285714,Female,1,img_358.bmp,Severely Obese
359,40.3148979592,Female,1,img_359.bmp,Severely Obese
360,33.1052631579,Male,1,img_360.bmp,Obese
361,25.4375,Male,1,img_361.bmp,Overweight
362,49.1701323251,Male,1,img_362.bmp,Severely Obese
363,35.5855912623,Male,1,img_363.bmp,Obese
364,42.564453125,Female,1,img_364.bmp,Severely Obese
365,35.0126953125,Female,1,img_365.bmp,Obese
366,37.1957671958,Female,1,img_366.bmp,Obese
367,26.037037037,Female,1,img_367.bmp,Overweight
368,36.7434666667,Male,1,img_368.bmp,Obese
369,27.1201777778,Male,1,img_369.bmp,Overweight
370,46.1168,Male,1,img_370.bmp,Severely Obese
371,41.4926222222,Male,1,img_371.bmp,Severely Obese
372,37.6532434041,Male,1,img_372.bmp,Obese
373,35.5613965483,Male,1,img_373.bmp,Obese
374,41.1757142857,Male,1,img_374.bmp,Severely Obese
375,33.2848979592,Male,1,img_375.bmp,Obese
376,40.1644736842,Male,1,img_376.bmp,Severely Obese
377,37.3651315789,Male,1,img_377.bmp,Obese
378,38.4053069719,Female,1,img_378.bmp,Obese
379,27.0665972945,Female,1,img_379.bmp,Overweight
380,45.1891891892,Male,1,img_380.bmp,Severely Obese
381,38.1283783784,Male,1,img_381.bmp,Obese
382,52.7554065744,Female,1,img_382.bmp,Severely Obese
383,39.5285467128,Female,1,img_383.bmp,Obese
384,28.693877551,Male,1,img_384.bmp,Overweight
385,22.8488284203,Male,1,img_385.bmp,Normal
386,39.3267746914,Male,1,img_386.bmp,Obese
387,33.2243441358,Male,1,img_387.bmp,Obese
388,29.598351526,Male,1,img_388.bmp,Overweight
389,25.9964357318,Male,1,img_389.bmp,Overweight
390,45.8360339506,Male,1,img_390.bmp,Severely Obese
391,33.7667824074,Male,1,img_391.bmp,Obese
392,30.6634527089,Female,1,img_392.bmp,Obese
393,26.6287878788,Female,1,img_393.bmp,Overweight
394,37.9258494031,Female,1,img_394.bmp,Obese
395,30.6634527089,Female,1,img_395.bmp,Obese
396,34.4531075963,Male,1,img_396.bmp,Obese
397,26.6228558699,Male,1,img_397.bmp,Overweight
398,39.5759054232,Male,1,img_398.bmp,Obese
399,33.6395196097,Male,1,img_399.bmp,Obese
400,43.8494096681,Female,1,img_400.bmp,Severely Obese
401,39.9342838049,Female,1,img_401.bmp,Obese
402,38.0193877551,Male,1,img_402.bmp,Obese
403,25.8244897959,Male,1,img_403.bmp,Overweight
404,30.0354003906,Female,1,img_404.bmp,Obese
405,24.8864746094,Female,1,img_405.bmp,Normal
406,28.7933207309,Male,1,img_406.bmp,Overweight
407,22.8869985297,Male,1,img_407.bmp,Normal
408,44.6976643599,Male,1,img_408.bmp,Severely Obese
409,25.8455882353,Male,1,img_409.bmp,Overweight
410,40.1644736842,Male,1,img_410.bmp,Severely Obese
411,36.3914473684,Male,1,img_411.bmp,Obese
412,24.6891259105,Female,1,img_412.bmp,Normal
413,21.0314776275,Female,1,img_413.bmp,Normal
414,55.9079973268,Female,1,img_414.bmp,Severely Obese
415,32.4172421475,Female,1,img_415.bmp,Obese
416,44.3320408163,Male,1,img_416.bmp,Severely Obese
417,36.4412244898,Male,1,img_417.bmp,Obese
418,47.1381153932,Female,1,img_418.bmp,Severely Obese
419,40.873914012,Female,1,img_419.bmp,Severely Obese
420,28.5885736957,Male,1,img_420.bmp,Overweight
421,24.4048799841,Male,1,img_421.bmp,Normal
422,37.9304199219,Female,1,img_422.bmp,Obese
423,19.9091796875,Female,1,img_423.bmp,Normal
424,38.0953947368,Male,1,img_424.bmp,Obese
425,27.9934210526,Male,1,img_425.bmp,Overweight
426,28.9519526627,Male,1,img_426.bmp,Overweight
427,25.7905325444,Male,1,img_427.bmp,Overweight
428,33.961352657,Male,1,img_428.bmp,Obese
429,26.5784499055,Male,1,img_429.bmp,Overweight
430,29.2611862643,Female,1,img_430.bmp,Overweight
431,25.237773153,Female,1,img_431.bmp,Overweight
432,44.7040863177,Female,1,img_432.bmp,Severely Obese
433,37.6030762167,Female,1,img_433.bmp,Obese
434,61.7023533951,Male,1,img_434.bmp,Severely Obese
435,35.665316358,Male,1,img_435.bmp,Obese
436,34.109010712,Male,1,img_436.bmp,Obese
437,30.1222432262,Male,1,img_437.bmp,Obese
438,31.0011259148,Male,1,img_438.bmp,Obese
439,27.835053481,Male,1,img_439.bmp,Overweight
440,54.8714416896,Female,1,img_440.bmp,Severely Obese
441,32.277318641,Female,1,img_441.bmp,Obese
442,35.9892102847,Female,1,img_442.bmp,Obese
443,20.9802571166,Female,1,img_443.bmp,Normal
444,50.1708477509,Female,1,img_444.bmp,Severely Obese
445,25.8455882353,Female,1,img_445.bmp,Overweight
446,35.2960526316,Male,1,img_446.bmp,Obese
447,25.5592105263,Male,1,img_447.bmp,Overweight
448,33.7153061224,Male,1,img_448.bmp,Obese
449,30.8459183673,Male,1,img_449.bmp,Obese
450,32.2309688581,Male,1,img_450.bmp,Obese
451,24.7813581315,Male,1,img_451.bmp,Normal
452,36.4878892734,Female,1,img_452.bmp,Obese
453,30.4065743945,Female,1,img_453.bmp,Obese
454,30.6634527089,Male,1,img_454.bmp,Obese
455,24.2079889807,Male,1,img_455.bmp,Normal
456,29.0495867769,Female,1,img_456.bmp,Overweight
457,28.2426538108,Female,1,img_457.bmp,Overweight
458,32.277318641,Female,1,img_458.bmp,Obese
459,25.1763085399,Female,1,img_459.bmp,Overweight
460,38.4899821464,Male,1,img_460.bmp,Obese
461,35.2824836342,Male,1,img_461.bmp,Obese
462,27.4058810425,Female,1,img_462.bmp,Overweight
463,25.3700155937,Female,1,img_463.bmp,Overweight
464,26.9552662722,Female,1,img_464.bmp,Overweight
465,23.6274556213,Female,1,img_465.bmp,Normal
466,36.2586788336,Male,1,img_466.bmp,Obese
467,22.3130331283,Male,1,img_467.bmp,Normal
468,37.2926311728,Male,1,img_468.bmp,Obese
469,25.0877700617,Male,1,img_469.bmp,Overweight
470,40.4116512346,Male,1,img_470.bmp,Severely Obese
471,26.5794753086,Male,1,img_471.bmp,Overweight
472,42.4924444444,Male,1,img_472.bmp,Severely Obese
473,29.9946666667,Male,1,img_473.bmp,Overweight
474,38.3063265306,Male,1,img_474.bmp,Obese
475,34.1457142857,Male,1,img_475.bmp,Obese
476,25.4924945185,Male,1,img_476.bmp,Overweight
477,23.1210996795,Male,1,img_477.bmp,Normal
478,33.3599537037,Male,1,img_478.bmp,Obese
479,27.2575231481,Male,1,img_479.bmp,Overweight
480,35.9797659195,Male,1,img_480.bmp,Obese
481,26.775639754,Male,1,img_481.bmp,Overweight
482,51.6911764706,Male,1,img_482.bmp,Severely Obese
483,33.4472318339,Male,1,img_483.bmp,Obese
484,32.4933544932,Male,1,img_484.bmp,Obese
485,21.476294386,Male,1,img_485.bmp,Normal
486,37.7855415211,Female,1,img_486.bmp,Obese
487,24.5606019887,Female,1,img_487.bmp,Normal
488,29.6747919144,Female,1,img_488.bmp,Overweight
489,22.7785374554,Female,1,img_489.bmp,Normal
490,36.7434666667,Male,1,img_490.bmp,Obese
491,26.2453333333,Male,1,img_491.bmp,Overweight
492,34.4043268221,Male,1,img_492.bmp,Obese
493,28.940978786,Male,1,img_493.bmp,Overweight
494,38.9473684211,Male,1,img_494.bmp,Obese
495,27.9934210526,Male,1,img_495.bmp,Overweight
496,33.7153061224,Male,1,img_496.bmp,Obese
497,29.9851020408,Male,1,img_497.bmp,Overweight
498,50.9891975309,Male,1,img_498.bmp,Severely Obese
499,37.2926311728,Male,1,img_499.bmp,Obese
500,28.0550304558,Male,1,img_500.bmp,Overweight
501,23.6252888049,Male,1,img_501.bmp,Normal
502,38.0716127752,Male,1,img_502.bmp,Obese
503,26.4967268399,Male,1,img_503.bmp,Overweight
504,44.089532872,Male,1,img_504.bmp,Severely Obese
505,31.1667387543,Male,1,img_505.bmp,Obese
506,44.0731095679,Male,1,img_506.bmp,Severely Obese
507,27.7999614198,Male,1,img_507.bmp,Overweight
508,38.8380485632,Female,1,img_508.bmp,Obese
509,24.4303853865,Female,1,img_509.bmp,Normal
510,29.5316110061,Male,1,img_510.bmp,Overweight
511,25.8401596303,Male,1,img_511.bmp,Overweight
512,32.1394675926,Male,1,img_512.bmp,Obese
513,23.7316743827,Male,1,img_513.bmp,Normal
514,24.36357908,Male,1,img_514.bmp,Normal
515,22.8869985297,Male,1,img_515.bmp,Normal
516,29.950295858,Male,1,img_516.bmp,Overweight
517,21.6307692308,Male,1,img_517.bmp,Normal
518,37.5852082869,Male,1,img_518.bmp,Obese
519,25.0568055246,Male,1,img_519.bmp,Overweight
520,34.4531075963,Male,1,img_520.bmp,Obese
521,24.4303853865,Male,1,img_521.bmp,Normal
522,39.8326124567,Male,1,img_522.bmp,Obese
523,31.6228373702,Male,1,img_523.bmp,Obese
524,35.8673469388,Male,1,img_524.bmp,Obese
525,24.3897959184,Male,1,img_525.bmp,Normal
526,32.979921186,Male,1,img_526.bmp,Obese
527,26.3839369488,Male,1,img_527.bmp,Overweight
528,32.9448223734,Female,1,img_528.bmp,Obese
529,27.6311413454,Female,1,img_529.bmp,Overweight
530,36.6059171598,Female,1,img_530.bmp,Obese
531,31.4478106509,Female,1,img_531.bmp,Obese
532,38.4899821464,Male,1,img_532.bmp,Obese
533,34.1668319778,Male,1,img_533.bmp,Obese
534,36.7723076923,Female,1,img_534.bmp,Obese
535,30.1166863905,Female,1,img_535.bmp,Obese
536,44.7040863177,Female,1,img_536.bmp,Severely Obese
537,36.4733700643,Female,1,img_537.bmp,Obese
538,42.9525887721,Female,1,img_538.bmp,Severely Obese
539,39.6056338028,Female,1,img_539.bmp,Obese
540,39.4540816327,Male,1,img_540.bmp,Obese
541,25.8244897959,Male,1,img_541.bmp,Overweight
542,30.1689189189,Male,1,img_542.bmp,Obese
543,24.3918918919,Male,1,img_543.bmp,Normal
544,57.387755102,Male,1,img_544.bmp,Severely Obese
545,53.0836734694,Male,1,img_545.bmp,Severely Obese
546,38.3682334596,Male,1,img_546.bmp,Obese
547,27.4058810425,Male,1,img_547.bmp,Overweight
548,31.2814201183,Female,1,img_548.bmp,Obese
549,22.1299408284,Female,1,img_549.bmp,Normal
550,39.7972972973,Male,1,img_550.bmp,Obese
551,35.9459459459,Male,1,img_551.bmp,Obese
552,37.2348740329,Male,1,img_552.bmp,Obese
553,29.285855981,Male,1,img_553.bmp,Overweight
554,51.5810650888,Female,1,img_554.bmp,Severely Obese
555,31.6142011834,Female,1,img_555.bmp,Obese
556,37.4933333333,Male,1,img_556.bmp,Obese
557,28.7448888889,Male,1,img_557.bmp,Overweight
558,24.6200554296,Female,1,img_558.bmp,Normal
559,22.1403376165,Female,1,img_559.bmp,Normal
560,40.3466483012,Female,1,img_560.bmp,Severely Obese
561,33.891184573,Female,1,img_561.bmp,Obese
562,34.6948770876,Male,1,img_562.bmp,Obese
563,27.0435353725,Male,1,img_563.bmp,Overweight
564,32.8618421053,Male,1,img_564.bmp,Obese
565,30.3059210526,Male,1,img_565.bmp,Obese
566,34.9675605536,Female,1,img_566.bmp,Obese
567,25.0854238754,Female,1,img_567.bmp,Overweight
568,24.6767346939,Male,1,img_568.bmp,Normal
569,20.8030612245,Male,1,img_569.bmp,Normal
570,32.7676996725,Female,1,img_570.bmp,Obese
571,28.3396321492,Female,1,img_571.bmp,Overweight
572,28.1889062152,Male,1,img_572.bmp,Overweight
573,27.5624860771,Male,1,img_573.bmp,Overweight
574,30.2680555556,Female,1,img_574.bmp,Obese
575,20.8947222222,Female,1,img_575.bmp,Normal
576,29.7549565605,Female,1,img_576.bmp,Overweight
577,22.7077300067,Female,1,img_577.bmp,Normal
578,29.2851414569,Male,1,img_578.bmp,Overweight
579,23.4907551793,Male,1,img_579.bmp,Normal
580,41.8090397924,Female,1,img_580.bmp,Severely Obese
581,31.7748702422,Female,1,img_581.bmp,Obese
582,41.5547006943,Male,1,img_582.bmp,Severely Obese
583,34.2991180334,Male,1,img_583.bmp,Obese
584,25.6827916352,Female,1,img_584.bmp,Overweight
585,22.1403376165,Female,1,img_585.bmp,Normal
586,29.7549565605,Male,1,img_586.bmp,Overweight
587,25.0568055246,Male,1,img_587.bmp,Overweight
588,30.1792929293,Female,1,img_588.bmp,Obese
589,25.983241506,Female,1,img_589.bmp,Overweight
590,35.3687111111,Male,1,img_590.bmp,Obese
591,24.1207111111,Male,1,img_591.bmp,Normal
592,36.8445945946,Male,1,img_592.bmp,Obese
593,33.6351351351,Male,1,img_593.bmp,Obese
594,42.214299118,Male,1,img_594.bmp,Severely Obese
595,26.1200975793,Male,1,img_595.bmp,Overweight
596,38.4899821464,Male,1,img_596.bmp,Obese
597,32.2144415791,Male,1,img_597.bmp,Obese
598,32.4847721067,Male,1,img_598.bmp,Obese
599,27.3167401806,Male,1,img_599.bmp,Overweight
600,35.1843261719,Female,1,img_600.bmp,Obese
601,26.2595214844,Female,1,img_601.bmp,Overweight
602,30.1285714286,Male,1,img_602.bmp,Obese
603,26.5418367347,Male,1,img_603.bmp,Overweight
604,31.7517089844,Male,1,img_604.bmp,Obese
605,25.5729980469,Male,1,img_605.bmp,Overweight
606,40.3466483012,Female,1,img_606.bmp,Severely Obese
607,30.6634527089,Female,1,img_607.bmp,Obese
608,30.3415274911,Male,1,img_608.bmp,Obese
609,25.0647401013,Male,1,img_609.bmp,Overweight
610,26.1891891892,Male,1,img_610.bmp,Overweight
611,21.6959459459,Male,1,img_611.bmp,Normal
612,40.2341311134,Male,1,img_612.bmp,Severely Obese
613,32.9188345473,Male,1,img_613.bmp,Obese
614,33.2781065089,Female,1,img_614.bmp,Obese
615,25.9569230769,Female,1,img_615.bmp,Overweight
616,48.860770773,Female,1,img_616.bmp,Severely Obese
617,35.3927378035,Female,1,img_617.bmp,Obese
618,32.074985122,Male,1,img_618.bmp,Obese
619,27.8912914104,Male,1,img_619.bmp,Overweight
620,68.2029024456,Female,1,img_620.bmp,Severely Obese
621,36.6519752755,Female,1,img_621.bmp,Obese
622,31.5632653061,Male,1,img_622.bmp,Obese
623,22.237755102,Male,1,img_623.bmp,Normal
624,29.6464100346,Male,1,img_624.bmp,Overweight
625,24.7813581315,Male,1,img_625.bmp,Normal
626,49.378251821,Female,1,img_626.bmp,Severely Obese
627,22.3116545265,Female,1,img_627.bmp,Normal
628,39.8326124567,Male,1,img_628.bmp,Obese
629,29.9504757785,Male,1,img_629.bmp,Overweight
630,35.773964497,Female,1,img_630.bmp,Obese
631,31.6142011834,Female,1,img_631.bmp,Obese
632,29.7566137566,Female,1,img_632.bmp,Overweight
633,23.9115646259,Female,1,img_633.bmp,Normal
634,39.5559210526,Male,1,img_634.bmp,Obese
635,29.2105263158,Male,1,img_635.bmp,Overweight
636,32.074985122,Male,1,img_636.bmp,Obese
637,27.8912914104,Male,1,img_637.bmp,Overweight
638,41.722972973,Male,1,img_638.bmp,Severely Obese
639,26.3175675676,Male,1,img_639.bmp,Overweight
640,24.3252595156,Female,1,img_640.bmp,Normal
641,21.740700692,Female,1,img_641.bmp,Normal
642,34.2764497041,Female,1,img_642.bmp,Obese
643,28.2863905325,Female,1,img_643.bmp,Overweight
644,32.3125538638,Female,1,img_644.bmp,Obese
645,24.2344153979,Female,1,img_645.bmp,Normal
646,43.8494096681,Female,1,img_646.bmp,Severely Obese
647,36.8021831143,Female,1,img_647.bmp,Obese
648,41.7365491651,Male,1,img_648.bmp,Severely Obese
649,29.6424354866,Male,1,img_649.bmp,Overweight
650,35.9936,Male,1,img_650.bmp,Obese
651,27.4951111111,Male,1,img_651.bmp,Overweight
652,47.4633487654,Male,1,img_652.bmp,Severely Obese
653,39.3267746914,Male,1,img_653.bmp,Obese
654,30.240933642,Male,1,img_654.bmp,Obese
655,24.8165509259,Male,1,img_655.bmp,Normal
656,56.5269387755,Male,1,img_656.bmp,Severely Obese
657,38.3063265306,Male,1,img_657.bmp,Obese
658,48.5773645546,Female,1,img_658.bmp,Severely Obese
659,36.4733700643,Female,1,img_659.bmp,Obese
660,47.5876923077,Female,1,img_660.bmp,Severely Obese
661,29.2847337278,Female,1,img_661.bmp,Overweight
662,32.4134542706,Female,1,img_662.bmp,Obese
663,24.6200554296,Female,1,img_663.bmp,Normal
664,33.891184573,Female,1,img_664.bmp,Obese
665,28.2426538108,Female,1,img_665.bmp,Overweight
666,26.7763157895,Male,1,img_666.bmp,Overweight
667,21.9078947368,Male,1,img_667.bmp,Normal
668,35.6183148808,Male,1,img_668.bmp,Obese
669,22.0305873522,Male,1,img_669.bmp,Normal
670,40.6694214876,Male,1,img_670.bmp,Severely Obese
671,33.084251607,Male,1,img_671.bmp,Obese
672,40.3466483012,Female,1,img_672.bmp,Severely Obese
673,25.4990817264,Female,1,img_673.bmp,Overweight
674,38.211628425,Male,1,img_674.bmp,Obese
675,28.8153263533,Male,1,img_675.bmp,Overweight
676,45.462804999,Male,1,img_676.bmp,Severely Obese
677,36.2586788336,Male,1,img_677.bmp,Obese
678,46.1565656566,Male,1,img_678.bmp,Severely Obese
679,29.5337465565,Male,1,img_679.bmp,Overweight
680,39.5285467128,Male,1,img_680.bmp,Obese
681,27.365916955,Male,1,img_681.bmp,Overweight
682,31.0900104058,Female,1,img_682.bmp,Obese
683,26.517950052,Female,1,img_683.bmp,Overweight
684,38.3505256893,Male,1,img_684.bmp,Obese
685,23.7075976989,Male,1,img_685.bmp,Normal
686,32.3537146614,Male,1,img_686.bmp,Obese
687,27.7317554241,Male,1,img_687.bmp,Overweight
688,60.5199724518,Male,1,img_688.bmp,Severely Obese
689,38.7327823691,Male,1,img_689.bmp,Obese
690,61.5644970414,Female,1,img_690.bmp,Severely Obese
691,46.5893491124,Female,1,img_691.bmp,Severely Obese
692,43.8494096681,Male,1,img_692.bmp,Severely Obese
693,23.4907551793,Male,1,img_693.bmp,Normal
694,30.1792929293,Female,1,img_694.bmp,Obese
695,24.6921487603,Female,1,img_695.bmp,Normal
696,33.610887574,Female,1,img_696.bmp,Obese
697,26.289704142,Female,1,img_697.bmp,Overweight
698,38.0082179931,Male,1,img_698.bmp,Obese
699,28.8862456747,Male,1,img_699.bmp,Overweight
700,38.7431111111,Male,1,img_700.bmp,Obese
701,34.9937777778,Male,1,img_701.bmp,Obese
702,38.5135135135,Male,1,img_702.bmp,Obese
703,25.0337837838,Male,1,img_703.bmp,Overweight
704,42.564453125,Female,1,img_704.bmp,Severely Obese
705,32.6098632812,Female,1,img_705.bmp,Obese
706,39.3267746914,Male,1,img_706.bmp,Obese
707,30.5121527778,Male,1,img_707.bmp,Obese
708,33.610887574,Female,1,img_708.bmp,Obese
709,26.289704142,Female,1,img_709.bmp,Overweight
710,34.2991180334,Male,1,img_710.bmp,Obese
711,25.7243385251,Male,1,img_711.bmp,Overweight
712,48.5475607039,Female,1,img_712.bmp,Severely Obese
713,21.924704834,Female,1,img_713.bmp,Normal
714,37.9321563182,Male,1,img_714.bmp,Obese
715,29.285855981,Male,1,img_715.bmp,Overweight
716,47.8903546713,Male,1,img_716.bmp,Severely Obese
717,31.9269031142,Male,1,img_717.bmp,Obese
718,33.7153061224,Male,1,img_718.bmp,Obese
719,23.6724489796,Male,1,img_719.bmp,Normal
720,32.9979591837,Male,1,img_720.bmp,Obese
721,28.693877551,Male,1,img_721.bmp,Overweight
722,38.2567085757,Male,1,img_722.bmp,Obese
723,27.9669731657,Male,1,img_723.bmp,Overweight
724,33.2230623819,Female,1,img_724.bmp,Obese
725,25.8401596303,Female,1,img_725.bmp,Overweight
726,22.629112426,Female,1,img_726.bmp,Normal
727,19.9668639053,Female,1,img_727.bmp,Normal
728,32.839100346,Female,1,img_728.bmp,Obese
729,23.7171280277,Female,1,img_729.bmp,Normal
730,38.7885742188,Female,1,img_730.bmp,Obese
731,35.3559570312,Female,1,img_731.bmp,Obese
732,30.6945867677,Female,1,img_732.bmp,Obese
733,26.6228558699,Female,1,img_733.bmp,Overweight
734,40.6694214876,Male,1,img_734.bmp,Severely Obese
735,31.1476124885,Male,1,img_735.bmp,Obese
736,35.2584876543,Male,1,img_736.bmp,Obese
737,24.4097222222,Male,1,img_737.bmp,Normal
738,43.5743801653,Female,1,img_738.bmp,Severely Obese
739,29.0495867769,Female,1,img_739.bmp,Overweight
740,49.6131064902,Male,1,img_740.bmp,Severely Obese
741,32.1894559966,Male,1,img_741.bmp,Obese
742,44.3813131313,Female,1,img_742.bmp,Severely Obese
743,33.891184573,Female,1,img_743.bmp,Obese
744,34.0789473684,Male,1,img_744.bmp,Obese
745,23.0032894737,Male,1,img_745.bmp,Normal
746,37.7290298367,Male,1,img_746.bmp,Obese
747,26.5158566335,Male,1,img_747.bmp,Overweight
748,32.3203227622,Male,1,img_748.bmp,Obese
749,22.6901857759,Male,1,img_749.bmp,Normal
750,37.6528040328,Male,1,img_750.bmp,Obese
751,23.9206049149,Male,1,img_751.bmp,Normal
752,39.5285467128,Male,1,img_752.bmp,Obese
753,31.9269031142,Male,1,img_753.bmp,Obese
754,37.072265625,Female,1,img_754.bmp,Obese
755,33.2963867188,Female,1,img_755.bmp,Obese
756,44.7040863177,Female,1,img_756.bmp,Severely Obese
757,32.7614784206,Female,1,img_757.bmp,Obese
758,39.4858908895,Female,1,img_758.bmp,Obese
759,30.2284332169,Female,1,img_759.bmp,Obese
760,31.1476124885,Female,1,img_760.bmp,Obese
761,25.1763085399,Female,1,img_761.bmp,Overweight
762,36.0191579416,Male,1,img_762.bmp,Obese
763,27.5624860771,Male,1,img_763.bmp,Overweight
764,29.4112244898,Male,1,img_764.bmp,Overweight
765,25.8244897959,Male,1,img_765.bmp,Overweight
766,52.4186095358,Female,1,img_766.bmp,Severely Obese
767,45.7739970594,Female,1,img_767.bmp,Severely Obese
768,43.0663844954,Female,1,img_768.bmp,Severely Obese
769,40.2474938739,Female,1,img_769.bmp,Severely Obese
770,43.5743801653,Female,1,img_770.bmp,Severely Obese
771,27.4357208448,Female,1,img_771.bmp,Overweight
772,41.19140625,Female,1,img_772.bmp,Severely Obese
773,27.4609375,Female,1,img_773.bmp,Overweight
774,31.1150295858,Female,1,img_774.bmp,Obese
775,23.2946745562,Female,1,img_775.bmp,Normal
776,21.663877551,Male,1,img_776.bmp,Normal
777,18.6510204082,Male,1,img_777.bmp,Normal
778,33.6700824237,Female,1,img_778.bmp,Obese
779,25.0568055246,Female,1,img_779.bmp,Overweight
780,29.088636841,Female,1,img_780.bmp,Overweight
781,21.7057340895,Female,1,img_781.bmp,Normal
782,47.4633487654,Male,1,img_782.bmp,Severely Obese
783,40.8184799383,Male,1,img_783.bmp,Severely Obese
784,33.9023919753,Male,1,img_784.bmp,Obese
785,23.0536265432,Male,1,img_785.bmp,Normal
786,24.6891259105,Female,1,img_786.bmp,Normal
787,20.1170655567,Female,1,img_787.bmp,Normal
788,40.2887110727,Female,1,img_788.bmp,Severely Obese
789,27.365916955,Female,1,img_789.bmp,Overweight
790,36.7501929012,Male,1,img_790.bmp,Obese
791,30.9189814815,Male,1,img_791.bmp,Obese
792,42.5342194009,Male,1,img_792.bmp,Severely Obese
793,27.1940091252,Male,1,img_793.bmp,Overweight
794,34.4326530612,Male,1,img_794.bmp,Obese
795,25.8244897959,Male,1,img_795.bmp,Overweight
796,40.6828703704,Male,1,img_796.bmp,Severely Obese
797,29.8341049383,Male,1,img_797.bmp,Overweight
798,27.6895918367,Male,1,img_798.bmp,Overweight
799,24.1028571429,Male,1,img_799.bmp,Normal
800,40.6828703704,Male,1,img_800.bmp,Severely Obese
801,21.6975308642,Male,1,img_801.bmp,Normal
802,29.5316110061,Male,1,img_802.bmp,Overweight
803,21.4104179794,Male,1,img_803.bmp,Normal
804,26.7763157895,Male,1,img_804.bmp,Overweight
805,23.125,Male,1,img_805.bmp,Normal
806,41.5547006943,Male,1,img_806.bmp,Severely Obese
807,32.979921186,Male,1,img_807.bmp,Obese
808,42.4924444444,Male,1,img_808.bmp,Severely Obese
809,29.3697777778,Male,1,img_809.bmp,Overweight
810,45.5743243243,Male,1,img_810.bmp,Severely Obese
811,25.6756756757,Male,1,img_811.bmp,Overweight
812,36.6145833333,Female,1,img_812.bmp,Obese
813,25.7658179012,Female,1,img_813.bmp,Overweight
814,36.3119834711,Male,1,img_814.bmp,Obese
815,26.6287878788,Male,1,img_815.bmp,Overweight
816,27.4609375,Female,1,img_816.bmp,Overweight
817,24.0283203125,Female,1,img_817.bmp,Normal
818,37.9423174228,Male,1,img_818.bmp,Obese
819,24.8996458087,Male,1,img_819.bmp,Normal
820,32.8734211234,Female,1,img_820.bmp,Obese
821,29.0948669712,Female,1,img_821.bmp,Overweight
822,25.3971854652,Male,1,img_822.bmp,Overweight
823,22.1487082546,Male,1,img_823.bmp,Normal
824,29.6175147929,Male,1,img_824.bmp,Overweight
825,26.4560946746,Male,1,img_825.bmp,Overweight
826,44.9890738814,Female,1,img_826.bmp,Severely Obese
827,35.8449531738,Female,1,img_827.bmp,Obese
828,38.3910943079,Male,1,img_828.bmp,Obese
829,25.8401596303,Male,1,img_829.bmp,Overweight
830,27.4357208448,Female,1,img_830.bmp,Overweight
831,24.2079889807,Female,1,img_831.bmp,Normal
832,33.6700824237,Female,1,img_832.bmp,Obese
833,29.7549565605,Female,1,img_833.bmp,Overweight
834,40.1714285714,Male,1,img_834.bmp,Severely Obese
835,35.15,Male,1,img_835.bmp,Obese
836,54.7697368421,Male,1,img_836.bmp,Severely Obese
837,30.4276315789,Male,1,img_837.bmp,Obese
838,35.5804081633,Female,1,img_838.bmp,Obese
839,29.4112244898,Female,1,img_839.bmp,Overweight
840,38.2418981481,Male,1,img_840.bmp,Obese
841,26.9863040123,Male,1,img_841.bmp,Overweight
842,22.6713249127,Female,1,img_842.bmp,Normal
843,20.9709755442,Female,1,img_843.bmp,Normal
844,44.7040863177,Female,1,img_844.bmp,Severely Obese
845,31.7931588613,Female,1,img_845.bmp,Obese
846,31.0011259148,Male,1,img_846.bmp,Obese
847,27.0435353725,Male,1,img_847.bmp,Overweight
848,39.7450902599,Male,1,img_848.bmp,Obese
849,33.4695496925,Male,1,img_849.bmp,Obese
850,27.0926709735,Female,1,img_850.bmp,Overweight
851,20.8284695923,Female,1,img_851.bmp,Normal
852,35.6183148808,Male,1,img_852.bmp,Obese
853,26.3839369488,Male,1,img_853.bmp,Overweight
854,34.1671983487,Male,1,img_854.bmp,Obese
855,26.1200975793,Male,1,img_855.bmp,Overweight
856,50.853587963,Male,1,img_856.bmp,Severely Obese
857,34.5804398148,Male,1,img_857.bmp,Obese
858,27.4609375,Female,1,img_858.bmp,Overweight
859,21.4538574219,Female,1,img_859.bmp,Normal
860,35.9459459459,Male,1,img_860.bmp,Obese
861,28.2432432432,Male,1,img_861.bmp,Overweight
862,29.3723599633,Female,1,img_862.bmp,Overweight
863,25.8218549128,Female,1,img_863.bmp,Overweight
864,42.5342194009,Male,1,img_864.bmp,Severely Obese
865,32.074985122,Male,1,img_865.bmp,Obese
866,33.4955632716,Male,1,img_866.bmp,Obese
867,28.7492283951,Male,1,img_867.bmp,Overweight
868,44.7040863177,Female,1,img_868.bmp,Severely Obese
869,31.4703856749,Female,1,img_869.bmp,Obese
870,39.5285467128,Male,1,img_870.bmp,Obese
871,28.1260813149,Male,1,img_871.bmp,Overweight
872,35.8673469388,Male,1,img_872.bmp,Obese
873,27.9765306122,Male,1,img_873.bmp,Overweight
874,30.4651045603,Female,1,img_874.bmp,Obese
875,24.4429327286,Female,1,img_875.bmp,Normal
876,37.072265625,Female,1,img_876.bmp,Obese
877,31.7517089844,Female,1,img_877.bmp,Obese
878,41.5976331361,Male,1,img_878.bmp,Severely Obese
879,23.2946745562,Male,1,img_879.bmp,Normal
880,34.2073961938,Male,1,img_880.bmp,Obese
881,30.7106401384,Male,1,img_881.bmp,Obese
882,31.8693333333,Male,1,img_882.bmp,Obese
883,25.6204444444,Male,1,img_883.bmp,Overweight
884,50.0298438935,Female,1,img_884.bmp,Severely Obese
885,22.5941230487,Female,1,img_885.bmp,Normal
886,28.5885736957,Male,1,img_886.bmp,Overweight
887,22.3130331283,Male,1,img_887.bmp,Normal
888,34.9229226999,Female,1,img_888.bmp,Obese
889,23.9605702829,Female,1,img_889.bmp,Normal
890,33.9023919753,Male,1,img_890.bmp,Obese
891,25.7658179012,Male,1,img_891.bmp,Overweight
892,38.0082179931,Female,1,img_892.bmp,Obese
893,27.365916955,Female,1,img_893.bmp,Overweight
894,39.4540816327,Female,1,img_894.bmp,Obese
895,35.15,Female,1,img_895.bmp,Obese
896,42.5965693918,Female,1,img_896.bmp,Severely Obese
897,38.8380485632,Female,1,img_897.bmp,Obese
898,25.4990817264,Female,1,img_898.bmp,Overweight
899,21.4644168962,Female,1,img_899.bmp,Normal
900,40.9012812434,Male,1,img_900.bmp,Severely Obese
901,31.3035076665,Male,1,img_901.bmp,Obese
902,40.2665088757,Female,1,img_902.bmp,Severely Obese
903,32.9453254438,Female,1,img_903.bmp,Obese
904,35.5275878906,Female,1,img_904.bmp,Obese
905,24.0283203125,Female,1,img_905.bmp,Normal
906,28.12,Female,1,img_906.bmp,Overweight
907,22.4569444444,Female,1,img_907.bmp,Normal
908,34.1668319778,Male,1,img_908.bmp,Obese
909,24.4048799841,Male,1,img_909.bmp,Normal
910,51.3655832703,Female,1,img_910.bmp,Severely Obese
911,40.5610985135,Female,1,img_911.bmp,Severely Obese
912,43.536199599,Male,1,img_912.bmp,Severely Obese
913,34.7663176654,Male,1,img_913.bmp,Obese
914,31.0651855469,Female,1,img_914.bmp,Obese
915,27.4609375,Female,1,img_915.bmp,Overweight
916,32.5462962963,Male,1,img_916.bmp,Obese
917,23.0536265432,Male,1,img_917.bmp,Normal
918,32.687067474,Male,1,img_918.bmp,Obese
919,26.6057525952,Male,1,img_919.bmp,Overweight
920,39.0478079746,Male,1,img_920.bmp,Obese
921,24.4048799841,Male,1,img_921.bmp,Normal
922,40.4423725451,Male,1,img_922.bmp,Severely Obese
923,29.285855981,Male,1,img_923.bmp,Overweight
924,31.5278407659,Female,1,img_924.bmp,Obese
925,26.5684051398,Female,1,img_925.bmp,Overweight
926,35.1426170972,Male,1,img_926.bmp,Obese
927,29.9745851712,Male,1,img_927.bmp,Overweight
928,46.8076034447,Female,1,img_928.bmp,Severely Obese
929,27.6120562907,Female,1,img_929.bmp,Overweight
930,30.3415274911,Male,1,img_930.bmp,Obese
931,25.0647401013,Male,1,img_931.bmp,Overweight
932,40.3466483012,Female,1,img_932.bmp,Severely Obese
933,24.3693755739,Female,1,img_933.bmp,Normal
934,30.1792929293,Female,1,img_934.bmp,Obese
935,23.4010560147,Female,1,img_935.bmp,Normal
936,28.3627322199,Male,1,img_936.bmp,Overweight
937,22.4263464065,Male,1,img_937.bmp,Normal
938,33.6351351351,Male,1,img_938.bmp,Obese
939,22.8513513514,Male,1,img_939.bmp,Normal
940,25.0647401013,Male,1,img_940.bmp,Overweight
941,21.7667479827,Male,1,img_941.bmp,Normal
942,31.0545910494,Male,1,img_942.bmp,Obese
943,26.9863040123,Male,1,img_943.bmp,Overweight
944,36.9145137576,Female,1,img_944.bmp,Obese
945,28.0550304558,Female,1,img_945.bmp,Overweight
946,41.6569391847,Female,1,img_946.bmp,Severely Obese
947,34.9229226999,Female,1,img_947.bmp,Obese
948,45.5122912366,Male,1,img_948.bmp,Severely Obese
949,29.0223306436,Male,1,img_949.bmp,Overweight
950,35.723877551,Male,1,img_950.bmp,Obese
951,26.8287755102,Male,1,img_951.bmp,Overweight
952,27.6325683594,Female,1,img_952.bmp,Overweight
953,21.96875,Female,1,img_953.bmp,Normal
954,34.006987369,Female,1,img_954.bmp,Obese
955,27.3945176028,Female,1,img_955.bmp,Overweight
956,59.6144,Male,1,img_956.bmp,Severely Obese
957,38.7431111111,Male,1,img_957.bmp,Obese
958,29.1560570988,Male,1,img_958.bmp,Overweight
959,25.0877700617,Male,1,img_959.bmp,Overweight
960,44.7040863177,Female,1,img_960.bmp,Severely Obese
961,30.5020661157,Female,1,img_961.bmp,Obese
962,25.0149219467,Male,1,img_962.bmp,Overweight
963,20.9802571166,Male,1,img_963.bmp,Normal
964,32.7722674073,Male,1,img_964.bmp,Obese
965,29.9831382662,Male,1,img_965.bmp,Overweight
966,41.5346679688,Female,1,img_966.bmp,Severely Obese
967,36.2141113281,Female,1,img_967.bmp,Obese
968,32.0789359862,Male,1,img_968.bmp,Obese
969,24.4772923875,Male,1,img_969.bmp,Normal
970,36.3101536911,Female,1,img_970.bmp,Obese
971,30.9964726631,Female,1,img_971.bmp,Obese
972,36.3101536911,Female,1,img_972.bmp,Obese
973,24.4429327286,Female,1,img_973.bmp,Normal
974,40.2341311134,Female,1,img_974.bmp,Severely Obese
975,33.650364204,Female,1,img_975.bmp,Obese
976,33.2781065089,Female,1,img_976.bmp,Obese
977,26.6224852071,Female,1,img_977.bmp,Overweight
978,28.2634693878,Male,1,img_978.bmp,Overweight
979,25.3940816327,Male,1,img_979.bmp,Overweight
980,33.2230623819,Male,1,img_980.bmp,Obese
981,23.6252888049,Male,1,img_981.bmp,Normal
982,40.2341311134,Female,1,img_982.bmp,Severely Obese
983,27.4323621228,Female,1,img_983.bmp,Overweight
984,62.4091836735,Male,1,img_984.bmp,Severely Obese
985,38.0193877551,Male,1,img_985.bmp,Obese
986,37.3020408163,Male,1,img_986.bmp,Obese
987,26.5418367347,Male,1,img_987.bmp,Overweight
988,44.2806752331,Female,1,img_988.bmp,Severely Obese
989,35.4245401864,Female,1,img_989.bmp,Obese
990,32.4461538462,Female,1,img_990.bmp,Obese
991,24.459408284,Female,1,img_991.bmp,Normal
992,40.1714285714,Male,1,img_992.bmp,Severely Obese
993,34.4326530612,Male,1,img_993.bmp,Obese
994,34.698117539,Female,1,img_994.bmp,Obese
995,26.6287878788,Female,1,img_995.bmp,Overweight
996,32.074985122,Male,1,img_996.bmp,Obese
997,26.4967268399,Male,1,img_997.bmp,Overweight
998,40.8481445312,Female,1,img_998.bmp,Severely Obese
999,33.9829101562,Female,1,img_999.bmp,Obese
1000,42.2408267906,Male,1,img_1000.bmp,Severely Obese
1001,36.045505528,Male,1,img_1001.bmp,Obese
1002,31.1667387543,Male,1,img_1002.bmp,Obese
1003,23.5650951557,Male,1,img_1003.bmp,Normal
1004,43.22298953,Female,1,img_1004.bmp,Severely Obese
1005,29.1285364224,Female,1,img_1005.bmp,Overweight
1006,29.285855981,Male,1,img_1006.bmp,Overweight
1007,22.3130331283,Male,1,img_1007.bmp,Normal
1008,46.6275510204,Female,1,img_1008.bmp,Severely Obese
1009,37.3020408163,Female,1,img_1009.bmp,Obese
1010,56.277970679,Male,1,img_1010.bmp,Severely Obese
1011,29.5628858025,Male,1,img_1011.bmp,Overweight
1012,40.7631825859,Male,1,img_1012.bmp,Severely Obese
1013,26.252017264,Male,1,img_1013.bmp,Overweight
1014,38.7327823691,Female,1,img_1014.bmp,Obese
1015,29.0495867769,Female,1,img_1015.bmp,Overweight
1016,39.7450902599,Male,1,img_1016.bmp,Obese
1017,29.9831382662,Male,1,img_1017.bmp,Overweight
1018,26.6388067724,Female,1,img_1018.bmp,Overweight
1019,22.4823972051,Female,1,img_1019.bmp,Normal
1020,35.2584876543,Male,1,img_1020.bmp,Obese
1021,24.4097222222,Male,1,img_1021.bmp,Normal
1022,31.2444444444,Male,1,img_1022.bmp,Obese
1023,26.2453333333,Male,1,img_1023.bmp,Overweight
1024,40.8243243243,Male,1,img_1024.bmp,Severely Obese
1025,36.2027027027,Male,1,img_1025.bmp,Obese
1026,34.1668319778,Female,1,img_1026.bmp,Obese
1027,29.8436818092,Female,1,img_1027.bmp,Overweight
1028,41.8369371157,Male,1,img_1028.bmp,Severely Obese
1029,27.8912914104,Male,1,img_1029.bmp,Overweight
1030,28.2067901235,Male,1,img_1030.bmp,Overweight
1031,27.1219135802,Male,1,img_1031.bmp,Overweight
1032,40.2887110727,Female,1,img_1032.bmp,Severely Obese
1033,25.0854238754,Female,1,img_1033.bmp,Overweight
1034,28.0550304558,Male,1,img_1034.bmp,Overweight
1035,25.8401596303,Male,1,img_1035.bmp,Overweight
1036,40.2341311134,Female,1,img_1036.bmp,Severely Obese
1037,34.7476586889,Female,1,img_1037.bmp,Obese
1038,45.1537629758,Male,1,img_1038.bmp,Severely Obese
1039,25.3894896194,Male,1,img_1039.bmp,Overweight
1040,29.3723599633,Male,1,img_1040.bmp,Overweight
1041,27.4357208448,Male,1,img_1041.bmp,Overweight
1042,40.8951022706,Male,1,img_1042.bmp,Severely Obese
1043,31.0011259148,Male,1,img_1043.bmp,Obese
1044,29.0495867769,Female,1,img_1044.bmp,Overweight
1045,24.5307621671,Female,1,img_1045.bmp,Normal
1046,38.3505256893,Male,1,img_1046.bmp,Obese
1047,35.2824836342,Male,1,img_1047.bmp,Obese
1048,52.1082754738,Male,1,img_1048.bmp,Severely Obese
1049,41.6866203791,Male,1,img_1049.bmp,Severely Obese
1050,32.6324301617,Male,1,img_1050.bmp,Obese
1051,25.1018693552,Male,1,img_1051.bmp,Overweight
1052,29.267755102,Female,1,img_1052.bmp,Overweight
1053,22.9551020408,Female,1,img_1053.bmp,Normal
1054,36.8021831143,Female,1,img_1054.bmp,Obese
1055,26.6228558699,Female,1,img_1055.bmp,Overweight
1056,33.0511803214,Male,1,img_1056.bmp,Obese
1057,31.5171592938,Male,1,img_1057.bmp,Obese
1058,35.5405555556,Female,1,img_1058.bmp,Obese
1059,32.8066666667,Female,1,img_1059.bmp,Obese
1060,30.7024489796,Male,1,img_1060.bmp,Obese
1061,24.9636734694,Male,1,img_1061.bmp,Normal
1062,47.2416,Male,1,img_1062.bmp,Severely Obese
1063,39.2430222222,Male,1,img_1063.bmp,Obese
1064,29.9831382662,Male,1,img_1064.bmp,Overweight
1065,24.2654235271,Male,1,img_1065.bmp,Normal
1066,41.19140625,Female,1,img_1066.bmp,Severely Obese
1067,38.6169433594,Female,1,img_1067.bmp,Obese
1068,63.9090909091,Female,1,img_1068.bmp,Severely Obese
1069,44.7040863177,Female,1,img_1069.bmp,Severely Obese
1070,32.0945945946,Male,1,img_1070.bmp,Obese
1071,23.1081081081,Male,1,img_1071.bmp,Normal
1072,30.6804205515,Male,1,img_1072.bmp,Obese
1073,27.8912914104,Male,1,img_1073.bmp,Overweight
1074,44.1809210526,Male,1,img_1074.bmp,Severely Obese
1075,29.8190789474,Male,1,img_1075.bmp,Overweight
1076,36.9756738988,Male,1,img_1076.bmp,Obese
1077,26.5762656147,Male,1,img_1077.bmp,Overweight
1078,47.1248852158,Female,1,img_1078.bmp,Severely Obese
1079,31.6317722681,Female,1,img_1079.bmp,Obese
1080,37.1189164371,Female,1,img_1080.bmp,Obese
1081,30.6634527089,Female,1,img_1081.bmp,Obese
1082,33.084251607,Female,1,img_1082.bmp,Obese
1083,26.790174472,Female,1,img_1083.bmp,Overweight
1084,38.9473684211,Male,1,img_1084.bmp,Obese
1085,32.8618421053,Male,1,img_1085.bmp,Obese
1086,38.1182222222,Male,1,img_1086.bmp,Obese
1087,27.4951111111,Male,1,img_1087.bmp,Overweight
1088,42.9611111111,Female,1,img_1088.bmp,Severely Obese
1089,31.2444444444,Female,1,img_1089.bmp,Obese
1090,42.8738975418,Male,1,img_1090.bmp,Severely Obese
1091,36.2779133046,Male,1,img_1091.bmp,Obese
1092,48.860770773,Female,1,img_1092.bmp,Severely Obese
1093,30.0681666295,Female,1,img_1093.bmp,Obese
1094,32.1884030775,Male,1,img_1094.bmp,Obese
1095,28.8904109589,Male,1,img_1095.bmp,Overweight
1096,39.3267746914,Male,1,img_1096.bmp,Obese
1097,33.2243441358,Male,1,img_1097.bmp,Obese
1098,24.4429327286,Female,1,img_1098.bmp,Normal
1099,22.3174603175,Female,1,img_1099.bmp,Normal
1100,37.1013513514,Male,1,img_1100.bmp,Obese
1101,25.5472972973,Male,1,img_1101.bmp,Overweight
1102,36.0140739351,Male,1,img_1102.bmp,Obese
1103,25.0647401013,Male,1,img_1103.bmp,Overweight
1104,34.4054054054,Male,1,img_1104.bmp,Obese
1105,28.3716216216,Male,1,img_1105.bmp,Overweight
1106,41.5346679688,Female,1,img_1106.bmp,Severely Obese
1107,35.0126953125,Female,1,img_1107.bmp,Obese
1108,40.6177777778,Male,1,img_1108.bmp,Severely Obese
1109,23.7457777778,Male,1,img_1109.bmp,Normal
1110,24.1385030864,Male,1,img_1110.bmp,Normal
1111,23.7316743827,Male,1,img_1111.bmp,Normal
1112,40.7212854592,Male,1,img_1112.bmp,Severely Obese
1113,28.1702043245,Male,1,img_1113.bmp,Overweight
1114,37.2719982179,Female,1,img_1114.bmp,Obese
1115,32.573847182,Female,1,img_1115.bmp,Obese
1116,47.5494276795,Female,1,img_1116.bmp,Severely Obese
1117,41.1485431842,Female,1,img_1117.bmp,Severely Obese
1118,44.2090835797,Female,1,img_1118.bmp,Severely Obese
1119,40.8083848428,Female,1,img_1119.bmp,Severely Obese
1120,31.6317722681,Female,1,img_1120.bmp,Obese
1121,27.1129476584,Female,1,img_1121.bmp,Overweight
1122,56.5269387755,Male,1,img_1122.bmp,Severely Obese
1123,37.0151020408,Male,1,img_1123.bmp,Obese
1124,78.9081632653,Male,1,img_1124.bmp,Severely Obese
1125,48.2057142857,Male,1,img_1125.bmp,Severely Obese
1126,24.4097222222,Male,1,img_1126.bmp,Normal
1127,21.0194830247,Male,1,img_1127.bmp,Normal
1128,40.8243243243,Male,1,img_1128.bmp,Severely Obese
1129,33.1216216216,Male,1,img_1129.bmp,Obese
1130,24.2079889807,Female,1,img_1130.bmp,Normal
1131,20.9802571166,Female,1,img_1131.bmp,Normal
1132,41.5346679688,Female,1,img_1132.bmp,Severely Obese
1133,34.6694335938,Female,1,img_1133.bmp,Obese
1134,42.2408267906,Male,1,img_1134.bmp,Severely Obese
1135,33.7926614325,Male,1,img_1135.bmp,Obese
1136,31.0011259148,Male,1,img_1136.bmp,Obese
1137,24.1413023081,Male,1,img_1137.bmp,Normal
1138,34.7476586889,Female,1,img_1138.bmp,Obese
1139,30.1755983351,Female,1,img_1139.bmp,Obese
1140,46.0206308272,Male,1,img_1140.bmp,Severely Obese
1141,27.0545526681,Male,1,img_1141.bmp,Overweight
1142,31.7960722079,Male,1,img_1142.bmp,Obese
1143,28.3096607816,Male,1,img_1143.bmp,Overweight
1144,38.0082179931,Female,1,img_1144.bmp,Obese
1145,29.7984429066,Female,1,img_1145.bmp,Overweight
1146,31.7067346939,Male,1,img_1146.bmp,Obese
1147,29.6981632653,Male,1,img_1147.bmp,Overweight
1148,38.1020507812,Female,1,img_1148.bmp,Obese
1149,30.0354003906,Female,1,img_1149.bmp,Obese
1150,28.7716962525,Male,1,img_1150.bmp,Overweight
1151,23.6875410914,Male,1,img_1151.bmp,Normal
1152,29.0382785467,Male,1,img_1152.bmp,Overweight
1153,25.8455882353,Male,1,img_1153.bmp,Overweight
1154,41.3191836735,Male,1,img_1154.bmp,Severely Obese
1155,34.576122449,Male,1,img_1155.bmp,Obese
1156,40.4423725451,Male,1,img_1156.bmp,Severely Obese
1157,27.8912914104,Male,1,img_1157.bmp,Overweight
1158,44.1930943892,Male,1,img_1158.bmp,Severely Obese
1159,39.5759054232,Male,1,img_1159.bmp,Obese
1160,56.24,Male,1,img_1160.bmp,Severely Obese
1161,32.4942222222,Male,1,img_1161.bmp,Obese
1162,37.7644628099,Female,1,img_1162.bmp,Obese
1163,32.1159320478,Female,1,img_1163.bmp,Obese
1164,28.404040404,Female,1,img_1164.bmp,Overweight
1165,23.8852157943,Female,1,img_1165.bmp,Normal
1166,26.7577854671,Male,1,img_1166.bmp,Overweight
1167,25.9976211073,Male,1,img_1167.bmp,Overweight
1168,28.2863905325,Female,1,img_1168.bmp,Overweight
1169,19.9668639053,Female,1,img_1169.bmp,Normal
1170,33.4695496925,Male,1,img_1170.bmp,Obese
1171,26.4967268399,Male,1,img_1171.bmp,Overweight
1172,52.7554065744,Female,1,img_1172.bmp,Severely Obese
1173,44.3935986159,Female,1,img_1173.bmp,Severely Obese
1174,40.6177777778,Male,1,img_1174.bmp,Severely Obese
1175,30.1196444444,Male,1,img_1175.bmp,Obese
1176,47.8231292517,Female,1,img_1176.bmp,Severely Obese
1177,34.5389266818,Female,1,img_1177.bmp,Obese
1178,39.1512586322,Female,1,img_1178.bmp,Obese
1179,32.2606371129,Female,1,img_1179.bmp,Obese
1180,47.4671052632,Male,1,img_1180.bmp,Severely Obese
1181,41.3815789474,Male,1,img_1181.bmp,Severely Obese
1182,44.9456449098,Female,1,img_1182.bmp,Severely Obese
1183,36.8021831143,Female,1,img_1183.bmp,Obese
1184,32.8480015012,Female,1,img_1184.bmp,Obese
1185,24.6689810471,Female,1,img_1185.bmp,Normal
1186,32.2806122449,Male,1,img_1186.bmp,Obese
1187,21.5204081633,Male,1,img_1187.bmp,Normal
1188,23.7747138398,Female,1,img_1188.bmp,Normal
1189,20.1170655567,Female,1,img_1189.bmp,Normal
1190,28.3391561408,Female,1,img_1190.bmp,Overweight
1191,21.1599032518,Female,1,img_1191.bmp,Normal
1192,40.024003174,Male,1,img_1192.bmp,Severely Obese
1193,29.8436818092,Male,1,img_1193.bmp,Overweight
1194,38.616349481,Female,1,img_1194.bmp,Obese
1195,30.7106401384,Female,1,img_1195.bmp,Obese
1196,28.4780092593,Male,1,img_1196.bmp,Overweight
1197,26.4438657407,Male,1,img_1197.bmp,Overweight
1198,25.1071428571,Male,1,img_1198.bmp,Overweight
1199,22.237755102,Male,1,img_1199.bmp,Normal
1200,45.1389160156,Female,1,img_1200.bmp,Severely Obese
1201,41.7062988281,Female,1,img_1201.bmp,Severely Obese
1202,31.3777028367,Male,1,img_1202.bmp,Obese
1203,24.4048799841,Male,1,img_1203.bmp,Normal
1204,42.3752777778,Female,1,img_1204.bmp,Severely Obese
1205,22.8475,Female,1,img_1205.bmp,Normal
1206,32.9932432432,Male,1,img_1206.bmp,Obese
1207,26.5743243243,Male,1,img_1207.bmp,Overweight
1208,33.891184573,Female,1,img_1208.bmp,Obese
1209,21.7871900826,Female,1,img_1209.bmp,Normal
1210,40.3466483012,Female,1,img_1210.bmp,Severely Obese
1211,23.8852157943,Female,1,img_1211.bmp,Normal
1212,40.1001183432,Female,1,img_1212.bmp,Severely Obese
1213,35.6075739645,Female,1,img_1213.bmp,Obese
1214,30.5409640944,Male,1,img_1214.bmp,Obese
1215,28.1702043245,Male,1,img_1215.bmp,Overweight
1216,29.1903114187,Female,1,img_1216.bmp,Overweight
1217,22.9569636678,Female,1,img_1217.bmp,Normal
1218,30.4065743945,Female,1,img_1218.bmp,Obese
1219,25.8455882353,Female,1,img_1219.bmp,Overweight
1220,49.3305858766,Female,1,img_1220.bmp,Severely Obese
1221,37.2719982179,Female,1,img_1221.bmp,Obese
1222,27.7518349534,Male,1,img_1222.bmp,Overweight
1223,23.5681412418,Male,1,img_1223.bmp,Normal
1224,30.5121527778,Male,1,img_1224.bmp,Obese
1225,24.8165509259,Male,1,img_1225.bmp,Normal
1226,35.8201840894,Male,1,img_1226.bmp,Obese
1227,25.4207758054,Male,1,img_1227.bmp,Overweight
1228,28.3190917969,Female,1,img_1228.bmp,Overweight
1229,25.5729980469,Female,1,img_1229.bmp,Overweight
1230,44.5888534434,Male,1,img_1230.bmp,Severely Obese
1231,34.8267967724,Male,1,img_1231.bmp,Obese
1232,32.2806122449,Male,1,img_1232.bmp,Obese
1233,24.8202040816,Male,1,img_1233.bmp,Normal
1234,33.9023919753,Male,1,img_1234.bmp,Obese
1235,23.7316743827,Male,1,img_1235.bmp,Normal
1236,24.36357908,Male,1,img_1236.bmp,Normal
1237,21.4104179794,Male,1,img_1237.bmp,Normal
1238,28.2067901235,Male,1,img_1238.bmp,Overweight
1239,26.4438657407,Male,1,img_1239.bmp,Overweight
1240,41.8369371157,Male,1,img_1240.bmp,Severely Obese
1241,25.1021622694,Male,1,img_1241.bmp,Overweight
1242,38.9163069994,Male,1,img_1242.bmp,Obese
1243,31.6607243385,Male,1,img_1243.bmp,Obese
1244,32.9448223734,Female,1,img_1244.bmp,Obese
1245,30.8193499622,Female,1,img_1245.bmp,Obese
1246,28.1889062152,Female,1,img_1246.bmp,Overweight
1247,24.273780352,Female,1,img_1247.bmp,Normal
1248,42.4781384875,Male,1,img_1248.bmp,Severely Obese
1249,34.9587164571,Male,1,img_1249.bmp,Obese
1250,36.1542857143,Female,1,img_1250.bmp,Obese
1251,31.1328571429,Female,1,img_1251.bmp,Obese
1252,33.4680175781,Female,1,img_1252.bmp,Obese
1253,24.8864746094,Female,1,img_1253.bmp,Normal
1254,32.0945945946,Male,1,img_1254.bmp,Obese
1255,21.8243243243,Male,1,img_1255.bmp,Normal
1256,34.4531075963,Female,1,img_1256.bmp,Obese
1257,26.6228558699,Female,1,img_1257.bmp,Overweight
1258,61.9587402344,Female,1,img_1258.bmp,Severely Obese
1259,46.5119628906,Female,1,img_1259.bmp,Severely Obese
1260,33.6395196097,Male,1,img_1260.bmp,Obese
1261,25.0647401013,Male,1,img_1261.bmp,Overweight
1262,39.1671428571,Male,1,img_1262.bmp,Obese
1263,31.9936734694,Male,1,img_1263.bmp,Obese
1264,26.3983673469,Male,1,img_1264.bmp,Overweight
1265,24.5332653061,Male,1,img_1265.bmp,Normal
1266,38.9204152249,Male,1,img_1266.bmp,Obese
1267,26.6057525952,Male,1,img_1267.bmp,Overweight
1268,35.896264445,Female,1,img_1268.bmp,Obese
1269,24.5606019887,Female,1,img_1269.bmp,Normal
1270,52.4130177515,Female,1,img_1270.bmp,Severely Obese
1271,39.9337278107,Female,1,img_1271.bmp,Obese
1272,39.9342838049,Female,1,img_1272.bmp,Obese
1273,32.1040320784,Female,1,img_1273.bmp,Obese
1274,29.9831382662,Male,1,img_1274.bmp,Overweight
1275,26.0783574688,Male,1,img_1275.bmp,Overweight
1276,29.950295858,Female,1,img_1276.bmp,Overweight
1277,20.798816568,Female,1,img_1277.bmp,Normal
1278,39.6805795848,Male,1,img_1278.bmp,Obese
1279,30.2545415225,Male,1,img_1279.bmp,Obese
1280,48.8194444444,Male,1,img_1280.bmp,Severely Obese
1281,38.0791666667,Male,1,img_1281.bmp,Obese
1282,39.5397153352,Female,1,img_1282.bmp,Obese
1283,28.7268135904,Female,1,img_1283.bmp,Overweight
1284,36.3101536911,Female,1,img_1284.bmp,Obese
1285,24.2658100277,Female,1,img_1285.bmp,Normal
1286,31.7067346939,Male,1,img_1286.bmp,Obese
1287,25.2506122449,Male,1,img_1287.bmp,Overweight
1288,29.6464100346,Male,1,img_1288.bmp,Overweight
1289,26.3016868512,Male,1,img_1289.bmp,Overweight
1290,36.4878892734,Male,1,img_1290.bmp,Obese
1291,25.8455882353,Male,1,img_1291.bmp,Overweight
1292,53.8951900861,Male,1,img_1292.bmp,Severely Obese
1293,46.5122873346,Male,1,img_1293.bmp,Severely Obese
1294,36.2779133046,Male,1,img_1294.bmp,Obese
1295,24.4051416776,Male,1,img_1295.bmp,Normal
1296,45.1882460973,Female,1,img_1296.bmp,Severely Obese
1297,33.084251607,Female,1,img_1297.bmp,Obese
1298,41.3529411765,Male,1,img_1298.bmp,Severely Obese
1299,30.4065743945,Male,1,img_1299.bmp,Obese
1300,52.7521219136,Male,1,img_1300.bmp,Severely Obese
1301,45.1579861111,Male,1,img_1301.bmp,Severely Obese
1302,44.9891660368,Female,1,img_1302.bmp,Severely Obese
1303,28.1625094482,Female,1,img_1303.bmp,Overweight
1304,38.9669942051,Female,1,img_1304.bmp,Obese
1305,21.2547241119,Female,1,img_1305.bmp,Normal
1306,36.6059171598,Male,1,img_1306.bmp,Obese
1307,29.950295858,Male,1,img_1307.bmp,Overweight
1308,40.992194674,Female,1,img_1308.bmp,Severely Obese
1309,23.0782828283,Female,1,img_1309.bmp,Normal
1310,36.2779133046,Male,1,img_1310.bmp,Obese
1311,27.0435353725,Male,1,img_1311.bmp,Overweight
1312,37.1189164371,Male,1,img_1312.bmp,Obese
1313,26.6287878788,Male,1,img_1313.bmp,Overweight
1314,34.4326530612,Male,1,img_1314.bmp,Obese
1315,26.972244898,Male,1,img_1315.bmp,Overweight
1316,33.7153061224,Female,1,img_1316.bmp,Obese
1317,25.8244897959,Female,1,img_1317.bmp,Overweight
1318,51.3513513514,Male,1,img_1318.bmp,Severely Obese
1319,28.2432432432,Male,1,img_1319.bmp,Overweight
1320,22.8643350412,Male,1,img_1320.bmp,Normal
1321,20.3586544888,Male,1,img_1321.bmp,Normal
1322,47.4910865078,Male,1,img_1322.bmp,Severely Obese
1323,36.9375117283,Male,1,img_1323.bmp,Obese
1324,40.8481445312,Female,1,img_1324.bmp,Severely Obese
1325,31.580078125,Female,1,img_1325.bmp,Obese
1326,29.5316110061,Male,1,img_1326.bmp,Overweight
1327,26.5784499055,Male,1,img_1327.bmp,Overweight
1328,40.3466483012,Female,1,img_1328.bmp,Severely Obese
1329,25.8218549128,Female,1,img_1329.bmp,Overweight
1330,47.2947204277,Female,1,img_1330.bmp,Severely Obese
1331,33.6700824237,Female,1,img_1331.bmp,Obese
1332,40.7173089775,Male,1,img_1332.bmp,Severely Obese
1333,27.7190911116,Male,1,img_1333.bmp,Overweight
1334,37.3020408163,Male,1,img_1334.bmp,Obese
1335,31.5632653061,Male,1,img_1335.bmp,Obese
1336,23.6724489796,Male,1,img_1336.bmp,Normal
1337,21.5204081633,Male,1,img_1337.bmp,Normal
1338,30.6804205515,Male,1,img_1338.bmp,Obese
1339,23.7075976989,Male,1,img_1339.bmp,Normal
1340,43.5743801653,Male,1,img_1340.bmp,Severely Obese
1341,27.4357208448,Male,1,img_1341.bmp,Overweight
1342,36.8415217939,Female,1,img_1342.bmp,Obese
1343,30.9964726631,Female,1,img_1343.bmp,Obese
1344,40.0540540541,Male,1,img_1344.bmp,Severely Obese
1345,27.6013513514,Male,1,img_1345.bmp,Overweight
1346,38.3681777778,Male,1,img_1346.bmp,Obese
1347,30.3696,Male,1,img_1347.bmp,Obese
1348,45.0565019396,Male,1,img_1348.bmp,Severely Obese
1349,29.6424354866,Male,1,img_1349.bmp,Overweight
1350,30.9964726631,Female,1,img_1350.bmp,Obese
1351,23.9115646259,Female,1,img_1351.bmp,Normal
1352,30.6804205515,Male,1,img_1352.bmp,Obese
1353,23.7075976989,Male,1,img_1353.bmp,Normal
1354,43.8917793965,Female,1,img_1354.bmp,Severely Obese
1355,32.9188345473,Female,1,img_1355.bmp,Obese
1356,25.4375,Male,1,img_1356.bmp,Overweight
1357,22.7598684211,Male,1,img_1357.bmp,Normal
1358,27.9765306122,Male,1,img_1358.bmp,Overweight
1359,23.5289795918,Male,1,img_1359.bmp,Normal
1360,58.2366863905,Female,1,img_1360.bmp,Severely Obese
1361,34.6092307692,Female,1,img_1361.bmp,Obese
1362,35.236132769,Male,1,img_1362.bmp,Obese
1363,25.8398306973,Male,1,img_1363.bmp,Overweight
1364,35.5050505051,Female,1,img_1364.bmp,Obese
1365,26.4674012856,Female,1,img_1365.bmp,Overweight
1366,38.3682334596,Male,1,img_1366.bmp,Obese
1367,28.9719313878,Male,1,img_1367.bmp,Overweight
1368,46.9634986226,Female,1,img_1368.bmp,Severely Obese
1369,31.4703856749,Female,1,img_1369.bmp,Obese
1370,37.5852082869,Male,1,img_1370.bmp,Obese
1371,29.7549565605,Male,1,img_1371.bmp,Overweight
1372,32.277318641,Female,1,img_1372.bmp,Obese
1373,25.8218549128,Female,1,img_1373.bmp,Overweight
1374,43.0067567568,Male,1,img_1374.bmp,Severely Obese
1375,28.6283783784,Male,1,img_1375.bmp,Overweight
1376,48.8097599683,Male,1,img_1376.bmp,Severely Obese
1377,41.6974806586,Male,1,img_1377.bmp,Severely Obese
1378,25.6035379813,Female,1,img_1378.bmp,Overweight
1379,21.7630072841,Female,1,img_1379.bmp,Normal
1380,25.1021622694,Male,1,img_1380.bmp,Overweight
1381,22.5919460425,Male,1,img_1381.bmp,Normal
1382,36.7961432507,Female,1,img_1382.bmp,Obese
1383,31.9545454545,Female,1,img_1383.bmp,Obese
1384,32.0945945946,Male,1,img_1384.bmp,Obese
1385,27.472972973,Male,1,img_1385.bmp,Overweight
1386,37.2348740329,Male,1,img_1386.bmp,Obese
1387,27.7518349534,Male,1,img_1387.bmp,Overweight
1388,51.2482840237,Female,1,img_1388.bmp,Severely Obese
1389,45.2582248521,Female,1,img_1389.bmp,Severely Obese
1390,38.9669942051,Female,1,img_1390.bmp,Obese
1391,27.4540186445,Female,1,img_1391.bmp,Overweight
1392,36.541752674,Male,1,img_1392.bmp,Obese
1393,33.7714392944,Male,1,img_1393.bmp,Obese
1394,31.9545454545,Female,1,img_1394.bmp,Obese
1395,28.7268135904,Female,1,img_1395.bmp,Overweight
1396,28.3503465658,Female,1,img_1396.bmp,Overweight
1397,24.6588951901,Female,1,img_1397.bmp,Normal
1398,32.4847721067,Male,1,img_1398.bmp,Obese
1399,25.8401596303,Male,1,img_1399.bmp,Overweight
1400,33.7484626066,Male,1,img_1400.bmp,Obese
1401,22.7314024995,Male,1,img_1401.bmp,Normal
1402,36.9756738988,Male,1,img_1402.bmp,Obese
1403,21.9543063774,Male,1,img_1403.bmp,Normal
1404,37.346875,Male,1,img_1404.bmp,Obese
1405,24.71484375,Male,1,img_1405.bmp,Normal
1406,55.9079973268,Female,1,img_1406.bmp,Severely Obese
1407,46.5116952551,Female,1,img_1407.bmp,Severely Obese
1408,26.6228558699,Male,1,img_1408.bmp,Overweight
1409,24.9002004901,Male,1,img_1409.bmp,Normal
1410,50.0298438935,Male,1,img_1410.bmp,Severely Obese
1411,20.1733241506,Male,1,img_1411.bmp,Normal
1412,25.9878176854,Female,1,img_1412.bmp,Overweight
1413,22.1487082546,Female,1,img_1413.bmp,Normal
1414,39.9342838049,Male,1,img_1414.bmp,Obese
1415,32.8870572511,Male,1,img_1415.bmp,Obese
1416,40.1644736842,Male,1,img_1416.bmp,Severely Obese
1417,29.4539473684,Male,1,img_1417.bmp,Overweight
1418,39.3106122449,Male,1,img_1418.bmp,Obese
1419,32.5675510204,Male,1,img_1419.bmp,Obese
1420,44.6240234375,Female,1,img_1420.bmp,Severely Obese
1421,32.4382324219,Female,1,img_1421.bmp,Obese
1422,28.0550304558,Male,1,img_1422.bmp,Overweight
1423,25.5448435203,Male,1,img_1423.bmp,Overweight
1424,36.2779133046,Male,1,img_1424.bmp,Obese
1425,27.0435353725,Male,1,img_1425.bmp,Overweight
1426,36.8716326531,Male,1,img_1426.bmp,Obese
1427,32.2806122449,Male,1,img_1427.bmp,Obese
1428,30.6158579882,Female,1,img_1428.bmp,Obese
1429,27.4544378698,Female,1,img_1429.bmp,Overweight
1430,31.5632653061,Male,1,img_1430.bmp,Obese
1431,21.5204081633,Male,1,img_1431.bmp,Normal
1432,37.5534188034,Male,1,img_1432.bmp,Obese
1433,22.8786982249,Male,1,img_1433.bmp,Normal
1434,33.4472318339,Female,1,img_1434.bmp,Obese
1435,28.8862456747,Female,1,img_1435.bmp,Overweight
1436,36.2779133046,Male,1,img_1436.bmp,Obese
1437,26.3839369488,Male,1,img_1437.bmp,Overweight
1438,31.6142011834,Female,1,img_1438.bmp,Obese
1439,25.6241420118,Female,1,img_1439.bmp,Overweight
1440,31.0081915564,Male,1,img_1440.bmp,Obese
1441,25.1018693552,Male,1,img_1441.bmp,Overweight
1442,44.925443787,Female,1,img_1442.bmp,Severely Obese
1443,34.6092307692,Female,1,img_1443.bmp,Obese
1444,46.8076034447,Female,1,img_1444.bmp,Severely Obese
1445,25.9878176854,Female,1,img_1445.bmp,Overweight
1446,38.0082179931,Female,1,img_1446.bmp,Obese
1447,24.6293252595,Female,1,img_1447.bmp,Normal
1448,41.8675555556,Male,1,img_1448.bmp,Severely Obese
1449,24.7456,Male,1,img_1449.bmp,Normal
1450,32.5462962963,Male,1,img_1450.bmp,Obese
1451,25.3589891975,Male,1,img_1451.bmp,Overweight
1452,31.7908220094,Male,1,img_1452.bmp,Obese
1453,29.598351526,Male,1,img_1453.bmp,Overweight
1454,30.4734471758,Male,1,img_1454.bmp,Obese
1455,20.3156314506,Male,1,img_1455.bmp,Normal
1456,45.5743243243,Male,1,img_1456.bmp,Severely Obese
1457,25.6756756757,Male,1,img_1457.bmp,Overweight
1458,44.7511574074,Male,1,img_1458.bmp,Severely Obese
1459,33.2243441358,Male,1,img_1459.bmp,Obese
1460,29.9946666667,Male,1,img_1460.bmp,Overweight
1461,28.12,Male,1,img_1461.bmp,Overweight
1462,22.3488321799,Female,1,img_1462.bmp,Normal
1463,19.7642733564,Female,1,img_1463.bmp,Normal
1464,33.4955632716,Male,1,img_1464.bmp,Obese
1465,28.4780092593,Male,1,img_1465.bmp,Overweight
1466,32.9188345473,Female,1,img_1466.bmp,Obese
1467,25.237773153,Female,1,img_1467.bmp,Overweight
1468,36.3358564014,Female,1,img_1468.bmp,Obese
1469,26.9098183391,Female,1,img_1469.bmp,Overweight
1470,32.2532894737,Male,1,img_1470.bmp,Obese
1471,26.7763157895,Male,1,img_1471.bmp,Overweight
1472,25.883095942,Female,1,img_1472.bmp,Overweight
1473,21.3488309594,Female,1,img_1473.bmp,Normal
1474,38.5135135135,Male,1,img_1474.bmp,Obese
1475,23.6216216216,Male,1,img_1475.bmp,Normal
1476,26.936065939,Female,1,img_1476.bmp,Overweight
1477,19.8888393852,Female,1,img_1477.bmp,Normal
1478,36.1762234825,Female,1,img_1478.bmp,Obese
1479,21.4104179794,Female,1,img_1479.bmp,Normal
1480,32.0044224766,Female,1,img_1480.bmp,Obese
1481,22.4945369407,Female,1,img_1481.bmp,Normal
1482,28.7584912742,Male,1,img_1482.bmp,Overweight
1483,25.1966597861,Male,1,img_1483.bmp,Overweight
1484,27.517949827,Male,1,img_1484.bmp,Overweight
1485,23.2610294118,Male,1,img_1485.bmp,Normal
1486,40.1644736842,Male,1,img_1486.bmp,Severely Obese
1487,29.0888157895,Male,1,img_1487.bmp,Overweight
1488,25.9389010117,Male,1,img_1488.bmp,Overweight
1489,24.2654235271,Male,1,img_1489.bmp,Normal
1490,36.1762234825,Female,1,img_1490.bmp,Obese
1491,17.7189666037,Female,1,img_1491.bmp,Underweight
1492,39.8624885216,Female,1,img_1492.bmp,Obese
1493,30.1792929293,Female,1,img_1493.bmp,Obese
1494,33.2781065089,Male,1,img_1494.bmp,Obese
1495,29.1183431953,Male,1,img_1495.bmp,Overweight
1496,31.7464818315,Male,1,img_1496.bmp,Obese
1497,27.4643982357,Male,1,img_1497.bmp,Overweight
1498,34.309220679,Male,1,img_1498.bmp,Obese
1499,24.8165509259,Male,1,img_1499.bmp,Normal
1500,29.5316110061,Male,1,img_1500.bmp,Overweight
1501,24.36357908,Male,1,img_1501.bmp,Normal
1502,39.1554054054,Male,1,img_1502.bmp,Obese
1503,34.9189189189,Male,1,img_1503.bmp,Obese
1504,51.6437098255,Female,1,img_1504.bmp,Severely Obese
1505,35.5050505051,Female,1,img_1505.bmp,Obese
1506,36.4733700643,Female,1,img_1506.bmp,Obese
1507,30.0179063361,Female,1,img_1507.bmp,Obese
1508,36.2586788336,Male,1,img_1508.bmp,Obese
1509,27.8912914104,Male,1,img_1509.bmp,Overweight
1510,34.0202702703,Male,1,img_1510.bmp,Obese
1511,26.3175675676,Male,1,img_1511.bmp,Overweight
1512,25.2134105591,Female,1,img_1512.bmp,Overweight
1513,21.924704834,Female,1,img_1513.bmp,Normal
1514,27.1176757812,Female,1,img_1514.bmp,Overweight
1515,23.6850585938,Female,1,img_1515.bmp,Normal
1516,25.7243385251,Male,1,img_1516.bmp,Overweight
1517,23.0859448302,Male,1,img_1517.bmp,Normal
1518,32.6819058642,Male,1,img_1518.bmp,Obese
1519,28.4780092593,Male,1,img_1519.bmp,Overweight
1520,25.8401596303,Male,1,img_1520.bmp,Overweight
1521,24.36357908,Male,1,img_1521.bmp,Normal
1522,34.1457142857,Male,1,img_1522.bmp,Obese
1523,26.2548979592,Male,1,img_1523.bmp,Overweight
1524,34.7476586889,Female,1,img_1524.bmp,Obese
1525,26.517950052,Female,1,img_1525.bmp,Overweight
1526,44.7040863177,Female,1,img_1526.bmp,Severely Obese
1527,30.6634527089,Female,1,img_1527.bmp,Obese
1528,40.2887110727,Male,1,img_1528.bmp,Severely Obese
1529,26.6057525952,Male,1,img_1529.bmp,Overweight
1530,36.9145137576,Male,1,img_1530.bmp,Obese
1531,24.36357908,Male,1,img_1531.bmp,Normal
1532,33.961352657,Male,1,img_1532.bmp,Obese
1533,24.5112371351,Male,1,img_1533.bmp,Normal
1534,39.1512586322,Female,1,img_1534.bmp,Obese
1535,34.7663176654,Female,1,img_1535.bmp,Obese
1536,38.464316609,Male,1,img_1536.bmp,Obese
1537,27.669982699,Male,1,img_1537.bmp,Overweight
1538,34.4531075963,Male,1,img_1538.bmp,Obese
1539,23.3341501448,Male,1,img_1539.bmp,Normal
1540,39.9928888889,Male,1,img_1540.bmp,Obese
1541,27.4951111111,Male,1,img_1541.bmp,Overweight
1542,43.5743801653,Female,1,img_1542.bmp,Severely Obese
1543,27.4357208448,Female,1,img_1543.bmp,Overweight
1544,37.9304199219,Female,1,img_1544.bmp,Obese
1545,30.7219238281,Female,1,img_1545.bmp,Obese
1546,32.5462962963,Male,1,img_1546.bmp,Obese
1547,23.7316743827,Male,1,img_1547.bmp,Normal
1548,38.6487268519,Male,1,img_1548.bmp,Obese
1549,33.2243441358,Male,1,img_1549.bmp,Obese
1550,42.9077148438,Female,1,img_1550.bmp,Severely Obese
1551,27.4609375,Female,1,img_1551.bmp,Overweight
1552,28.1889062152,Male,1,img_1552.bmp,Overweight
1553,23.4907551793,Male,1,img_1553.bmp,Normal
1554,28.0550304558,Male,1,img_1554.bmp,Overweight
1555,19.9338374291,Male,1,img_1555.bmp,Normal
1556,37.8716216216,Male,1,img_1556.bmp,Obese
1557,27.6013513514,Male,1,img_1557.bmp,Overweight
1558,44.6240234375,Female,1,img_1558.bmp,Severely Obese
1559,28.3190917969,Female,1,img_1559.bmp,Overweight
1560,34.1100591716,Female,1,img_1560.bmp,Obese
1561,29.1183431953,Female,1,img_1561.bmp,Overweight
1562,32.6098632812,Female,1,img_1562.bmp,Obese
1563,24.8864746094,Female,1,img_1563.bmp,Normal
1564,40.2341311134,Female,1,img_1564.bmp,Severely Obese
1565,32.0044224766,Female,1,img_1565.bmp,Obese
1566,40.8481445312,Female,1,img_1566.bmp,Severely Obese
1567,30.0354003906,Female,1,img_1567.bmp,Obese
1568,32.0789359862,Female,1,img_1568.bmp,Obese
1569,20.5244377163,Female,1,img_1569.bmp,Normal
1570,32.9979591837,Male,1,img_1570.bmp,Obese
1571,22.9551020408,Male,1,img_1571.bmp,Normal
1572,38.616349481,Female,1,img_1572.bmp,Obese
1573,29.4943771626,Female,1,img_1573.bmp,Overweight
1574,31.9269031142,Female,1,img_1574.bmp,Obese
1575,26.3016868512,Female,1,img_1575.bmp,Overweight
1576,31.6228373702,Female,1,img_1576.bmp,Obese
1577,24.0211937716,Female,1,img_1577.bmp,Normal
1578,39.6805795848,Male,1,img_1578.bmp,Obese
1579,29.0382785467,Male,1,img_1579.bmp,Overweight
1580,30.6804205515,Male,1,img_1580.bmp,Obese
1581,23.7075976989,Male,1,img_1581.bmp,Normal
1582,34.2764497041,Female,1,img_1582.bmp,Obese
1583,27.6208284024,Female,1,img_1583.bmp,Overweight
1584,33.5183784919,Male,1,img_1584.bmp,Obese
1585,24.6588951901,Male,1,img_1585.bmp,Normal
1586,69.7282285261,Male,1,img_1586.bmp,Severely Obese
1587,56.200952192,Male,1,img_1587.bmp,Severely Obese
1588,33.9939555556,Male,1,img_1588.bmp,Obese
1589,26.9952,Male,1,img_1589.bmp,Overweight
1590,26.7763157895,Male,1,img_1590.bmp,Overweight
1591,19.4736842105,Male,1,img_1591.bmp,Normal
1592,32.3830017301,Female,1,img_1592.bmp,Obese
1593,22.5008650519,Female,1,img_1593.bmp,Normal
1594,49.3250126497,Male,1,img_1594.bmp,Severely Obese
1595,33.9109461967,Male,1,img_1595.bmp,Obese
1596,33.3783783784,Male,1,img_1596.bmp,Obese
1597,25.9324324324,Male,1,img_1597.bmp,Overweight
1598,31.8502040816,Male,1,img_1598.bmp,Obese
1599,25.5375510204,Male,1,img_1599.bmp,Overweight
1600,31.6142011834,Female,1,img_1600.bmp,Obese
1601,21.6307692308,Female,1,img_1601.bmp,Normal
1602,27.4323621228,Female,1,img_1602.bmp,Overweight
1603,22.1287721124,Female,1,img_1603.bmp,Normal
1604,28.7933207309,Male,1,img_1604.bmp,Overweight
1605,27.1690821256,Male,1,img_1605.bmp,Overweight
1606,41.606122449,Male,1,img_1606.bmp,Severely Obese
1607,33.7153061224,Male,1,img_1607.bmp,Obese
1608,36.3310810811,Male,1,img_1608.bmp,Obese
1609,26.9594594595,Male,1,img_1609.bmp,Overweight
1610,29.2867262608,Male,1,img_1610.bmp,Overweight
1611,25.8482037443,Male,1,img_1611.bmp,Overweight
1612,31.7517089844,Female,1,img_1612.bmp,Obese
1613,28.3190917969,Female,1,img_1613.bmp,Overweight
1614,40.1714285714,Male,1,img_1614.bmp,Severely Obese
1615,27.2591836735,Male,1,img_1615.bmp,Overweight
1616,33.2963867188,Female,1,img_1616.bmp,Obese
1617,24.5432128906,Female,1,img_1617.bmp,Normal
1618,33.6291319538,Female,1,img_1618.bmp,Obese
1619,25.3163128191,Female,1,img_1619.bmp,Overweight
1620,39.5026014568,Female,1,img_1620.bmp,Obese
1621,36.2107180021,Female,1,img_1621.bmp,Obese
1622,35.4791883455,Female,1,img_1622.bmp,Obese
1623,33.2845993757,Female,1,img_1623.bmp,Obese
1624,37.2480536332,Female,1,img_1624.bmp,Obese
1625,32.991133218,Female,1,img_1625.bmp,Obese
1626,28.2426538108,Female,1,img_1626.bmp,Overweight
1627,21.9485766758,Female,1,img_1627.bmp,Normal
1628,37.3574879227,Male,1,img_1628.bmp,Obese
1629,25.2495274102,Male,1,img_1629.bmp,Overweight
1630,30.4945777778,Male,1,img_1630.bmp,Obese
1631,25.6204444444,Male,1,img_1631.bmp,Overweight
1632,32.573847182,Female,1,img_1632.bmp,Obese
1633,26.936065939,Female,1,img_1633.bmp,Overweight
1634,38.7702702703,Male,1,img_1634.bmp,Obese
1635,32.3513513514,Male,1,img_1635.bmp,Obese
1636,51.9763557891,Male,1,img_1636.bmp,Severely Obese
1637,36.6736723588,Male,1,img_1637.bmp,Obese
1638,30.8459183673,Male,1,img_1638.bmp,Obese
1639,27.9765306122,Male,1,img_1639.bmp,Overweight
1640,40.6059651334,Male,1,img_1640.bmp,Severely Obese
1641,24.36357908,Male,1,img_1641.bmp,Normal
1642,44.0731095679,Male,1,img_1642.bmp,Severely Obese
1643,26.4438657407,Male,1,img_1643.bmp,Overweight
1644,41.19140625,Female,1,img_1644.bmp,Severely Obese
1645,28.833984375,Female,1,img_1645.bmp,Overweight
1646,41.19140625,Female,1,img_1646.bmp,Severely Obese
1647,28.833984375,Female,1,img_1647.bmp,Overweight
1648,59.6873636183,Male,1,img_1648.bmp,Severely Obese
1649,47.9730212259,Male,1,img_1649.bmp,Severely Obese
1650,22.9551020408,Male,1,img_1650.bmp,Normal
1651,22.6681632653,Male,1,img_1651.bmp,Normal
1652,37.6994598765,Male,1,img_1652.bmp,Obese
1653,32.5462962963,Male,1,img_1653.bmp,Obese
1654,44.7511574074,Male,1,img_1654.bmp,Severely Obese
1655,27.1219135802,Male,1,img_1655.bmp,Overweight
1656,39.9337278107,Female,1,img_1656.bmp,Obese
1657,29.7839053254,Female,1,img_1657.bmp,Overweight
1658,37.2480536332,Male,1,img_1658.bmp,Obese
1659,29.6464100346,Male,1,img_1659.bmp,Overweight
1660,31.4557752341,Female,1,img_1660.bmp,Obese
1661,28.5296566077,Female,1,img_1661.bmp,Overweight
1662,33.14316609,Male,1,img_1662.bmp,Obese
1663,24.0211937716,Male,1,img_1663.bmp,Normal
1664,47.2505776097,Male,1,img_1664.bmp,Severely Obese
1665,31.0081915564,Male,1,img_1665.bmp,Obese
1666,32.7614784206,Male,1,img_1666.bmp,Obese
1667,27.2743342516,Male,1,img_1667.bmp,Overweight
1668,33.1414285714,Male,1,img_1668.bmp,Obese
1669,27.8330612245,Male,1,img_1669.bmp,Overweight
1670,26.9515610652,Male,1,img_1670.bmp,Overweight
1671,23.0782828283,Male,1,img_1671.bmp,Normal
1672,54.1237024221,Female,1,img_1672.bmp,Severely Obese
1673,35.8797577855,Female,1,img_1673.bmp,Obese
1674,57.427843524,Male,1,img_1674.bmp,Severely Obese
1675,28.5405982906,Male,1,img_1675.bmp,Overweight
1676,32.3538980361,Female,1,img_1676.bmp,Obese
1677,23.986510613,Female,1,img_1677.bmp,Normal
1678,36.9559611188,Male,1,img_1678.bmp,Obese
1679,28.5885736957,Male,1,img_1679.bmp,Overweight
1680,33.891184573,Male,1,img_1680.bmp,Obese
1681,24.2079889807,Male,1,img_1681.bmp,Normal
1682,35.2824836342,Male,1,img_1682.bmp,Obese
1683,26.0783574688,Male,1,img_1683.bmp,Overweight
1684,48.7271581601,Male,1,img_1684.bmp,Severely Obese
1685,39.8676748582,Male,1,img_1685.bmp,Obese
1686,42.0629552549,Female,1,img_1686.bmp,Severely Obese
1687,36.3936004162,Female,1,img_1687.bmp,Obese
1688,42.3648648649,Male,1,img_1688.bmp,Severely Obese
1689,29.527027027,Male,1,img_1689.bmp,Overweight
1690,36.9559611188,Male,1,img_1690.bmp,Obese
1691,27.7518349534,Male,1,img_1691.bmp,Overweight
1692,28.0550304558,Male,1,img_1692.bmp,Overweight
1693,24.9542113001,Male,1,img_1693.bmp,Normal
1694,31.7517089844,Female,1,img_1694.bmp,Obese
1695,27.4609375,Female,1,img_1695.bmp,Overweight
1696,40.8607419163,Male,1,img_1696.bmp,Severely Obese
1697,32.4933544932,Male,1,img_1697.bmp,Obese
1698,31.780591716,Female,1,img_1698.bmp,Obese
1699,27.2880473373,Female,1,img_1699.bmp,Overweight
1700,33.2230623819,Male,1,img_1700.bmp,Obese
1701,29.236294896,Male,1,img_1701.bmp,Overweight
1702,26.5784499055,Male,1,img_1702.bmp,Overweight
1703,23.1823146398,Male,1,img_1703.bmp,Normal
1704,33.084251607,Male,1,img_1704.bmp,Obese
1705,22.4327364555,Male,1,img_1705.bmp,Normal
1706,44.7040863177,Female,1,img_1706.bmp,Severely Obese
1707,30.1792929293,Female,1,img_1707.bmp,Obese
1708,28.6019736842,Male,1,img_1708.bmp,Overweight
1709,24.3421052632,Male,1,img_1709.bmp,Normal
1710,35.7277249135,Male,1,img_1710.bmp,Obese
1711,33.14316609,Male,1,img_1711.bmp,Obese
1712,31.7094594595,Male,1,img_1712.bmp,Obese
1713,24.6486486486,Male,1,img_1713.bmp,Normal
1714,50.9743652344,Female,1,img_1714.bmp,Severely Obese
1715,38.4453125,Female,1,img_1715.bmp,Obese
1716,31.8820861678,Female,1,img_1716.bmp,Obese
1717,26.5684051398,Female,1,img_1717.bmp,Overweight
1718,33.4472318339,Female,1,img_1718.bmp,Obese
1719,27.365916955,Female,1,img_1719.bmp,Overweight
1720,52.6351351351,Male,1,img_1720.bmp,Severely Obese
1721,45.7027027027,Male,1,img_1721.bmp,Severely Obese
1722,36.9145137576,Male,1,img_1722.bmp,Obese
1723,29.5316110061,Male,1,img_1723.bmp,Overweight
1724,31.4527027027,Male,1,img_1724.bmp,Obese
1725,25.0337837838,Male,1,img_1725.bmp,Overweight
1726,29.4112244898,Female,1,img_1726.bmp,Overweight
1727,23.3855102041,Female,1,img_1727.bmp,Normal
1728,31.8820861678,Female,1,img_1728.bmp,Obese
1729,26.5684051398,Female,1,img_1729.bmp,Overweight
1730,43.0408163265,Male,1,img_1730.bmp,Severely Obese
1731,39.4540816327,Male,1,img_1731.bmp,Obese
1732,49.2927631579,Male,1,img_1732.bmp,Severely Obese
1733,26.0460526316,Male,1,img_1733.bmp,Overweight
1734,33.4695496925,Male,1,img_1734.bmp,Obese
1735,29.285855981,Male,1,img_1735.bmp,Overweight
1736,29.1772460938,Female,1,img_1736.bmp,Overweight
1737,25.7446289062,Female,1,img_1737.bmp,Overweight
1738,43.8494096681,Female,1,img_1738.bmp,Severely Obese
1739,32.8870572511,Female,1,img_1739.bmp,Obese
1740,30.6804205515,Male,1,img_1740.bmp,Obese
1741,24.4048799841,Male,1,img_1741.bmp,Normal
1742,33.9023919753,Male,1,img_1742.bmp,Obese
1743,30.5121527778,Male,1,img_1743.bmp,Obese
1744,34.1668319778,Male,1,img_1744.bmp,Obese
1745,25.7994445547,Male,1,img_1745.bmp,Overweight
1746,27.6208284024,Female,1,img_1746.bmp,Overweight
1747,24.459408284,Female,1,img_1747.bmp,Normal
1748,52.3355263158,Male,1,img_1748.bmp,Severely Obese
1749,43.6940789474,Male,1,img_1749.bmp,Severely Obese
1750,32.5462962963,Male,1,img_1750.bmp,Obese
1751,27.7999614198,Male,1,img_1751.bmp,Overweight
1752,32.277318641,Male,1,img_1752.bmp,Obese
1753,26.6287878788,Male,1,img_1753.bmp,Overweight
1754,44.1497584541,Female,1,img_1754.bmp,Severely Obese
1755,35.4379332073,Female,1,img_1755.bmp,Obese
1756,35.8278236915,Female,1,img_1756.bmp,Obese
1757,34.0525711662,Female,1,img_1757.bmp,Obese
1758,28.8153263533,Female,1,img_1758.bmp,Overweight
1759,26.6228558699,Female,1,img_1759.bmp,Overweight
1760,30.1285714286,Male,1,img_1760.bmp,Obese
1761,25.6810204082,Male,1,img_1761.bmp,Overweight
1762,33.9023919753,Male,1,img_1762.bmp,Obese
1763,23.0536265432,Male,1,img_1763.bmp,Normal
1764,39.5759054232,Male,1,img_1764.bmp,Obese
1765,29.0223306436,Male,1,img_1765.bmp,Overweight
1766,28.0550304558,Male,1,img_1766.bmp,Overweight
1767,18.4572568788,Male,1,img_1767.bmp,Underweight
1768,36.3238815375,Male,1,img_1768.bmp,Obese
1769,24.9542113001,Male,1,img_1769.bmp,Normal
1770,35.8673469388,Female,1,img_1770.bmp,Obese
1771,30.1285714286,Female,1,img_1771.bmp,Obese
1772,29.1560570988,Male,1,img_1772.bmp,Overweight
1773,25.0877700617,Male,1,img_1773.bmp,Overweight
1774,46.4934210526,Male,1,img_1774.bmp,Severely Obese
1775,32.0098684211,Male,1,img_1775.bmp,Obese
1776,41.0488754325,Male,1,img_1776.bmp,Severely Obese
1777,25.8455882353,Male,1,img_1777.bmp,Overweight
1778,38.3910943079,Female,1,img_1778.bmp,Obese
1779,34.6996429322,Female,1,img_1779.bmp,Obese
1780,39.9256756757,Male,1,img_1780.bmp,Obese
1781,23.75,Male,1,img_1781.bmp,Normal
1782,24.4048799841,Male,1,img_1782.bmp,Normal
1783,20.2211862726,Male,1,img_1783.bmp,Normal
1784,41.5346679688,Female,1,img_1784.bmp,Severely Obese
1785,36.2141113281,Female,1,img_1785.bmp,Obese
1786,39.0482266842,Male,1,img_1786.bmp,Obese
1787,32.452242447,Male,1,img_1787.bmp,Obese
1788,27.8912914104,Male,1,img_1788.bmp,Overweight
1789,21.6157508431,Male,1,img_1789.bmp,Normal
1790,32.7722674073,Male,1,img_1790.bmp,Obese
1791,25.6599880976,Male,1,img_1791.bmp,Overweight
1792,35.5613965483,Male,1,img_1792.bmp,Obese
1793,25.7994445547,Male,1,img_1793.bmp,Overweight
1794,30.2699012812,Male,1,img_1794.bmp,Obese
1795,26.2831337954,Male,1,img_1795.bmp,Overweight
1796,30.8459183673,Male,1,img_1796.bmp,Obese
1797,24.8202040816,Male,1,img_1797.bmp,Normal
1798,43.5743801653,Female,1,img_1798.bmp,Severely Obese
1799,27.2743342516,Female,1,img_1799.bmp,Overweight
1800,50.4832374529,Male,1,img_1800.bmp,Severely Obese
1801,36.3981352906,Male,1,img_1801.bmp,Obese
1802,38.7431111111,Male,1,img_1802.bmp,Obese
1803,32.4942222222,Male,1,img_1803.bmp,Obese
1804,43.8917793965,Female,1,img_1804.bmp,Severely Obese
1805,21.9458896982,Female,1,img_1805.bmp,Normal
1806,37.2297297297,Male,1,img_1806.bmp,Obese
1807,29.527027027,Male,1,img_1807.bmp,Overweight
1808,44.3813131313,Female,1,img_1808.bmp,Severely Obese
1809,32.277318641,Female,1,img_1809.bmp,Obese
1810,34.1100591716,Female,1,img_1810.bmp,Obese
1811,27.4544378698,Female,1,img_1811.bmp,Overweight
1812,35.665316358,Male,1,img_1812.bmp,Obese
1813,25.9014274691,Male,1,img_1813.bmp,Overweight
1814,29.9831382662,Male,1,img_1814.bmp,Overweight
1815,24.4048799841,Male,1,img_1815.bmp,Normal
1816,36.6145833333,Male,1,img_1816.bmp,Obese
1817,26.4438657407,Male,1,img_1817.bmp,Overweight
1818,59.874426079,Female,1,img_1818.bmp,Severely Obese
1819,48.7387511478,Female,1,img_1819.bmp,Severely Obese
1820,38.7843364198,Male,1,img_1820.bmp,Obese
1821,25.4945987654,Male,1,img_1821.bmp,Overweight
1822,29.2252456538,Female,1,img_1822.bmp,Overweight
1823,25.3285462333,Female,1,img_1823.bmp,Overweight
1824,27.7518349534,Male,1,img_1824.bmp,Overweight
1825,18.1293394168,Male,1,img_1825.bmp,Underweight
1826,27.8581081081,Male,1,img_1826.bmp,Overweight
1827,24.2635135135,Male,1,img_1827.bmp,Normal
1828,40.7382212144,Female,1,img_1828.bmp,Severely Obese
1829,31.8820861678,Female,1,img_1829.bmp,Obese
1830,38.3910943079,Male,1,img_1830.bmp,Obese
1831,32.4847721067,Male,1,img_1831.bmp,Obese
1832,43.5260145682,Female,1,img_1832.bmp,Severely Obese
1833,30.7242455775,Female,1,img_1833.bmp,Obese
1834,37.1957671958,Female,1,img_1834.bmp,Obese
1835,30.9964726631,Female,1,img_1835.bmp,Obese
1836,29.0223306436,Female,1,img_1836.bmp,Overweight
1837,24.0093826234,Female,1,img_1837.bmp,Normal
1838,39.9337278107,Female,1,img_1838.bmp,Obese
1839,30.7822485207,Female,1,img_1839.bmp,Obese
1840,38.3886282605,Male,1,img_1840.bmp,Obese
1841,30.3415274911,Male,1,img_1841.bmp,Obese
1842,39.6689189189,Male,1,img_1842.bmp,Obese
1843,26.8310810811,Male,1,img_1843.bmp,Overweight
1844,41.7872295736,Male,1,img_1844.bmp,Severely Obese
1845,36.7668557026,Male,1,img_1845.bmp,Obese
1846,33.2845993757,Female,1,img_1846.bmp,Obese
1847,30.1755983351,Female,1,img_1847.bmp,Obese
1848,33.6700824237,Female,1,img_1848.bmp,Obese
1849,26.6228558699,Female,1,img_1849.bmp,Overweight
1850,37.7432432432,Male,1,img_1850.bmp,Obese
1851,23.75,Male,1,img_1851.bmp,Normal
1852,29.4511242604,Male,1,img_1852.bmp,Overweight
1853,24.459408284,Male,1,img_1853.bmp,Normal
1854,38.616349481,Female,1,img_1854.bmp,Obese
1855,29.1903114187,Female,1,img_1855.bmp,Overweight
1856,34.9675605536,Male,1,img_1856.bmp,Obese
1857,25.8455882353,Male,1,img_1857.bmp,Overweight
1858,62.2635135135,Male,1,img_1858.bmp,Severely Obese
1859,36.5878378378,Male,1,img_1859.bmp,Obese
1860,33.6311728395,Male,1,img_1860.bmp,Obese
1861,24.680941358,Male,1,img_1861.bmp,Normal
1862,44.1497584541,Female,1,img_1862.bmp,Severely Obese
1863,35.2902751523,Female,1,img_1863.bmp,Obese
1864,37.2719982179,Female,1,img_1864.bmp,Obese
1865,25.3700155937,Female,1,img_1865.bmp,Overweight
1866,30.2620511803,Male,1,img_1866.bmp,Obese
1867,23.7075976989,Male,1,img_1867.bmp,Normal
1868,30.2620511803,Male,1,img_1868.bmp,Obese
1869,23.7075976989,Male,1,img_1869.bmp,Normal
1870,30.9893877551,Male,1,img_1870.bmp,Obese
1871,23.8159183673,Male,1,img_1871.bmp,Normal
1872,35.15,Male,1,img_1872.bmp,Obese
1873,25.1071428571,Male,1,img_1873.bmp,Overweight
1874,32.074985122,Male,1,img_1874.bmp,Obese
1875,24.4048799841,Male,1,img_1875.bmp,Normal
1876,58.9061065197,Male,1,img_1876.bmp,Severely Obese
1877,30.9862258953,Male,1,img_1877.bmp,Obese
1878,28.3455112497,Female,1,img_1878.bmp,Overweight
1879,22.8643350412,Female,1,img_1879.bmp,Normal
1880,39.1280148423,Male,1,img_1880.bmp,Obese
1881,25.4924945185,Male,1,img_1881.bmp,Overweight
1882,41.5547006943,Male,1,img_1882.bmp,Severely Obese
1883,26.3839369488,Male,1,img_1883.bmp,Overweight
1884,30.8459183673,Male,1,img_1884.bmp,Obese
1885,24.6767346939,Male,1,img_1885.bmp,Normal
1886,41.0488754325,Male,1,img_1886.bmp,Severely Obese
1887,38.464316609,Male,1,img_1887.bmp,Obese
1888,37.8561851211,Male,1,img_1888.bmp,Obese
1889,32.3830017301,Male,1,img_1889.bmp,Obese
1890,28.0550304558,Male,1,img_1890.bmp,Overweight
1891,25.5448435203,Male,1,img_1891.bmp,Overweight
1892,34.2991180334,Male,1,img_1892.bmp,Obese
1893,27.0435353725,Male,1,img_1893.bmp,Overweight
1894,36.3310810811,Male,1,img_1894.bmp,Obese
1895,26.0608108108,Male,1,img_1895.bmp,Overweight
1896,40.3106490233,Male,1,img_1896.bmp,Severely Obese
1897,32.4847721067,Male,1,img_1897.bmp,Obese
1898,25.2416187264,Male,1,img_1898.bmp,Overweight
1899,23.8470541559,Male,1,img_1899.bmp,Normal
1900,33.6700824237,Male,1,img_1900.bmp,Obese
1901,25.0568055246,Male,1,img_1901.bmp,Overweight
1902,28.5885736957,Male,1,img_1902.bmp,Overweight
1903,23.7075976989,Male,1,img_1903.bmp,Normal
1904,33.9023919753,Male,1,img_1904.bmp,Obese
1905,27.1219135802,Male,1,img_1905.bmp,Overweight
1906,45.9102040816,Male,1,img_1906.bmp,Severely Obese
1907,30.5589795918,Male,1,img_1907.bmp,Obese
1908,38.9669942051,Female,1,img_1908.bmp,Obese
1909,29.9337364575,Female,1,img_1909.bmp,Overweight
1910,32.9117238643,Male,1,img_1910.bmp,Obese
1911,26.636183297,Male,1,img_1911.bmp,Overweight
1912,34.109010712,Male,1,img_1912.bmp,Obese
1913,23.0346565848,Male,1,img_1913.bmp,Normal
1914,33.5075999249,Male,1,img_1914.bmp,Obese
1915,29.2861700131,Male,1,img_1915.bmp,Overweight
1916,31.4944,Male,1,img_1916.bmp,Obese
1917,24.3706666667,Male,1,img_1917.bmp,Normal
1918,37.2926311728,Female,1,img_1918.bmp,Obese
1919,31.597029321,Female,1,img_1919.bmp,Obese
1920,36.3119834711,Female,1,img_1920.bmp,Obese
1921,28.2426538108,Female,1,img_1921.bmp,Overweight
1922,35.6664370983,Female,1,img_1922.bmp,Obese
1923,29.8565197429,Female,1,img_1923.bmp,Overweight
1924,39.7972972973,Male,1,img_1924.bmp,Obese
1925,22.8513513514,Male,1,img_1925.bmp,Normal
1926,29.6819290674,Male,1,img_1926.bmp,Overweight
1927,24.4051416776,Male,1,img_1927.bmp,Normal
1928,33.3707204369,Female,1,img_1928.bmp,Obese
1929,24.9542113001,Female,1,img_1929.bmp,Normal
1930,40.0908888394,Female,1,img_1930.bmp,Severely Obese
1931,36.3323680107,Female,1,img_1931.bmp,Obese
1932,34.4531075963,Male,1,img_1932.bmp,Obese
1933,26.6228558699,Male,1,img_1933.bmp,Overweight
1934,40.2341311134,Female,1,img_1934.bmp,Severely Obese
1935,27.9810093652,Female,1,img_1935.bmp,Overweight
1936,40.2760416667,Male,1,img_1936.bmp,Severely Obese
1937,29.8341049383,Male,1,img_1937.bmp,Overweight
1938,34.6646942801,Male,1,img_1938.bmp,Obese
1939,28.8872452334,Male,1,img_1939.bmp,Overweight
1940,35.6186666667,Male,1,img_1940.bmp,Obese
1941,24.3706666667,Male,1,img_1941.bmp,Normal
1942,33.6396484375,Female,1,img_1942.bmp,Obese
1943,21.6254882812,Female,1,img_1943.bmp,Normal
1944,43.8018904321,Male,1,img_1944.bmp,Severely Obese
1945,38.377507716,Male,1,img_1945.bmp,Obese
1946,46.8666666667,Male,1,img_1946.bmp,Severely Obese
1947,41.2426666667,Male,1,img_1947.bmp,Severely Obese
1948,34.9675605536,Male,1,img_1948.bmp,Obese
1949,21.2846020761,Male,1,img_1949.bmp,Normal
1950,52.4809027778,Male,1,img_1950.bmp,Severely Obese
1951,38.9199459877,Male,1,img_1951.bmp,Obese
1952,35.15,Male,1,img_1952.bmp,Obese
1953,29.4112244898,Male,1,img_1953.bmp,Overweight
1954,26.289704142,Female,1,img_1954.bmp,Overweight
1955,24.6257988166,Female,1,img_1955.bmp,Normal
1956,41.722972973,Male,1,img_1956.bmp,Severely Obese
1957,33.7635135135,Male,1,img_1957.bmp,Obese
1958,38.312283737,Female,1,img_1958.bmp,Obese
1959,25.3894896194,Female,1,img_1959.bmp,Overweight
1960,37.9304199219,Female,1,img_1960.bmp,Obese
1961,25.2297363281,Female,1,img_1961.bmp,Overweight
1962,23.7455432539,Male,1,img_1962.bmp,Normal
1963,21.107149559,Male,1,img_1963.bmp,Normal
1964,36.3101536911,Female,1,img_1964.bmp,Obese
1965,23.9115646259,Female,1,img_1965.bmp,Normal
1966,34.1668319778,Male,1,img_1966.bmp,Obese
1967,29.285855981,Male,1,img_1967.bmp,Overweight
1968,31.9936734694,Male,1,img_1968.bmp,Obese
1969,25.1071428571,Male,1,img_1969.bmp,Overweight
1970,36.487276392,Female,1,img_1970.bmp,Obese
1971,32.9448223734,Female,1,img_1971.bmp,Obese
1972,32.2606371129,Female,1,img_1972.bmp,Obese
1973,27.249276008,Female,1,img_1973.bmp,Overweight
1974,41.4185677445,Female,1,img_1974.bmp,Severely Obese
1975,35.8403094624,Female,1,img_1975.bmp,Obese
1976,28.7448888889,Male,1,img_1976.bmp,Overweight
1977,26.2453333333,Male,1,img_1977.bmp,Overweight
1978,45.8864901332,Male,1,img_1978.bmp,Severely Obese
1979,34.9780738742,Male,1,img_1979.bmp,Obese
1980,38.2567085757,Male,1,img_1980.bmp,Obese
1981,25.7243385251,Male,1,img_1981.bmp,Overweight
1982,37.3020408163,Female,1,img_1982.bmp,Obese
1983,31.5632653061,Female,1,img_1983.bmp,Obese
1984,31.8682484568,Male,1,img_1984.bmp,Obese
1985,23.7316743827,Male,1,img_1985.bmp,Normal
1986,30.2699012812,Female,1,img_1986.bmp,Obese
1987,24.215921025,Female,1,img_1987.bmp,Normal
1988,41.8090397924,Female,1,img_1988.bmp,Severely Obese
1989,27.365916955,Female,1,img_1989.bmp,Overweight
1990,39.1512586322,Female,1,img_1990.bmp,Obese
1991,32.8870572511,Female,1,img_1991.bmp,Obese
1992,55.3717706364,Male,1,img_1992.bmp,Severely Obese
1993,45.0357067843,Male,1,img_1993.bmp,Severely Obese
1994,38.2698224852,Female,1,img_1994.bmp,Obese
1995,24.9585798817,Female,1,img_1995.bmp,Normal
1996,42.9611111111,Female,1,img_1996.bmp,Severely Obese
1997,34.9547222222,Female,1,img_1997.bmp,Obese
1998,27.1157142857,Male,1,img_1998.bmp,Overweight
1999,19.5118367347,Male,1,img_1999.bmp,Normal
2000,34.326171875,Female,1,img_2000.bmp,Obese
2001,26.9460449219,Female,1,img_2001.bmp,Overweight
2002,35.1756756757,Male,1,img_2002.bmp,Obese
2003,31.8378378378,Male,1,img_2003.bmp,Obese
2004,35.4379332073,Male,1,img_2004.bmp,Obese
2005,25.3971854652,Male,1,img_2005.bmp,Overweight
2006,33.4472318339,Female,1,img_2006.bmp,Obese
2007,30.4065743945,Female,1,img_2007.bmp,Obese
2008,53.5526315789,Male,1,img_2008.bmp,Severely Obese
2009,40.8947368421,Male,1,img_2009.bmp,Severely Obese
2010,36.2779133046,Male,1,img_2010.bmp,Obese
2011,26.3839369488,Male,1,img_2011.bmp,Overweight
2012,36.6059171598,Female,1,img_2012.bmp,Obese
2013,25.7905325444,Female,1,img_2013.bmp,Overweight
2014,30.8459183673,Male,1,img_2014.bmp,Obese
2015,24.1028571429,Male,1,img_2015.bmp,Normal
2016,29.1183431953,Female,1,img_2016.bmp,Overweight
2017,27.4544378698,Female,1,img_2017.bmp,Overweight
2018,36.0424804688,Female,1,img_2018.bmp,Obese
2019,26.6027832031,Female,1,img_2019.bmp,Overweight
2020,36.0424804688,Female,1,img_2020.bmp,Obese
2021,30.5502929688,Female,1,img_2021.bmp,Obese
2022,31.7748702422,Female,1,img_2022.bmp,Obese
2023,21.1325692042,Female,1,img_2023.bmp,Normal
2024,34.951625907,Female,1,img_2024.bmp,Obese
2025,33.062348831,Female,1,img_2025.bmp,Obese
2026,25.8398306973,Female,1,img_2026.bmp,Overweight
2027,22.3945199376,Female,1,img_2027.bmp,Normal
2028,36.629026956,Male,1,img_2028.bmp,Obese
2029,32.3537146614,Male,1,img_2029.bmp,Obese
2030,38.0193877551,Male,1,img_2030.bmp,Obese
2031,26.5418367347,Male,1,img_2031.bmp,Overweight
2032,44.1497584541,Male,1,img_2032.bmp,Severely Obese
2033,34.109010712,Male,1,img_2033.bmp,Obese
2034,32.7722674073,Female,1,img_2034.bmp,Obese
2035,23.0103154136,Female,1,img_2035.bmp,Normal
2036,33.7667824074,Male,1,img_2036.bmp,Obese
2037,31.0545910494,Male,1,img_2037.bmp,Obese
2038,34.8267967724,Male,1,img_2038.bmp,Obese
2039,24.2732219929,Male,1,img_2039.bmp,Normal
2040,36.5878378378,Male,1,img_2040.bmp,Obese
2041,29.527027027,Male,1,img_2041.bmp,Overweight
2042,43.3950617284,Male,1,img_2042.bmp,Severely Obese
2043,30.5121527778,Male,1,img_2043.bmp,Obese
2044,30.5020661157,Female,1,img_2044.bmp,Obese
2045,27.1129476584,Female,1,img_2045.bmp,Overweight
2046,27.4058810425,Female,1,img_2046.bmp,Overweight
2047,19.5756293161,Female,1,img_2047.bmp,Normal
2048,25.8398306973,Female,1,img_2048.bmp,Overweight
2049,21.1416796614,Female,1,img_2049.bmp,Normal
2050,40.3106490233,Male,1,img_2050.bmp,Severely Obese
2051,29.9745851712,Male,1,img_2051.bmp,Overweight
2052,36.3119834711,Female,1,img_2052.bmp,Obese
2053,27.1129476584,Female,1,img_2053.bmp,Overweight
2054,33.8332466181,Female,1,img_2054.bmp,Obese
2055,24.6891259105,Female,1,img_2055.bmp,Normal
2056,35.8673469388,Male,1,img_2056.bmp,Obese
2057,29.4112244898,Male,1,img_2057.bmp,Overweight
2058,38.2434362529,Male,1,img_2058.bmp,Obese
2059,27.9073724008,Male,1,img_2059.bmp,Overweight
2060,62.2635135135,Male,1,img_2060.bmp,Severely Obese
2061,34.277027027,Male,1,img_2061.bmp,Obese
2062,36.541752674,Male,1,img_2062.bmp,Obese
2063,30.0776881216,Male,1,img_2063.bmp,Obese
2064,58.3544921875,Female,1,img_2064.bmp,Severely Obese
2065,54.7502441406,Female,1,img_2065.bmp,Severely Obese
2066,41.5032894737,Male,1,img_2066.bmp,Severely Obese
2067,28.6019736842,Male,1,img_2067.bmp,Overweight
2068,42.0389660494,Male,1,img_2068.bmp,Severely Obese
2069,25.7658179012,Male,1,img_2069.bmp,Overweight
2070,36.2586788336,Male,1,img_2070.bmp,Obese
2071,29.285855981,Male,1,img_2071.bmp,Overweight
2072,34.7476586889,Female,1,img_2072.bmp,Obese
2073,29.2611862643,Female,1,img_2073.bmp,Overweight
2074,42.9077148438,Female,1,img_2074.bmp,Severely Obese
2075,25.7446289062,Female,1,img_2075.bmp,Overweight
2076,28.4780092593,Male,1,img_2076.bmp,Overweight
2077,25.7658179012,Male,1,img_2077.bmp,Overweight
2078,32.5462962963,Male,1,img_2078.bmp,Obese
2079,24.4097222222,Male,1,img_2079.bmp,Normal
2080,39.4623842593,Female,1,img_2080.bmp,Obese
2081,29.8341049383,Female,1,img_2081.bmp,Overweight
2082,34.1671983487,Male,1,img_2082.bmp,Obese
2083,24.4051416776,Male,1,img_2083.bmp,Normal
2084,35.9365354938,Male,1,img_2084.bmp,Obese
2085,28.7492283951,Male,1,img_2085.bmp,Overweight
2086,29.4440686785,Female,1,img_2086.bmp,Overweight
2087,25.6035379813,Female,1,img_2087.bmp,Overweight
2088,23.0259511212,Female,1,img_2088.bmp,Normal
2089,21.2547241119,Female,1,img_2089.bmp,Normal
2090,29.6951331497,Female,1,img_2090.bmp,Overweight
2091,23.2396694215,Female,1,img_2091.bmp,Normal
2092,38.2432,Male,1,img_2092.bmp,Obese
2093,30.6195555556,Male,1,img_2093.bmp,Obese
2094,53.1368102797,Female,1,img_2094.bmp,Severely Obese
2095,30.9964726631,Female,1,img_2095.bmp,Obese
2096,30.6804205515,Male,1,img_2096.bmp,Obese
2097,23.0103154136,Male,1,img_2097.bmp,Normal
2098,26.6287878788,Male,1,img_2098.bmp,Overweight
2099,22.5941230487,Male,1,img_2099.bmp,Normal
2100,50.6753902663,Female,1,img_2100.bmp,Severely Obese
2101,44.5426997245,Female,1,img_2101.bmp,Severely Obese
2102,40.8607419163,Male,1,img_2102.bmp,Severely Obese
2103,26.4967268399,Male,1,img_2103.bmp,Overweight
2104,29.267755102,Male,1,img_2104.bmp,Overweight
2105,20.6595918367,Male,1,img_2105.bmp,Normal
2106,30.3813766986,Male,1,img_2106.bmp,Obese
2107,23.1775451103,Male,1,img_2107.bmp,Normal
2108,32.277318641,Female,1,img_2108.bmp,Obese
2109,20.9802571166,Female,1,img_2109.bmp,Normal
2110,31.8682484568,Male,1,img_2110.bmp,Obese
2111,26.8506944444,Male,1,img_2111.bmp,Overweight
2112,39.7336033951,Male,1,img_2112.bmp,Obese
2113,32.5462962963,Male,1,img_2113.bmp,Obese
2114,49.9273469388,Male,1,img_2114.bmp,Severely Obese
2115,32.4240816327,Male,1,img_2115.bmp,Obese
2116,43.0067567568,Male,1,img_2116.bmp,Severely Obese
2117,32.0945945946,Male,1,img_2117.bmp,Obese
2118,33.6700824237,Male,1,img_2118.bmp,Obese
2119,27.4058810425,Male,1,img_2119.bmp,Overweight
2120,51.4892578125,Female,1,img_2120.bmp,Severely Obese
2121,45.8254394531,Female,1,img_2121.bmp,Severely Obese
2122,50.6269463668,Female,1,img_2122.bmp,Severely Obese
2123,31.4708044983,Female,1,img_2123.bmp,Obese
2124,32.9117238643,Male,1,img_2124.bmp,Obese
2125,22.4524895854,Male,1,img_2125.bmp,Normal
2126,57.3163927336,Female,1,img_2126.bmp,Severely Obese
2127,34.3594290657,Female,1,img_2127.bmp,Obese
2128,32.8618421053,Male,1,img_2128.bmp,Obese
2129,23.125,Male,1,img_2129.bmp,Normal
2130,43.854442344,Male,1,img_2130.bmp,Severely Obese
2131,25.8401596303,Male,1,img_2131.bmp,Overweight
2132,73.8750234566,Male,1,img_2132.bmp,Severely Obese
2133,58.176580972,Male,1,img_2133.bmp,Severely Obese
2134,29.7549565605,Male,1,img_2134.bmp,Overweight
2135,25.0568055246,Male,1,img_2135.bmp,Overweight
2136,29.4272762346,Female,1,img_2136.bmp,Overweight
2137,22.3755787037,Female,1,img_2137.bmp,Normal
2138,33.6311728395,Male,1,img_2138.bmp,Obese
2139,27.6643518519,Male,1,img_2139.bmp,Overweight
2140,30.4734471758,Male,1,img_2140.bmp,Obese
2141,25.5924188403,Male,1,img_2141.bmp,Overweight
2142,39.7011019284,Female,1,img_2142.bmp,Obese
2143,26.9515610652,Female,1,img_2143.bmp,Overweight
2144,35.5613965483,Male,1,img_2144.bmp,Obese
2145,26.9150962111,Male,1,img_2145.bmp,Overweight
2146,26.289704142,Female,1,img_2146.bmp,Overweight
2147,20.1332544379,Female,1,img_2147.bmp,Normal
2148,27.1940091252,Female,1,img_2148.bmp,Overweight
2149,21.6157508431,Female,1,img_2149.bmp,Normal
2150,37.7644628099,Female,1,img_2150.bmp,Obese
2151,20.0119375574,Female,1,img_2151.bmp,Normal
2152,26.6027832031,Female,1,img_2152.bmp,Overweight
2153,22.3120117188,Female,1,img_2153.bmp,Normal
2154,41.1965973535,Male,1,img_2154.bmp,Severely Obese
2155,28.3503465658,Male,1,img_2155.bmp,Overweight
2156,81.2119302668,Male,1,img_2156.bmp,Severely Obese
2157,42.0825456837,Male,1,img_2157.bmp,Severely Obese
2158,31.8682484568,Male,1,img_2158.bmp,Obese
2159,24.4097222222,Male,1,img_2159.bmp,Normal
2160,33.3783783784,Male,1,img_2160.bmp,Obese
2161,26.9594594595,Male,1,img_2161.bmp,Overweight
2162,57.3247070312,Female,1,img_2162.bmp,Severely Obese
2163,30.7219238281,Female,1,img_2163.bmp,Obese
2164,50.1136110492,Female,1,img_2164.bmp,Severely Obese
2165,32.8870572511,Female,1,img_2165.bmp,Obese
2166,53.559392006,Male,1,img_2166.bmp,Severely Obese
2167,28.8904109589,Male,1,img_2167.bmp,Overweight
2168,43.9016326531,Female,1,img_2168.bmp,Severely Obese
2169,34.576122449,Female,1,img_2169.bmp,Obese
2170,28.9719313878,Female,1,img_2170.bmp,Overweight
2171,24.273780352,Female,1,img_2171.bmp,Normal
2172,43.3950617284,Male,1,img_2172.bmp,Severely Obese
2173,29.8341049383,Male,1,img_2173.bmp,Overweight
2174,34.5389266818,Female,1,img_2174.bmp,Obese
2175,29.5794910557,Female,1,img_2175.bmp,Overweight
2176,43.2615384615,Female,1,img_2176.bmp,Severely Obese
2177,39.1017751479,Female,1,img_2177.bmp,Obese
2178,29.425312438,Male,1,img_2178.bmp,Overweight
2179,27.7518349534,Male,1,img_2179.bmp,Overweight
2180,34.864114263,Male,1,img_2180.bmp,Obese
2181,26.4967268399,Male,1,img_2181.bmp,Overweight
2182,35.9403550296,Female,1,img_2182.bmp,Obese
2183,24.459408284,Female,1,img_2183.bmp,Normal
2184,33.8587755102,Male,1,img_2184.bmp,Obese
2185,25.2506122449,Male,1,img_2185.bmp,Overweight
2186,42.3234693878,Male,1,img_2186.bmp,Severely Obese
2187,31.5632653061,Male,1,img_2187.bmp,Obese
2188,31.2444444444,Female,1,img_2188.bmp,Obese
2189,20.1136111111,Female,1,img_2189.bmp,Normal
2190,45.4797959184,Female,1,img_2190.bmp,Severely Obese
2191,32.7110204082,Female,1,img_2191.bmp,Obese
2192,40.8607419163,Male,1,img_2192.bmp,Severely Obese
2193,25.5205316405,Male,1,img_2193.bmp,Overweight
2194,46.0206308272,Male,1,img_2194.bmp,Severely Obese
2195,26.0783574688,Male,1,img_2195.bmp,Overweight
2196,33.6700824237,Male,1,img_2196.bmp,Obese
2197,24.273780352,Male,1,img_2197.bmp,Normal
2198,35.6186666667,Male,1,img_2198.bmp,Obese
2199,26.1203555556,Male,1,img_2199.bmp,Overweight
2200,58.5833333333,Male,1,img_2200.bmp,Severely Obese
2201,40.6177777778,Male,1,img_2201.bmp,Severely Obese
2202,39.4623842593,Female,1,img_2202.bmp,Obese
2203,29.1560570988,Female,1,img_2203.bmp,Overweight
2204,28.0711805556,Male,1,img_2204.bmp,Overweight
2205,24.8165509259,Male,1,img_2205.bmp,Normal
2206,26.6228558699,Male,1,img_2206.bmp,Overweight
2207,21.924704834,Male,1,img_2207.bmp,Normal
2208,44.3980112873,Female,1,img_2208.bmp,Severely Obese
2209,36.8409029831,Female,1,img_2209.bmp,Obese
2210,36.5764828304,Male,1,img_2210.bmp,Obese
2211,23.7747138398,Male,1,img_2211.bmp,Normal
2212,25.8218549128,Male,1,img_2212.bmp,Overweight
2213,25.1763085399,Male,1,img_2213.bmp,Overweight
2214,37.1027777778,Female,1,img_2214.bmp,Obese
2215,29.8775,Female,1,img_2215.bmp,Overweight
2216,44.3671111111,Male,1,img_2216.bmp,Severely Obese
2217,36.8684444444,Male,1,img_2217.bmp,Obese
2218,40.0048225309,Male,1,img_2218.bmp,Severely Obese
2219,24.5453317901,Male,1,img_2219.bmp,Normal
2220,39.4661773458,Male,1,img_2220.bmp,Obese
2221,27.8912914104,Male,1,img_2221.bmp,Overweight
2222,32.5462962963,Male,1,img_2222.bmp,Obese
2223,23.0536265432,Male,1,img_2223.bmp,Normal
2224,29.9831382662,Male,1,img_2224.bmp,Overweight
2225,25.1021622694,Male,1,img_2225.bmp,Overweight
2226,39.4750976562,Female,1,img_2226.bmp,Obese
2227,31.7517089844,Female,1,img_2227.bmp,Obese
2228,37.8566597294,Male,1,img_2228.bmp,Obese
2229,28.3467741935,Male,1,img_2229.bmp,Overweight
2230,35.8673469388,Male,1,img_2230.bmp,Obese
2231,28.693877551,Male,1,img_2231.bmp,Overweight
2232,33.0754043268,Male,1,img_2232.bmp,Obese
2233,28.940978786,Male,1,img_2233.bmp,Overweight
2234,30.1285714286,Male,1,img_2234.bmp,Obese
2235,27.9765306122,Male,1,img_2235.bmp,Overweight
2236,29.8341049383,Male,1,img_2236.bmp,Overweight
2237,25.6302083333,Male,1,img_2237.bmp,Overweight
2238,52.4506427916,Female,1,img_2238.bmp,Severely Obese
2239,43.5743801653,Female,1,img_2239.bmp,Severely Obese
2240,47.1984863281,Female,1,img_2240.bmp,Severely Obese
2241,29.1772460938,Female,1,img_2241.bmp,Overweight
2242,45.6098615917,Female,1,img_2242.bmp,Severely Obese
2243,38.616349481,Female,1,img_2243.bmp,Obese
2244,37.1189164371,Male,1,img_2244.bmp,Obese
2245,32.9228650138,Male,1,img_2245.bmp,Obese
2246,37.0298306907,Female,1,img_2246.bmp,Obese
2247,22.8602526203,Female,1,img_2247.bmp,Normal
2248,28.1889062152,Female,1,img_2248.bmp,Overweight
2249,21.1416796614,Female,1,img_2249.bmp,Normal
2250,36.9439878893,Female,1,img_2250.bmp,Obese
2251,33.9033304498,Female,1,img_2251.bmp,Obese
2252,26.214159738,Male,1,img_2252.bmp,Overweight
2253,22.3174603175,Male,1,img_2253.bmp,Normal
2254,42.3234693878,Male,1,img_2254.bmp,Severely Obese
2255,27.9765306122,Male,1,img_2255.bmp,Overweight
2256,37.4416896235,Female,1,img_2256.bmp,Obese
2257,26.6287878788,Female,1,img_2257.bmp,Overweight
2258,27.8041992188,Female,1,img_2258.bmp,Overweight
2259,24.3715820312,Female,1,img_2259.bmp,Normal
2260,37.9706790123,Male,1,img_2260.bmp,Obese
2261,23.7316743827,Male,1,img_2261.bmp,Normal
2262,39.8676748582,Male,1,img_2262.bmp,Obese
2263,32.1894559966,Male,1,img_2263.bmp,Obese
2264,43.0408163265,Male,1,img_2264.bmp,Severely Obese
2265,31.5632653061,Male,1,img_2265.bmp,Obese
2266,33.2230623819,Male,1,img_2266.bmp,Obese
2267,26.2831337954,Male,1,img_2267.bmp,Overweight
2268,26.5684051398,Female,1,img_2268.bmp,Overweight
2269,22.6717057193,Female,1,img_2269.bmp,Normal
2270,41.606122449,Male,1,img_2270.bmp,Severely Obese
2271,31.5632653061,Male,1,img_2271.bmp,Obese
2272,52.3474121094,Female,1,img_2272.bmp,Severely Obese
2273,27.6325683594,Female,1,img_2273.bmp,Overweight
2274,38.7367346939,Male,1,img_2274.bmp,Obese
2275,30.1285714286,Male,1,img_2275.bmp,Obese
2276,32.9188345473,Female,1,img_2276.bmp,Obese
2277,25.6035379813,Female,1,img_2277.bmp,Overweight
2278,34.6188444444,Male,1,img_2278.bmp,Obese
2279,19.2465777778,Male,1,img_2279.bmp,Normal
2280,24.6293252595,Male,1,img_2280.bmp,Normal
2281,22.8049307958,Male,1,img_2281.bmp,Normal
2282,29.5794910557,Female,1,img_2282.bmp,Overweight
2283,23.9115646259,Female,1,img_2283.bmp,Normal
2284,43.9287839714,Male,1,img_2284.bmp,Severely Obese
2285,27.3334655822,Male,1,img_2285.bmp,Overweight
2286,35.9936,Male,1,img_2286.bmp,Obese
2287,27.3701333333,Male,1,img_2287.bmp,Overweight
2288,35.0795277345,Female,1,img_2288.bmp,Obese
2289,25.3700155937,Female,1,img_2289.bmp,Overweight
2290,26.0853432282,Male,1,img_2290.bmp,Overweight
2291,23.7139483893,Male,1,img_2291.bmp,Normal
2292,31.0651855469,Female,1,img_2292.bmp,Obese
2293,27.1176757812,Female,1,img_2293.bmp,Overweight
2294,30.8459183673,Female,1,img_2294.bmp,Obese
2295,27.2591836735,Female,1,img_2295.bmp,Overweight
2296,36.9559611188,Male,1,img_2296.bmp,Obese
2297,32.7722674073,Male,1,img_2297.bmp,Obese
2298,31.6142011834,Female,1,img_2298.bmp,Obese
2299,23.2946745562,Female,1,img_2299.bmp,Normal
2300,42.7944849116,Female,1,img_2300.bmp,Severely Obese
2301,36.5764828304,Female,1,img_2301.bmp,Obese
2302,33.084251607,Female,1,img_2302.bmp,Obese
2303,21.7871900826,Female,1,img_2303.bmp,Normal
2304,41.0305190466,Male,1,img_2304.bmp,Severely Obese
2305,30.0681666295,Male,1,img_2305.bmp,Obese
2306,29.1418918919,Male,1,img_2306.bmp,Overweight
2307,22.4662162162,Male,1,img_2307.bmp,Normal
2308,30.6634527089,Male,1,img_2308.bmp,Obese
2309,20.9802571166,Male,1,img_2309.bmp,Normal
2310,32.8175154321,Male,1,img_2310.bmp,Obese
2311,28.7492283951,Male,1,img_2311.bmp,Overweight
2312,32.7614784206,Female,1,img_2312.bmp,Obese
2313,27.9198806244,Female,1,img_2313.bmp,Overweight
2314,33.4955632716,Male,1,img_2314.bmp,Obese
2315,31.4614197531,Male,1,img_2315.bmp,Obese
2316,27.669982699,Female,1,img_2316.bmp,Overweight
2317,21.5886678201,Female,1,img_2317.bmp,Normal
2318,29.0495867769,Female,1,img_2318.bmp,Overweight
2319,24.2079889807,Female,1,img_2319.bmp,Normal
2320,34.9420118343,Male,1,img_2320.bmp,Obese
2321,24.1266272189,Male,1,img_2321.bmp,Normal
2322,51.4892578125,Female,1,img_2322.bmp,Severely Obese
2323,44.7956542969,Female,1,img_2323.bmp,Severely Obese
2324,36.9559611188,Male,1,img_2324.bmp,Obese
2325,25.7994445547,Male,1,img_2325.bmp,Overweight
2326,29.950295858,Female,1,img_2326.bmp,Overweight
2327,23.6274556213,Female,1,img_2327.bmp,Normal
2328,28.9519526627,Female,1,img_2328.bmp,Overweight
2329,24.9585798817,Female,1,img_2329.bmp,Normal
2330,25.9389010117,Male,1,img_2330.bmp,Overweight
2331,23.7075976989,Male,1,img_2331.bmp,Normal
2332,24.3897959184,Female,1,img_2332.bmp,Normal
2333,21.5204081633,Female,1,img_2333.bmp,Normal
2334,38.0193877551,Male,1,img_2334.bmp,Obese
2335,30.1285714286,Male,1,img_2335.bmp,Obese
2336,46.5893491124,Female,1,img_2336.bmp,Severely Obese
2337,30.7822485207,Female,1,img_2337.bmp,Obese
2338,27.1176757812,Female,1,img_2338.bmp,Overweight
2339,23.6850585938,Female,1,img_2339.bmp,Normal
2340,38.7431111111,Male,1,img_2340.bmp,Obese
2341,29.9946666667,Male,1,img_2341.bmp,Overweight
2342,28.12,Male,1,img_2342.bmp,Overweight
2343,24.9955555556,Male,1,img_2343.bmp,Normal
2344,41.0305190466,Female,1,img_2344.bmp,Severely Obese
2345,34.4531075963,Female,1,img_2345.bmp,Obese
2346,33.7153061224,Male,1,img_2346.bmp,Obese
2347,23.6724489796,Male,1,img_2347.bmp,Normal
2348,38.7327823691,Male,1,img_2348.bmp,Obese
2349,28.2426538108,Male,1,img_2349.bmp,Overweight
2350,30.7927631579,Male,1,img_2350.bmp,Obese
2351,28.8453947368,Male,1,img_2351.bmp,Overweight
2352,33.7926614325,Male,1,img_2352.bmp,Obese
2353,27.5973401698,Male,1,img_2353.bmp,Overweight
2354,26.6027832031,Female,1,img_2354.bmp,Overweight
2355,23.1701660156,Female,1,img_2355.bmp,Normal
2356,53.8951900861,Male,1,img_2356.bmp,Severely Obese
2357,36.7668557026,Male,1,img_2357.bmp,Obese
2358,37.6532434041,Male,1,img_2358.bmp,Obese
2359,26.2178139258,Male,1,img_2359.bmp,Overweight
2360,31.3210069058,Female,1,img_2360.bmp,Obese
2361,23.3341501448,Female,1,img_2361.bmp,Normal
2362,44.0021003991,Male,1,img_2362.bmp,Severely Obese
2363,24.6588951901,Male,1,img_2363.bmp,Normal
2364,55.8711419753,Male,1,img_2364.bmp,Severely Obese
2365,33.9023919753,Male,1,img_2365.bmp,Obese
2366,28.8904109589,Male,1,img_2366.bmp,Overweight
2367,24.8009007318,Male,1,img_2367.bmp,Normal
2368,27.0435353725,Male,1,img_2368.bmp,Overweight
2369,25.7243385251,Male,1,img_2369.bmp,Overweight
2370,39.5285467128,Male,1,img_2370.bmp,Obese
2371,25.8455882353,Male,1,img_2371.bmp,Overweight
2372,32.7789349112,Female,1,img_2372.bmp,Obese
2373,22.9618934911,Female,1,img_2373.bmp,Normal
2374,34.8155276817,Female,1,img_2374.bmp,Obese
2375,25.2374567474,Female,1,img_2375.bmp,Overweight
2376,34.864114263,Male,1,img_2376.bmp,Obese
2377,29.9831382662,Male,1,img_2377.bmp,Overweight
2378,41.8043665613,Female,1,img_2378.bmp,Severely Obese
2379,35.7457627119,Female,1,img_2379.bmp,Obese
2380,34.3848427842,Female,1,img_2380.bmp,Obese
2381,26.4498790648,Female,1,img_2381.bmp,Overweight
2382,45.8310810811,Male,1,img_2382.bmp,Severely Obese
2383,35.4324324324,Male,1,img_2383.bmp,Obese
2384,31.1667387543,Female,1,img_2384.bmp,Obese
2385,26.6057525952,Female,1,img_2385.bmp,Overweight
2386,39.321239607,Female,1,img_2386.bmp,Obese
2387,35.0702947846,Female,1,img_2387.bmp,Obese
2388,40.163459631,Male,1,img_2388.bmp,Severely Obese
2389,34.3062884348,Male,1,img_2389.bmp,Obese
2390,46.1718896603,Male,1,img_2390.bmp,Severely Obese
2391,32.979921186,Male,1,img_2391.bmp,Obese
2392,29.7042253521,Male,1,img_2392.bmp,Overweight
2393,26.2178139258,Male,1,img_2393.bmp,Overweight
2394,42.2832874197,Female,1,img_2394.bmp,Severely Obese
2395,33.084251607,Female,1,img_2395.bmp,Obese
2396,32.0038580247,Male,1,img_2396.bmp,Obese
2397,27.528742284,Male,1,img_2397.bmp,Overweight
2398,38.0813807004,Female,1,img_2398.bmp,Obese
2399,27.4540186445,Female,1,img_2399.bmp,Overweight
2400,30.8459183673,Male,1,img_2400.bmp,Obese
2401,27.1157142857,Male,1,img_2401.bmp,Overweight
2402,29.9831382662,Male,1,img_2402.bmp,Overweight
2403,23.7075976989,Male,1,img_2403.bmp,Normal
2404,34.8410644531,Male,1,img_2404.bmp,Obese
2405,30.8935546875,Male,1,img_2405.bmp,Obese
2406,59.1967030519,Female,1,img_2406.bmp,Severely Obese
2407,51.2098462909,Female,1,img_2407.bmp,Severely Obese
2408,48.9147949219,Female,1,img_2408.bmp,Severely Obese
2409,30.8935546875,Female,1,img_2409.bmp,Obese
2410,39.0478079746,Male,1,img_2410.bmp,Obese
2411,25.5205316405,Male,1,img_2411.bmp,Overweight
2412,30.1108591585,Female,1,img_2412.bmp,Obese
2413,22.1403376165,Female,1,img_2413.bmp,Normal
2414,34.2991180334,Male,1,img_2414.bmp,Obese
2415,25.0647401013,Male,1,img_2415.bmp,Overweight
2416,34.2139577594,Female,1,img_2416.bmp,Obese
2417,25.8218549128,Female,1,img_2417.bmp,Overweight
2418,29.7549565605,Male,1,img_2418.bmp,Overweight
2419,24.273780352,Male,1,img_2419.bmp,Normal
2420,33.4695496925,Male,1,img_2420.bmp,Obese
2421,27.0545526681,Male,1,img_2421.bmp,Overweight
2422,23.75,Male,1,img_2422.bmp,Normal
2423,21.0540540541,Male,1,img_2423.bmp,Normal
2424,25.6827916352,Female,1,img_2424.bmp,Overweight
2425,22.1403376165,Female,1,img_2425.bmp,Normal
2426,38.3505256893,Male,1,img_2426.bmp,Obese
2427,25.7994445547,Male,1,img_2427.bmp,Overweight
2428,55.5947872577,Female,1,img_2428.bmp,Severely Obese
2429,43.8494096681,Female,1,img_2429.bmp,Severely Obese
2430,51.4892578125,Female,1,img_2430.bmp,Severely Obese
2431,32.6098632812,Female,1,img_2431.bmp,Obese
2432,38.7327823691,Female,1,img_2432.bmp,Obese
2433,29.6951331497,Female,1,img_2433.bmp,Overweight
2434,42.0389660494,Male,1,img_2434.bmp,Severely Obese
2435,24.4097222222,Male,1,img_2435.bmp,Normal
2436,57.6069444444,Male,1,img_2436.bmp,Severely Obese
2437,35.15,Male,1,img_2437.bmp,Obese
2438,45.4797959184,Female,1,img_2438.bmp,Severely Obese
2439,27.2591836735,Female,1,img_2439.bmp,Overweight
2440,33.4955632716,Male,1,img_2440.bmp,Obese
2441,30.6477623457,Male,1,img_2441.bmp,Obese
2442,31.9233398438,Female,1,img_2442.bmp,Obese
2443,27.8041992188,Female,1,img_2443.bmp,Overweight
2444,23.7316743827,Female,1,img_2444.bmp,Normal
2445,21.6975308642,Female,1,img_2445.bmp,Normal
2446,23.8672839506,Male,1,img_2446.bmp,Normal
2447,22.9180169753,Male,1,img_2447.bmp,Normal
2448,43.2315016862,Male,1,img_2448.bmp,Severely Obese
2449,34.864114263,Male,1,img_2449.bmp,Obese
2450,48.8102833552,Male,1,img_2450.bmp,Severely Obese
2451,26.1200975793,Male,1,img_2451.bmp,Overweight
2452,37.7271352986,Female,1,img_2452.bmp,Obese
2453,32.7676996725,Female,1,img_2453.bmp,Obese
2454,31.1667387543,Female,1,img_2454.bmp,Obese
2455,26.6057525952,Female,1,img_2455.bmp,Overweight
2456,43.8494096681,Female,1,img_2456.bmp,Severely Obese
2457,31.3210069058,Female,1,img_2457.bmp,Obese
2458,43.9016326531,Female,1,img_2458.bmp,Severely Obese
2459,37.5889795918,Female,1,img_2459.bmp,Obese
2460,39.1512586322,Male,1,img_2460.bmp,Obese
2461,25.8398306973,Male,1,img_2461.bmp,Overweight
2462,26.7763157895,Male,1,img_2462.bmp,Overweight
2463,22.5164473684,Male,1,img_2463.bmp,Normal
2464,30.5502929688,Female,1,img_2464.bmp,Obese
2465,24.8864746094,Female,1,img_2465.bmp,Normal
2466,29.8565197429,Female,1,img_2466.bmp,Overweight
2467,24.5307621671,Female,1,img_2467.bmp,Normal
2468,46.0206308272,Male,1,img_2468.bmp,Severely Obese
2469,27.0545526681,Male,1,img_2469.bmp,Overweight
2470,44.4243421053,Male,1,img_2470.bmp,Severely Obese
2471,35.9046052632,Male,1,img_2471.bmp,Obese
2472,37.9258494031,Female,1,img_2472.bmp,Obese
2473,25.6604683196,Female,1,img_2473.bmp,Overweight
2474,29.425312438,Male,1,img_2474.bmp,Overweight
2475,24.4048799841,Male,1,img_2475.bmp,Normal
2476,39.4540816327,Male,1,img_2476.bmp,Obese
2477,28.693877551,Male,1,img_2477.bmp,Overweight
2478,36.2731360947,Female,1,img_2478.bmp,Obese
2479,29.7839053254,Female,1,img_2479.bmp,Overweight
2480,53.8010204082,Male,1,img_2480.bmp,Severely Obese
2481,34.4326530612,Male,1,img_2481.bmp,Obese
2482,42.5692041522,Male,1,img_2482.bmp,Severely Obese
2483,31.1667387543,Male,1,img_2483.bmp,Obese
2484,28.5021162843,Female,1,img_2484.bmp,Overweight
2485,24.586990421,Female,1,img_2485.bmp,Normal
2486,28.5021162843,Female,1,img_2486.bmp,Overweight
2487,24.586990421,Female,1,img_2487.bmp,Normal
2488,41.032244898,Male,1,img_2488.bmp,Severely Obese
2489,25.2506122449,Male,1,img_2489.bmp,Overweight
2490,25.0877700617,Female,1,img_2490.bmp,Overweight
2491,18.3072916667,Female,1,img_2491.bmp,Underweight
2492,45.9034859521,Female,1,img_2492.bmp,Severely Obese
2493,33.2845993757,Female,1,img_2493.bmp,Obese
2494,37.6528040328,Male,1,img_2494.bmp,Obese
2495,27.3167401806,Male,1,img_2495.bmp,Overweight
2496,39.3197190427,Female,1,img_2496.bmp,Obese
2497,37.8566597294,Female,1,img_2497.bmp,Obese
2498,37.1027777778,Female,1,img_2498.bmp,Obese
2499,28.3152777778,Female,1,img_2499.bmp,Overweight
2500,34.4531075963,Male,1,img_2500.bmp,Obese
2501,26.6228558699,Male,1,img_2501.bmp,Overweight
2502,41.0488754325,Female,1,img_2502.bmp,Severely Obese
2503,33.14316609,Female,1,img_2503.bmp,Obese
2504,46.3179522498,Female,1,img_2504.bmp,Severely Obese
2505,33.084251607,Female,1,img_2505.bmp,Obese
2506,46.9815103587,Female,1,img_2506.bmp,Severely Obese
2507,37.5852082869,Female,1,img_2507.bmp,Obese
2508,38.312283737,Female,1,img_2508.bmp,Obese
2509,23.8691608997,Female,1,img_2509.bmp,Normal
2510,48.093204775,Female,1,img_2510.bmp,Severely Obese
2511,30.9862258953,Female,1,img_2511.bmp,Obese
2512,35.0795277345,Male,1,img_2512.bmp,Obese
2513,30.6945867677,Male,1,img_2513.bmp,Obese
2514,35.4379332073,Male,1,img_2514.bmp,Obese
2515,23.4776307498,Male,1,img_2515.bmp,Normal
2516,36.6145833333,Female,1,img_2516.bmp,Obese
2517,31.8682484568,Female,1,img_2517.bmp,Obese
2518,22.2379149031,Female,1,img_2518.bmp,Normal
2519,20.6718645578,Female,1,img_2519.bmp,Normal
2520,29.9831382662,Male,1,img_2520.bmp,Overweight
2521,19.5239039873,Male,1,img_2521.bmp,Normal
2522,30.6804205515,Male,1,img_2522.bmp,Obese
2523,27.8912914104,Male,1,img_2523.bmp,Overweight
2524,32.2666015625,Female,1,img_2524.bmp,Obese
2525,26.2595214844,Female,1,img_2525.bmp,Overweight
2526,33.062348831,Female,1,img_2526.bmp,Obese
2527,19.8374092986,Female,1,img_2527.bmp,Normal
2528,42.0968047337,Female,1,img_2528.bmp,Severely Obese
2529,24.459408284,Female,1,img_2529.bmp,Normal
2530,61.6496786042,Female,1,img_2530.bmp,Severely Obese
2531,49.2229109275,Female,1,img_2531.bmp,Severely Obese
2532,27.9669731657,Male,1,img_2532.bmp,Overweight
2533,21.7667479827,Male,1,img_2533.bmp,Normal
2534,29.0495867769,Female,1,img_2534.bmp,Overweight
2535,24.2079889807,Female,1,img_2535.bmp,Normal
2536,32.7722674073,Male,1,img_2536.bmp,Obese
2537,25.1021622694,Male,1,img_2537.bmp,Overweight
2538,41.3191836735,Female,1,img_2538.bmp,Severely Obese
2539,34.7195918367,Female,1,img_2539.bmp,Obese
2540,26.6224852071,Female,1,img_2540.bmp,Overweight
2541,19.1349112426,Female,1,img_2541.bmp,Normal
2542,26.5784499055,Male,1,img_2542.bmp,Overweight
2543,21.8533921445,Male,1,img_2543.bmp,Normal
2544,35.9365354938,Male,1,img_2544.bmp,Obese
2545,25.7658179012,Male,1,img_2545.bmp,Overweight
2546,37.8759183673,Male,1,img_2546.bmp,Obese
2547,31.5632653061,Male,1,img_2547.bmp,Obese
2548,21.5029086132,Male,1,img_2548.bmp,Normal
2549,19.3921936573,Male,1,img_2549.bmp,Normal
2550,34.930541103,Female,1,img_2550.bmp,Obese
2551,27.4323621228,Female,1,img_2551.bmp,Overweight
2552,66.203433923,Female,1,img_2552.bmp,Severely Obese
2553,54.8647242456,Female,1,img_2553.bmp,Severely Obese
2554,45.2936414235,Male,1,img_2554.bmp,Severely Obese
2555,33.4366672289,Male,1,img_2555.bmp,Obese
2556,36.9559611188,Male,1,img_2556.bmp,Obese
2557,24.4048799841,Male,1,img_2557.bmp,Normal
2558,32.9979591837,Male,1,img_2558.bmp,Obese
2559,24.9636734694,Male,1,img_2559.bmp,Normal
2560,28.1260813149,Male,1,img_2560.bmp,Overweight
2561,25.3894896194,Male,1,img_2561.bmp,Overweight
2562,31.5988237765,Male,1,img_2562.bmp,Obese
2563,28.6456626759,Male,1,img_2563.bmp,Overweight
2564,28.8851351351,Male,1,img_2564.bmp,Overweight
2565,25.6756756757,Male,1,img_2565.bmp,Overweight
2566,50.1162109375,Female,1,img_2566.bmp,Severely Obese
2567,31.7517089844,Female,1,img_2567.bmp,Obese
2568,34.9949590422,Male,1,img_2568.bmp,Obese
2569,29.088636841,Male,1,img_2569.bmp,Overweight
2570,34.7160493827,Female,1,img_2570.bmp,Obese
2571,25.8599143361,Female,1,img_2571.bmp,Overweight
2572,33.2243441358,Male,1,img_2572.bmp,Obese
2573,23.7316743827,Male,1,img_2573.bmp,Normal
2574,40.3106490233,Male,1,img_2574.bmp,Severely Obese
2575,24.6588951901,Male,1,img_2575.bmp,Normal
2576,30.5413631634,Female,1,img_2576.bmp,Obese
2577,26.3350676379,Female,1,img_2577.bmp,Overweight
2578,25.3700155937,Female,1,img_2578.bmp,Overweight
2579,20.2020494542,Female,1,img_2579.bmp,Normal
2580,31.6142011834,Female,1,img_2580.bmp,Obese
2581,21.6307692308,Female,1,img_2581.bmp,Normal
2582,24.7971781305,Female,1,img_2582.bmp,Normal
2583,19.4834971025,Female,1,img_2583.bmp,Normal
2584,27.4058810425,Female,1,img_2584.bmp,Overweight
2585,22.2379149031,Female,1,img_2585.bmp,Normal
2586,60.9827767276,Male,1,img_2586.bmp,Severely Obese
2587,50.4990548204,Male,1,img_2587.bmp,Severely Obese
2588,49.3305858766,Female,1,img_2588.bmp,Severely Obese
2589,35.236132769,Female,1,img_2589.bmp,Obese
2590,29.8505778017,Female,1,img_2590.bmp,Overweight
2591,20.7820478366,Female,1,img_2591.bmp,Normal
2592,34.9675605536,Female,1,img_2592.bmp,Obese
2593,22.044766436,Female,1,img_2593.bmp,Normal
2594,39.5975510204,Male,1,img_2594.bmp,Obese
2595,27.6895918367,Male,1,img_2595.bmp,Overweight
2596,37.2297297297,Male,1,img_2596.bmp,Obese
2597,28.8851351351,Male,1,img_2597.bmp,Overweight
2598,40.3466483012,Female,1,img_2598.bmp,Severely Obese
2599,31.9545454545,Female,1,img_2599.bmp,Obese
2600,28.1702043245,Male,1,img_2600.bmp,Overweight
2601,21.1973814719,Male,1,img_2601.bmp,Normal
2602,32.5462962963,Male,1,img_2602.bmp,Obese
2603,26.4438657407,Male,1,img_2603.bmp,Overweight
2604,31.7464818315,Male,1,img_2604.bmp,Obese
2605,24.36357908,Male,1,img_2605.bmp,Normal
2606,48.056640625,Female,1,img_2606.bmp,Severely Obese
2607,30.8935546875,Female,1,img_2607.bmp,Obese
2608,39.8676748582,Male,1,img_2608.bmp,Obese
2609,33.961352657,Male,1,img_2609.bmp,Obese
2610,34.4326530612,Male,1,img_2610.bmp,Obese
2611,24.3897959184,Male,1,img_2611.bmp,Normal
2612,41.186240258,Female,1,img_2612.bmp,Severely Obese
2613,33.2512765386,Female,1,img_2613.bmp,Obese
2614,34.8595041322,Female,1,img_2614.bmp,Obese
2615,25.1763085399,Female,1,img_2615.bmp,Overweight
2616,29.7839053254,Female,1,img_2616.bmp,Overweight
2617,20.466035503,Female,1,img_2617.bmp,Normal
2618,43.5743801653,Female,1,img_2618.bmp,Severely Obese
2619,22.9168962351,Female,1,img_2619.bmp,Normal
2620,32.0945945946,Male,1,img_2620.bmp,Obese
2621,28.7567567568,Male,1,img_2621.bmp,Overweight
2622,32.0044224766,Female,1,img_2622.bmp,Obese
2623,21.0314776275,Female,1,img_2623.bmp,Normal
2624,36.6059171598,Male,1,img_2624.bmp,Obese
2625,31.6142011834,Male,1,img_2625.bmp,Obese
2626,29.6175147929,Female,1,img_2626.bmp,Overweight
2627,24.9585798817,Female,1,img_2627.bmp,Normal
2628,33.3783783784,Male,1,img_2628.bmp,Obese
2629,27.6013513514,Male,1,img_2629.bmp,Overweight
2630,23.4130622837,Female,1,img_2630.bmp,Normal
2631,18.2439446367,Female,1,img_2631.bmp,Underweight
2632,37.1189164371,Female,1,img_2632.bmp,Obese
2633,32.277318641,Female,1,img_2633.bmp,Obese
2634,30.4155102041,Female,1,img_2634.bmp,Obese
2635,23.2420408163,Female,1,img_2635.bmp,Normal
2636,33.610887574,Female,1,img_2636.bmp,Obese
2637,25.6241420118,Female,1,img_2637.bmp,Overweight
2638,38.6487268519,Male,1,img_2638.bmp,Obese
2639,28.4780092593,Male,1,img_2639.bmp,Overweight
2640,36.0140739351,Male,1,img_2640.bmp,Obese
2641,23.6136235691,Male,1,img_2641.bmp,Normal
2642,39.3267746914,Male,1,img_2642.bmp,Obese
2643,29.8341049383,Male,1,img_2643.bmp,Overweight
2644,38.9669942051,Female,1,img_2644.bmp,Obese
2645,31.8820861678,Female,1,img_2645.bmp,Obese
2646,37.4933333333,Male,1,img_2646.bmp,Obese
2647,27.4951111111,Male,1,img_2647.bmp,Overweight
2648,29.4112244898,Male,1,img_2648.bmp,Overweight
2649,24.3897959184,Male,1,img_2649.bmp,Normal
2650,29.1772460938,Female,1,img_2650.bmp,Overweight
2651,23.1701660156,Female,1,img_2651.bmp,Normal
2652,28.6191715976,Female,1,img_2652.bmp,Overweight
2653,25.7905325444,Female,1,img_2653.bmp,Overweight
2654,19.7702702703,Female,1,img_2654.bmp,Normal
2655,17.7162162162,Female,1,img_2655.bmp,Underweight
2656,34.309220679,Male,1,img_2656.bmp,Obese
2657,28.4780092593,Male,1,img_2657.bmp,Overweight
2658,38.7885742188,Female,1,img_2658.bmp,Obese
2659,23.341796875,Female,1,img_2659.bmp,Normal
2660,33.2230623819,Male,1,img_2660.bmp,Obese
2661,25.8401596303,Male,1,img_2661.bmp,Overweight
2662,49.9911111111,Male,1,img_2662.bmp,Severely Obese
2663,33.744,Male,1,img_2663.bmp,Obese
2664,29.6819290674,Male,1,img_2664.bmp,Overweight
2665,26.1200975793,Male,1,img_2665.bmp,Overweight
2666,34.7626981994,Female,1,img_2666.bmp,Obese
2667,30.9841440473,Female,1,img_2667.bmp,Obese
2668,25.0568055246,Female,1,img_2668.bmp,Overweight
2669,21.1416796614,Female,1,img_2669.bmp,Normal
2670,29.5794910557,Female,1,img_2670.bmp,Overweight
2671,28.1625094482,Female,1,img_2671.bmp,Overweight
2672,32.687067474,Male,1,img_2672.bmp,Obese
2673,23.4130622837,Male,1,img_2673.bmp,Normal
2674,50.9743652344,Female,1,img_2674.bmp,Severely Obese
2675,30.20703125,Female,1,img_2675.bmp,Obese
2676,48.0868639053,Female,1,img_2676.bmp,Severely Obese
2677,39.7673372781,Female,1,img_2677.bmp,Obese
2678,38.7327823691,Female,1,img_2678.bmp,Obese
2679,28.2426538108,Female,1,img_2679.bmp,Overweight
2680,38.7301800591,Female,1,img_2680.bmp,Obese
2681,27.3945176028,Female,1,img_2681.bmp,Overweight
2682,42.1267542883,Female,1,img_2682.bmp,Severely Obese
2683,32.573847182,Female,1,img_2683.bmp,Obese
2684,32.5350346021,Female,1,img_2684.bmp,Obese
2685,21.892733564,Female,1,img_2685.bmp,Normal
2686,32.7789349112,Female,1,img_2686.bmp,Obese
2687,24.2930177515,Female,1,img_2687.bmp,Normal
2688,28.0812672176,Female,1,img_2688.bmp,Overweight
2689,24.2079889807,Female,1,img_2689.bmp,Normal
2690,44.7040863177,Female,1,img_2690.bmp,Severely Obese
2691,29.0495867769,Female,1,img_2691.bmp,Overweight
2692,29.285855981,Male,1,img_2692.bmp,Overweight
2693,27.7518349534,Male,1,img_2693.bmp,Overweight
2694,43.2638101239,Male,1,img_2694.bmp,Severely Obese
2695,31.5988237765,Male,1,img_2695.bmp,Obese
2696,50.2878417969,Female,1,img_2696.bmp,Severely Obese
2697,34.1545410156,Female,1,img_2697.bmp,Obese
2698,42.3101851852,Male,1,img_2698.bmp,Severely Obese
2699,32.5462962963,Male,1,img_2699.bmp,Obese
2700,27.4323621228,Female,1,img_2700.bmp,Overweight
2701,24.8720083247,Female,1,img_2701.bmp,Normal
2702,39.3197190427,Female,1,img_2702.bmp,Obese
2703,29.8098335068,Female,1,img_2703.bmp,Overweight
2704,28.693877551,Male,1,img_2704.bmp,Overweight
2705,25.1071428571,Male,1,img_2705.bmp,Overweight
2706,42.7170138889,Male,1,img_2706.bmp,Severely Obese
2707,27.7999614198,Male,1,img_2707.bmp,Overweight
2708,44.7040863177,Female,1,img_2708.bmp,Severely Obese
2709,30.5020661157,Female,1,img_2709.bmp,Obese
2710,36.6191976476,Male,1,img_2710.bmp,Obese
2711,31.7464818315,Male,1,img_2711.bmp,Obese
2712,32.277318641,Female,1,img_2712.bmp,Obese
2713,29.0495867769,Female,1,img_2713.bmp,Overweight
2714,36.9587881488,Female,1,img_2714.bmp,Obese
2715,31.3210069058,Female,1,img_2715.bmp,Obese
2716,38.377507716,Male,1,img_2716.bmp,Obese
2717,28.884837963,Male,1,img_2717.bmp,Overweight
2718,35.665316358,Male,1,img_2718.bmp,Obese
2719,25.4945987654,Male,1,img_2719.bmp,Overweight
2720,43.1773356401,Male,1,img_2720.bmp,Severely Obese
2721,36.0317906574,Male,1,img_2721.bmp,Obese
2722,35.896264445,Female,1,img_2722.bmp,Obese
2723,26.4498790648,Female,1,img_2723.bmp,Overweight
2724,33.961352657,Male,1,img_2724.bmp,Obese
2725,24.36357908,Male,1,img_2725.bmp,Normal
2726,37.6532434041,Male,1,img_2726.bmp,Obese
2727,29.285855981,Male,1,img_2727.bmp,Overweight
2728,43.9287839714,Male,1,img_2728.bmp,Severely Obese
2729,25.7994445547,Male,1,img_2729.bmp,Overweight
2730,38.7689940828,Female,1,img_2730.bmp,Obese
2731,31.9469822485,Female,1,img_2731.bmp,Obese
2732,30.6634527089,Female,1,img_2732.bmp,Obese
2733,26.3060146924,Female,1,img_2733.bmp,Overweight
2734,27.0665972945,Female,1,img_2734.bmp,Overweight
2735,23.2260665973,Female,1,img_2735.bmp,Normal
2736,45.1389160156,Female,1,img_2736.bmp,Severely Obese
2737,27.9758300781,Female,1,img_2737.bmp,Overweight
2738,32.0789359862,Female,1,img_2738.bmp,Obese
2739,28.4301470588,Female,1,img_2739.bmp,Overweight
2740,30.6804205515,Male,1,img_2740.bmp,Obese
2741,22.3130331283,Male,1,img_2741.bmp,Normal
2742,31.3777028367,Male,1,img_2742.bmp,Obese
2743,27.8912914104,Male,1,img_2743.bmp,Overweight
2744,32.9979591837,Male,1,img_2744.bmp,Obese
2745,27.1157142857,Male,1,img_2745.bmp,Overweight
2746,34.6621621622,Male,1,img_2746.bmp,Obese
2747,21.8243243243,Male,1,img_2747.bmp,Normal
2748,42.9287573964,Female,1,img_2748.bmp,Severely Obese
2749,40.9320710059,Female,1,img_2749.bmp,Severely Obese
2750,62.8395918367,Male,1,img_2750.bmp,Severely Obese
2751,56.3834693878,Male,1,img_2751.bmp,Severely Obese
2752,28.7492283951,Male,1,img_2752.bmp,Overweight
2753,21.2907021605,Male,1,img_2753.bmp,Normal
2754,30.1285714286,Male,1,img_2754.bmp,Obese
2755,22.237755102,Male,1,img_2755.bmp,Normal
2756,41.0810810811,Male,1,img_2756.bmp,Severely Obese
2757,25.0337837838,Male,1,img_2757.bmp,Overweight
2758,27.4609375,Female,1,img_2758.bmp,Overweight
2759,24.0283203125,Female,1,img_2759.bmp,Normal
2760,36.3119834711,Male,1,img_2760.bmp,Obese
2761,29.3723599633,Male,1,img_2761.bmp,Overweight
2762,41.0488754325,Male,1,img_2762.bmp,Severely Obese
2763,33.2951989619,Male,1,img_2763.bmp,Obese
2764,38.4053069719,Female,1,img_2764.bmp,Obese
2765,29.6269510926,Female,1,img_2765.bmp,Overweight
2766,40.3106490233,Male,1,img_2766.bmp,Severely Obese
2767,24.06826297,Male,1,img_2767.bmp,Normal
2768,46.8581081081,Male,1,img_2768.bmp,Severely Obese
2769,39.7972972973,Male,1,img_2769.bmp,Obese
2770,46.2995437413,Male,1,img_2770.bmp,Severely Obese
2771,30.4015076374,Male,1,img_2771.bmp,Obese
2772,44.3192247717,Female,1,img_2772.bmp,Severely Obese
2773,37.7418133215,Female,1,img_2773.bmp,Obese
2774,27.4026530612,Male,1,img_2774.bmp,Overweight
2775,22.6681632653,Male,1,img_2775.bmp,Normal
2776,32.2806122449,Male,1,img_2776.bmp,Obese
2777,26.5418367347,Male,1,img_2777.bmp,Overweight
2778,42.0389660494,Male,1,img_2778.bmp,Severely Obese
2779,29.1560570988,Male,1,img_2779.bmp,Overweight
2780,33.2781065089,Female,1,img_2780.bmp,Obese
2781,21.6307692308,Female,1,img_2781.bmp,Normal
2782,42.4171712803,Male,1,img_2782.bmp,Severely Obese
2783,28.2781141869,Male,1,img_2783.bmp,Overweight
2784,31.4478106509,Female,1,img_2784.bmp,Obese
2785,26.9552662722,Female,1,img_2785.bmp,Overweight
2786,32.1177102929,Female,1,img_2786.bmp,Obese
2787,24.1827465735,Female,1,img_2787.bmp,Normal
2788,53.8010204082,Male,1,img_2788.bmp,Severely Obese
2789,32.9979591837,Male,1,img_2789.bmp,Obese
2790,36.4878892734,Female,1,img_2790.bmp,Obese
2791,26.9098183391,Female,1,img_2791.bmp,Overweight
2792,34.326171875,Female,1,img_2792.bmp,Obese
2793,28.6623535156,Female,1,img_2793.bmp,Overweight
2794,33.610887574,Female,1,img_2794.bmp,Obese
2795,26.289704142,Female,1,img_2795.bmp,Overweight
2796,33.7926614325,Male,1,img_2796.bmp,Obese
2797,28.1605511937,Male,1,img_2797.bmp,Overweight
2798,29.1772460938,Female,1,img_2798.bmp,Overweight
2799,23.341796875,Female,1,img_2799.bmp,Normal
2800,39.1512586322,Female,1,img_2800.bmp,Obese
2801,32.1040320784,Female,1,img_2801.bmp,Obese
2802,30.8108108108,Male,1,img_2802.bmp,Obese
2803,24.3918918919,Male,1,img_2803.bmp,Normal
2804,36.2779133046,Male,1,img_2804.bmp,Obese
2805,23.7455432539,Male,1,img_2805.bmp,Normal
2806,56.1100609116,Male,1,img_2806.bmp,Severely Obese
2807,45.9216551145,Male,1,img_2807.bmp,Severely Obese
2808,28.2426538108,Female,1,img_2808.bmp,Overweight
2809,21.9485766758,Female,1,img_2809.bmp,Normal
2810,25.3589891975,Male,1,img_2810.bmp,Overweight
2811,24.4097222222,Male,1,img_2811.bmp,Normal
2812,38.7431111111,Male,1,img_2812.bmp,Obese
2813,32.3692444444,Male,1,img_2813.bmp,Obese
2814,28.0550304558,Male,1,img_2814.bmp,Overweight
2815,25.8401596303,Male,1,img_2815.bmp,Overweight
2816,28.3396321492,Female,1,img_2816.bmp,Overweight
2817,23.0259511212,Female,1,img_2817.bmp,Normal
2818,37.4933333333,Male,1,img_2818.bmp,Obese
2819,26.8702222222,Male,1,img_2819.bmp,Overweight
2820,31.8682484568,Male,1,img_2820.bmp,Obese
2821,22.3755787037,Male,1,img_2821.bmp,Normal
2822,37.0621718126,Male,1,img_2822.bmp,Obese
2823,26.1354757404,Male,1,img_2823.bmp,Overweight
2824,27.3167401806,Male,1,img_2824.bmp,Overweight
2825,22.8869985297,Male,1,img_2825.bmp,Normal
2826,39.1512586322,Female,1,img_2826.bmp,Obese
2827,31.6342169748,Female,1,img_2827.bmp,Obese
2828,40.8951022706,Male,1,img_2828.bmp,Severely Obese
2829,31.0011259148,Male,1,img_2829.bmp,Obese
2830,28.5885736957,Male,1,img_2830.bmp,Overweight
2831,25.1021622694,Male,1,img_2831.bmp,Overweight
2832,34.006987369,Female,1,img_2832.bmp,Obese
2833,25.5052405267,Female,1,img_2833.bmp,Overweight
2834,39.0478079746,Male,1,img_2834.bmp,Obese
2835,23.0103154136,Male,1,img_2835.bmp,Normal
2836,27.8082640464,Female,1,img_2836.bmp,Overweight
2837,21.7860922147,Female,1,img_2837.bmp,Normal
2838,24.36357908,Male,1,img_2838.bmp,Normal
2839,22.5916824197,Male,1,img_2839.bmp,Normal
2840,34.6875,Male,1,img_2840.bmp,Obese
2841,26.1677631579,Male,1,img_2841.bmp,Overweight
2842,51.6796613945,Female,1,img_2842.bmp,Severely Obese
2843,31.9474270439,Female,1,img_2843.bmp,Obese
2844,47.2505776097,Male,1,img_2844.bmp,Severely Obese
2845,38.3910943079,Male,1,img_2845.bmp,Obese
2846,38.7431111111,Male,1,img_2846.bmp,Obese
2847,31.2444444444,Male,1,img_2847.bmp,Obese
2848,48.1413966049,Male,1,img_2848.bmp,Severely Obese
2849,37.1570216049,Male,1,img_2849.bmp,Obese
2850,53.2449704142,Female,1,img_2850.bmp,Severely Obese
2851,30.9486390533,Female,1,img_2851.bmp,Obese
2852,43.2615384615,Male,1,img_2852.bmp,Severely Obese
2853,29.2847337278,Male,1,img_2853.bmp,Overweight
2854,49.7147491349,Male,1,img_2854.bmp,Severely Obese
2855,45.0017301038,Male,1,img_2855.bmp,Severely Obese
2856,38.2432,Male,1,img_2856.bmp,Obese
2857,30.9944888889,Male,1,img_2857.bmp,Obese
2858,48.2702702703,Male,1,img_2858.bmp,Severely Obese
2859,24.1351351351,Male,1,img_2859.bmp,Normal
2860,32.6819058642,Male,1,img_2860.bmp,Obese
2861,26.8506944444,Male,1,img_2861.bmp,Overweight
2862,48.7087427564,Female,1,img_2862.bmp,Severely Obese
2863,33.1219450743,Female,1,img_2863.bmp,Obese
2864,34.1668319778,Male,1,img_2864.bmp,Obese
2865,26.9150962111,Male,1,img_2865.bmp,Overweight
2866,30.8459183673,Male,1,img_2866.bmp,Obese
2867,26.5418367347,Male,1,img_2867.bmp,Overweight
2868,28.7855621302,Female,1,img_2868.bmp,Overweight
2869,26.7888757396,Female,1,img_2869.bmp,Overweight
2870,40.8951022706,Male,1,img_2870.bmp,Severely Obese
2871,30.3415274911,Male,1,img_2871.bmp,Obese
2872,30.7128754463,Female,1,img_2872.bmp,Obese
2873,25.2495274102,Female,1,img_2873.bmp,Overweight
2874,28.3190917969,Female,1,img_2874.bmp,Overweight
2875,20.4240722656,Female,1,img_2875.bmp,Normal
2876,29.7566137566,Female,1,img_2876.bmp,Overweight
2877,25.3285462333,Female,1,img_2877.bmp,Overweight
2878,46.2428626543,Male,1,img_2878.bmp,Severely Obese
2879,37.2926311728,Male,1,img_2879.bmp,Obese
2880,44.3813131313,Female,1,img_2880.bmp,Severely Obese
2881,29.5337465565,Female,1,img_2881.bmp,Overweight
2882,51.4486770501,Male,1,img_2882.bmp,Severely Obese
2883,26.3839369488,Male,1,img_2883.bmp,Overweight
2884,37.7290298367,Male,1,img_2884.bmp,Obese
2885,29.8138487521,Male,1,img_2885.bmp,Overweight
2886,39.1512586322,Male,1,img_2886.bmp,Obese
2887,25.8398306973,Male,1,img_2887.bmp,Overweight
2888,30.7219238281,Female,1,img_2888.bmp,Obese
2889,26.9460449219,Female,1,img_2889.bmp,Overweight
2890,40.6828703704,Male,1,img_2890.bmp,Severely Obese
2891,29.5628858025,Male,1,img_2891.bmp,Overweight
2892,32.1040320784,Male,1,img_2892.bmp,Obese
2893,25.8398306973,Male,1,img_2893.bmp,Overweight
2894,44.4636532299,Male,1,img_2894.bmp,Severely Obese
2895,32.0138303255,Male,1,img_2895.bmp,Obese
2896,32.5462962963,Male,1,img_2896.bmp,Obese
2897,28.4780092593,Male,1,img_2897.bmp,Overweight
2898,29.7984429066,Male,1,img_2898.bmp,Overweight
2899,22.044766436,Male,1,img_2899.bmp,Normal
2900,31.3258101852,Male,1,img_2900.bmp,Obese
2901,24.4097222222,Male,1,img_2901.bmp,Normal
2902,46.8666666667,Male,1,img_2902.bmp,Severely Obese
2903,31.4944,Male,1,img_2903.bmp,Obese
2904,56.4853076217,Female,1,img_2904.bmp,Severely Obese
2905,41.1535812672,Female,1,img_2905.bmp,Severely Obese
2906,29.2611862643,Male,1,img_2906.bmp,Overweight
2907,25.9693028096,Male,1,img_2907.bmp,Overweight
2908,38.6026035503,Female,1,img_2908.bmp,Obese
2909,24.7921893491,Female,1,img_2909.bmp,Normal
2910,44.9324324324,Male,1,img_2910.bmp,Severely Obese
2911,32.0945945946,Male,1,img_2911.bmp,Obese
2912,37.069431413,Male,1,img_2912.bmp,Obese
2913,27.5712141115,Male,1,img_2913.bmp,Overweight
2914,37.7271352986,Female,1,img_2914.bmp,Obese
2915,34.1846812799,Female,1,img_2915.bmp,Obese
2916,43.0663844954,Female,1,img_2916.bmp,Severely Obese
2917,35.7059478726,Female,1,img_2917.bmp,Obese
2918,30.4065743945,Female,1,img_2918.bmp,Obese
2919,26.7577854671,Female,1,img_2919.bmp,Overweight
2920,36.1757629762,Male,1,img_2920.bmp,Obese
2921,27.249276008,Male,1,img_2921.bmp,Overweight
2922,32.7364864865,Male,1,img_2922.bmp,Obese
2923,27.9864864865,Male,1,img_2923.bmp,Overweight
2924,28.7448888889,Male,1,img_2924.bmp,Overweight
2925,25.9953777778,Male,1,img_2925.bmp,Overweight
2926,39.6748185972,Female,1,img_2926.bmp,Obese
2927,23.6159634507,Female,1,img_2927.bmp,Normal
2928,34.2073961938,Male,1,img_2928.bmp,Obese
2929,28.1260813149,Male,1,img_2929.bmp,Overweight
2930,26.9150962111,Male,1,img_2930.bmp,Overweight
2931,25.9389010117,Male,1,img_2931.bmp,Overweight
2932,28.3467741935,Female,1,img_2932.bmp,Overweight
2933,21.9458896982,Female,1,img_2933.bmp,Normal
2934,33.961352657,Male,1,img_2934.bmp,Obese
2935,28.4980046209,Male,1,img_2935.bmp,Overweight
2936,55.1249721542,Female,1,img_2936.bmp,Severely Obese
2937,31.6342169748,Female,1,img_2937.bmp,Obese
2938,30.8248393021,Female,1,img_2938.bmp,Obese
2939,23.0782828283,Female,1,img_2939.bmp,Normal
2940,51.8657777778,Male,1,img_2940.bmp,Severely Obese
2941,33.744,Male,1,img_2941.bmp,Obese
2942,42.7170138889,Male,1,img_2942.bmp,Severely Obese
2943,30.5121527778,Male,1,img_2943.bmp,Obese
2944,33.6533131771,Female,1,img_2944.bmp,Obese
2945,22.1403376165,Female,1,img_2945.bmp,Normal
2946,36.1542857143,Male,1,img_2946.bmp,Obese
2947,31.5632653061,Male,1,img_2947.bmp,Obese
2948,43.0408163265,Male,1,img_2948.bmp,Severely Obese
2949,24.8202040816,Male,1,img_2949.bmp,Normal
2950,23.6286111111,Female,1,img_2950.bmp,Normal
2951,21.2852777778,Female,1,img_2951.bmp,Normal
2952,29.8565197429,Female,1,img_2952.bmp,Overweight
2953,22.9168962351,Female,1,img_2953.bmp,Normal
2954,39.8624885216,Female,1,img_2954.bmp,Obese
2955,31.6317722681,Female,1,img_2955.bmp,Obese
2956,28.4567380671,Male,1,img_2956.bmp,Overweight
2957,24.306797099,Male,1,img_2957.bmp,Normal
2958,25.3285462333,Female,1,img_2958.bmp,Overweight
2959,20.5462333081,Female,1,img_2959.bmp,Normal
2960,34.5804398148,Male,1,img_2960.bmp,Obese
2961,27.1219135802,Male,1,img_2961.bmp,Overweight
2962,35.7332493174,Male,1,img_2962.bmp,Obese
2963,29.3839529511,Male,1,img_2963.bmp,Overweight
2964,56.1100609116,Male,1,img_2964.bmp,Severely Obese
2965,44.1497584541,Male,1,img_2965.bmp,Severely Obese
2966,27.8912914104,Female,1,img_2966.bmp,Overweight
2967,25.1021622694,Female,1,img_2967.bmp,Overweight
2968,25.0149219467,Male,1,img_2968.bmp,Overweight
2969,22.7555096419,Male,1,img_2969.bmp,Normal
2970,27.2880473373,Female,1,img_2970.bmp,Overweight
2971,21.9635502959,Female,1,img_2971.bmp,Normal
2972,31.1959459459,Male,1,img_2972.bmp,Obese
2973,22.8513513514,Male,1,img_2973.bmp,Normal
2974,39.9337278107,Female,1,img_2974.bmp,Obese
2975,27.9536094675,Female,1,img_2975.bmp,Overweight
2976,30.2699012812,Male,1,img_2976.bmp,Obese
2977,24.5112371351,Male,1,img_2977.bmp,Normal
2978,26.6287878788,Male,1,img_2978.bmp,Overweight
2979,25.0149219467,Male,1,img_2979.bmp,Overweight
2980,46.8249053241,Female,1,img_2980.bmp,Severely Obese
2981,34.6097126309,Female,1,img_2981.bmp,Obese
2982,44.2974165091,Female,1,img_2982.bmp,Severely Obese
2983,39.2770426381,Female,1,img_2983.bmp,Obese
2984,38.2110692323,Male,1,img_2984.bmp,Obese
2985,24.2654235271,Male,1,img_2985.bmp,Normal
2986,40.0048225309,Male,1,img_2986.bmp,Severely Obese
2987,30.5121527778,Male,1,img_2987.bmp,Obese
2988,35.5709225839,Male,1,img_2988.bmp,Obese
2989,29.7610052285,Male,1,img_2989.bmp,Overweight
2990,40.2341311134,Female,1,img_2990.bmp,Severely Obese
2991,33.1017169615,Female,1,img_2991.bmp,Obese
2992,37.5500125976,Female,1,img_2992.bmp,Obese
2993,34.8931720836,Female,1,img_2993.bmp,Obese
2994,31.5278407659,Female,1,img_2994.bmp,Obese
2995,26.214159738,Female,1,img_2995.bmp,Overweight
2996,35.236132769,Male,1,img_2996.bmp,Obese
2997,27.249276008,Male,1,img_2997.bmp,Overweight
2998,45.3426498253,Female,1,img_2998.bmp,Severely Obese
2999,37.4076861059,Female,1,img_2999.bmp,Obese
3000,30.5121527778,Male,1,img_3000.bmp,Obese
3001,21.0194830247,Male,1,img_3001.bmp,Normal
3002,33.2963867188,Female,1,img_3002.bmp,Obese
3003,22.4836425781,Female,1,img_3003.bmp,Normal
3004,40.1644736842,Female,1,img_3004.bmp,Severely Obese
3005,29.9407894737,Female,1,img_3005.bmp,Overweight
3006,29.2105263158,Male,1,img_3006.bmp,Overweight
3007,27.3848684211,Male,1,img_3007.bmp,Overweight
3008,49.7687114198,Male,1,img_3008.bmp,Severely Obese
3009,31.4614197531,Male,1,img_3009.bmp,Obese
3010,46.8021120294,Female,1,img_3010.bmp,Severely Obese
3011,30.6634527089,Female,1,img_3011.bmp,Obese
3012,46.3179522498,Male,1,img_3012.bmp,Severely Obese
3013,30.0179063361,Male,1,img_3013.bmp,Obese
3014,37.3581081081,Male,1,img_3014.bmp,Obese
3015,27.472972973,Male,1,img_3015.bmp,Overweight
3016,28.7125390219,Female,1,img_3016.bmp,Overweight
3017,24.5062434964,Female,1,img_3017.bmp,Normal
3018,48.005787037,Male,1,img_3018.bmp,Severely Obese
3019,32.6819058642,Male,1,img_3019.bmp,Obese
3020,28.3627322199,Male,1,img_3020.bmp,Overweight
3021,25.7243385251,Male,1,img_3021.bmp,Overweight
3022,42.0825456837,Male,1,img_3022.bmp,Severely Obese
3023,25.8401596303,Male,1,img_3023.bmp,Overweight
3024,45.4797959184,Female,1,img_3024.bmp,Severely Obese
3025,28.9808163265,Female,1,img_3025.bmp,Overweight
3026,49.5611342352,Female,1,img_3026.bmp,Severely Obese
3027,43.8917793965,Female,1,img_3027.bmp,Severely Obese
3028,30.3813766986,Female,1,img_3028.bmp,Obese
3029,22.3945199376,Female,1,img_3029.bmp,Normal
3030,27.6959064327,Female,1,img_3030.bmp,Overweight
3031,25.9649122807,Female,1,img_3031.bmp,Overweight
3032,47.1301903114,Male,1,img_3032.bmp,Severely Obese
3033,31.0147058824,Male,1,img_3033.bmp,Obese
3034,32.5462962963,Female,1,img_3034.bmp,Obese
3035,24.4097222222,Female,1,img_3035.bmp,Normal
3036,39.6056338028,Male,1,img_3036.bmp,Obese
3037,31.2382463797,Male,1,img_3037.bmp,Obese
3038,36.1762234825,Male,1,img_3038.bmp,Obese
3039,31.7464818315,Male,1,img_3039.bmp,Obese
3040,58.3544921875,Female,1,img_3040.bmp,Severely Obese
3041,47.8850097656,Female,1,img_3041.bmp,Severely Obese
3042,42.6865709247,Female,1,img_3042.bmp,Severely Obese
3043,34.8931720836,Female,1,img_3043.bmp,Obese
3044,36.9587881488,Female,1,img_3044.bmp,Obese
3045,35.7059478726,Female,1,img_3045.bmp,Obese
3046,45.1928571429,Male,1,img_3046.bmp,Severely Obese
3047,35.15,Male,1,img_3047.bmp,Obese
3048,35.4245401864,Female,1,img_3048.bmp,Obese
3049,26.3912824389,Female,1,img_3049.bmp,Overweight
3050,32.4847721067,Male,1,img_3050.bmp,Obese
3051,26.4307918505,Male,1,img_3051.bmp,Overweight
3052,40.4328994083,Female,1,img_3052.bmp,Severely Obese
3053,31.6142011834,Female,1,img_3053.bmp,Obese
3054,41.3191836735,Female,1,img_3054.bmp,Severely Obese
3055,33.2848979592,Female,1,img_3055.bmp,Obese
3056,33.6700824237,Male,1,img_3056.bmp,Obese
3057,27.4058810425,Male,1,img_3057.bmp,Overweight
3058,39.8624885216,Female,1,img_3058.bmp,Obese
3059,31.1476124885,Female,1,img_3059.bmp,Obese
3060,45.2588549788,Female,1,img_3060.bmp,Severely Obese
3061,31.0077968367,Female,1,img_3061.bmp,Obese
3062,38.2698224852,Female,1,img_3062.bmp,Obese
3063,30.6158579882,Female,1,img_3063.bmp,Obese
3064,25.6756756757,Male,1,img_3064.bmp,Overweight
3065,22.4662162162,Male,1,img_3065.bmp,Normal
3066,45.6442109214,Male,1,img_3066.bmp,Severely Obese
3067,36.9375117283,Male,1,img_3067.bmp,Obese
3068,46.8249053241,Female,1,img_3068.bmp,Severely Obese
3069,34.1398975273,Female,1,img_3069.bmp,Obese
3070,35.1195934256,Female,1,img_3070.bmp,Obese
3071,32.5350346021,Female,1,img_3071.bmp,Obese
3072,49.2229109275,Male,1,img_3072.bmp,Severely Obese
3073,27.4357208448,Male,1,img_3073.bmp,Overweight
3074,43.9016326531,Female,1,img_3074.bmp,Severely Obese
3075,30.8459183673,Female,1,img_3075.bmp,Obese
3076,28.8674866098,Female,1,img_3076.bmp,Overweight
3077,27.8912914104,Female,1,img_3077.bmp,Overweight
3078,27.597107438,Male,1,img_3078.bmp,Overweight
3079,24.5307621671,Male,1,img_3079.bmp,Normal
3080,25.0568055246,Male,1,img_3080.bmp,Overweight
3081,23.0209400757,Male,1,img_3081.bmp,Normal
3082,38.7327823691,Male,1,img_3082.bmp,Obese
3083,33.084251607,Male,1,img_3083.bmp,Obese
3084,27.4323621228,Female,1,img_3084.bmp,Overweight
3085,24.6891259105,Female,1,img_3085.bmp,Normal
3086,38.6294386035,Male,1,img_3086.bmp,Obese
3087,24.6837928982,Male,1,img_3087.bmp,Normal
3088,45.3310228943,Female,1,img_3088.bmp,Severely Obese
3089,39.1293845831,Female,1,img_3089.bmp,Obese
3090,31.7517089844,Female,1,img_3090.bmp,Obese
3091,24.71484375,Female,1,img_3091.bmp,Normal
3092,43.2615384615,Male,1,img_3092.bmp,Severely Obese
3093,28.4527810651,Male,1,img_3093.bmp,Overweight
3094,42.0825456837,Male,1,img_3094.bmp,Severely Obese
3095,31.0081915564,Male,1,img_3095.bmp,Obese
3096,27.1940091252,Male,1,img_3096.bmp,Overweight
3097,25.1021622694,Male,1,img_3097.bmp,Overweight
3098,32.7722674073,Male,1,img_3098.bmp,Obese
3099,27.1940091252,Male,1,img_3099.bmp,Overweight
3100,36.6347566575,Female,1,img_3100.bmp,Obese
3101,21.7871900826,Female,1,img_3101.bmp,Normal
3102,39.5397153352,Female,1,img_3102.bmp,Obese
3103,33.5684113866,Female,1,img_3103.bmp,Obese
3104,40.3466483012,Female,1,img_3104.bmp,Severely Obese
3105,34.698117539,Female,1,img_3105.bmp,Obese
3106,42.6100581723,Male,1,img_3106.bmp,Severely Obese
3107,29.4180896979,Male,1,img_3107.bmp,Overweight
3108,31.9269031142,Male,1,img_3108.bmp,Obese
3109,29.6464100346,Male,1,img_3109.bmp,Overweight
3110,29.98734375,Male,1,img_3110.bmp,Overweight
3111,26.69203125,Male,1,img_3111.bmp,Overweight
3112,47.2505776097,Male,1,img_3112.bmp,Severely Obese
3113,40.6059651334,Male,1,img_3113.bmp,Severely Obese
3114,32.0044224766,Female,1,img_3114.bmp,Obese
3115,23.7747138398,Female,1,img_3115.bmp,Normal
3116,41.7062988281,Female,1,img_3116.bmp,Severely Obese
3117,37.072265625,Female,1,img_3117.bmp,Obese
3118,40.4993432164,Male,1,img_3118.bmp,Severely Obese
3119,37.4651904673,Male,1,img_3119.bmp,Obese
3120,30.2247716641,Female,1,img_3120.bmp,Obese
3121,23.6473602139,Female,1,img_3121.bmp,Normal
3122,42.5255198488,Female,1,img_3122.bmp,Severely Obese
3123,33.3707204369,Female,1,img_3123.bmp,Obese
3124,46.8249053241,Female,1,img_3124.bmp,Severely Obese
3125,33.2002673201,Female,1,img_3125.bmp,Obese
3126,40.8308080808,Female,1,img_3126.bmp,Severely Obese
3127,33.891184573,Female,1,img_3127.bmp,Obese
3128,43.8494096681,Female,1,img_3128.bmp,Severely Obese
3129,30.5379817331,Female,1,img_3129.bmp,Obese
3130,32.7160818165,Male,1,img_3130.bmp,Obese
3131,25.7243385251,Male,1,img_3131.bmp,Overweight
3132,36.7281632653,Male,1,img_3132.bmp,Obese
3133,25.1071428571,Male,1,img_3133.bmp,Overweight
3134,44.3671111111,Male,1,img_3134.bmp,Severely Obese
3135,29.8696888889,Male,1,img_3135.bmp,Overweight
3136,30.1285714286,Male,1,img_3136.bmp,Obese
3137,25.5375510204,Male,1,img_3137.bmp,Overweight
3138,37.8759183673,Male,1,img_3138.bmp,Obese
3139,23.2420408163,Male,1,img_3139.bmp,Normal
3140,27.8041992188,Female,1,img_3140.bmp,Overweight
3141,21.2822265625,Female,1,img_3141.bmp,Normal
3142,48.4159779614,Female,1,img_3142.bmp,Severely Obese
3143,22.5941230487,Female,1,img_3143.bmp,Normal
3144,36.6059171598,Female,1,img_3144.bmp,Obese
3145,26.6224852071,Female,1,img_3145.bmp,Overweight
3146,36.8055920435,Male,1,img_3146.bmp,Obese
3147,29.0223306436,Male,1,img_3147.bmp,Overweight
3148,37.3494687131,Male,1,img_3148.bmp,Obese
3149,27.2710406477,Male,1,img_3149.bmp,Overweight
3150,49.4052777778,Female,1,img_3150.bmp,Severely Obese
3151,45.3044444444,Female,1,img_3151.bmp,Severely Obese
3152,45.0357067843,Male,1,img_3152.bmp,Severely Obese
3153,39.1293845831,Male,1,img_3153.bmp,Obese
3154,28.3190917969,Female,1,img_3154.bmp,Overweight
3155,22.6552734375,Female,1,img_3155.bmp,Normal
3156,28.884837963,Female,1,img_3156.bmp,Overweight
3157,21.8331404321,Female,1,img_3157.bmp,Normal
3158,28.5654269972,Female,1,img_3158.bmp,Overweight
3159,26.4674012856,Female,1,img_3159.bmp,Overweight
3160,30.7822485207,Female,1,img_3160.bmp,Obese
3161,22.4627218935,Female,1,img_3161.bmp,Normal
3162,36.8021831143,Male,1,img_3162.bmp,Obese
3163,30.5379817331,Male,1,img_3163.bmp,Obese
3164,43.0663844954,Female,1,img_3164.bmp,Severely Obese
3165,35.549342838,Female,1,img_3165.bmp,Obese
3166,53.5155709343,Female,1,img_3166.bmp,Severely Obese
3167,28.4301470588,Female,1,img_3167.bmp,Overweight
3168,32.6125443787,Male,1,img_3168.bmp,Obese
3169,29.950295858,Male,1,img_3169.bmp,Overweight
3170,29.4943771626,Male,1,img_3170.bmp,Overweight
3171,24.9333910035,Male,1,img_3171.bmp,Normal
3172,28.693877551,Female,1,img_3172.bmp,Overweight
3173,24.3897959184,Female,1,img_3173.bmp,Normal
3174,51.9952422145,Male,1,img_3174.bmp,Severely Obese
3175,32.991133218,Male,1,img_3175.bmp,Obese
3176,38.2486225895,Male,1,img_3176.bmp,Obese
3177,31.4703856749,Male,1,img_3177.bmp,Obese
3178,31.7464818315,Male,1,img_3178.bmp,Obese
3179,24.8065532451,Male,1,img_3179.bmp,Normal
3180,28.0550304558,Female,1,img_3180.bmp,Overweight
3181,22.1487082546,Female,1,img_3181.bmp,Normal
3182,33.4695496925,Male,1,img_3182.bmp,Obese
3183,26.4967268399,Male,1,img_3183.bmp,Overweight
3184,27.8912914104,Male,1,img_3184.bmp,Overweight
3185,21.6157508431,Male,1,img_3185.bmp,Normal
3186,25.6827916352,Female,1,img_3186.bmp,Overweight
3187,22.8488284203,Female,1,img_3187.bmp,Normal
3188,33.2230623819,Male,1,img_3188.bmp,Obese
3189,29.236294896,Male,1,img_3189.bmp,Overweight
3190,35.2716262976,Male,1,img_3190.bmp,Obese
3191,30.1025086505,Male,1,img_3191.bmp,Obese
3192,25.6756756757,Male,1,img_3192.bmp,Overweight
3193,22.2094594595,Male,1,img_3193.bmp,Normal
3194,45.4154600134,Female,1,img_3194.bmp,Severely Obese
3195,32.8870572511,Female,1,img_3195.bmp,Obese
3196,24.3252595156,Male,1,img_3196.bmp,Normal
3197,22.8049307958,Male,1,img_3197.bmp,Normal
3198,32.1177102929,Female,1,img_3198.bmp,Obese
3199,21.537758667,Female,1,img_3199.bmp,Normal
3200,43.1773356401,Male,1,img_3200.bmp,Severely Obese
3201,31.3187716263,Male,1,img_3201.bmp,Obese
3202,29.8341049383,Male,1,img_3202.bmp,Overweight
3203,24.4097222222,Male,1,img_3203.bmp,Normal
3204,36.6059171598,Female,1,img_3204.bmp,Obese
3205,31.6142011834,Female,1,img_3205.bmp,Obese
3206,43.7607100592,Female,1,img_3206.bmp,Severely Obese
3207,37.9370414201,Female,1,img_3207.bmp,Obese
3208,23.7729468599,Female,1,img_3208.bmp,Normal
3209,20.9674438143,Female,1,img_3209.bmp,Normal
3210,39.4247006931,Female,1,img_3210.bmp,Obese
3211,32.7800882168,Female,1,img_3211.bmp,Obese
3212,35.8175675676,Male,1,img_3212.bmp,Obese
3213,26.7027027027,Male,1,img_3213.bmp,Overweight
3214,40.8308080808,Male,1,img_3214.bmp,Severely Obese
3215,31.4703856749,Male,1,img_3215.bmp,Obese
3216,51.1184210526,Male,1,img_3216.bmp,Severely Obese
3217,35.2960526316,Male,1,img_3217.bmp,Obese
3218,30.5379817331,Male,1,img_3218.bmp,Obese
3219,22.7077300067,Male,1,img_3219.bmp,Normal
3220,28.3152777778,Female,1,img_3220.bmp,Overweight
3221,24.4097222222,Female,1,img_3221.bmp,Normal
3222,31.0361842105,Male,1,img_3222.bmp,Obese
3223,26.1677631579,Male,1,img_3223.bmp,Overweight
3224,46.0693131695,Male,1,img_3224.bmp,Severely Obese
3225,28.3503465658,Male,1,img_3225.bmp,Overweight
3226,30.0354003906,Female,1,img_3226.bmp,Obese
3227,27.1176757812,Female,1,img_3227.bmp,Overweight
3228,23.0103154136,Male,1,img_3228.bmp,Normal
3229,20.6395556437,Male,1,img_3229.bmp,Normal
3230,49.9171597633,Female,1,img_3230.bmp,Severely Obese
3231,35.2747928994,Female,1,img_3231.bmp,Obese
3232,32.6184210526,Male,1,img_3232.bmp,Obese
3233,24.0986842105,Male,1,img_3233.bmp,Normal
3234,38.464316609,Female,1,img_3234.bmp,Obese
3235,30.1025086505,Female,1,img_3235.bmp,Obese
3236,22.4945369407,Female,1,img_3236.bmp,Normal
3237,21.5801248699,Female,1,img_3237.bmp,Normal
3238,28.3627322199,Male,1,img_3238.bmp,Overweight
3239,25.0647401013,Male,1,img_3239.bmp,Overweight
3240,30.0681666295,Female,1,img_3240.bmp,Obese
3241,25.3700155937,Female,1,img_3241.bmp,Overweight
3242,50.0298438935,Female,1,img_3242.bmp,Severely Obese
3243,36.3119834711,Female,1,img_3243.bmp,Obese
3244,39.3106122449,Male,1,img_3244.bmp,Obese
3245,22.8116326531,Male,1,img_3245.bmp,Normal
3246,39.9342838049,Male,1,img_3246.bmp,Obese
3247,30.5379817331,Male,1,img_3247.bmp,Obese
3248,35.4245401864,Female,1,img_3248.bmp,Obese
3249,19.4834971025,Female,1,img_3249.bmp,Normal
3250,41.0896990741,Male,1,img_3250.bmp,Severely Obese
3251,30.5121527778,Male,1,img_3251.bmp,Obese
3252,45.6098615917,Male,1,img_3252.bmp,Severely Obese
3253,30.4065743945,Male,1,img_3253.bmp,Obese
3254,35.2584876543,Male,1,img_3254.bmp,Obese
3255,30.5121527778,Male,1,img_3255.bmp,Obese
3256,46.6407254362,Male,1,img_3256.bmp,Severely Obese
3257,24.3693755739,Male,1,img_3257.bmp,Normal
3258,49.9171597633,Female,1,img_3258.bmp,Severely Obese
3259,39.1017751479,Female,1,img_3259.bmp,Obese
3260,31.8682484568,Male,1,img_3260.bmp,Obese
3261,26.4438657407,Male,1,img_3261.bmp,Overweight
3262,58.5717119619,Male,1,img_3262.bmp,Severely Obese
3263,36.2586788336,Male,1,img_3263.bmp,Obese
3264,24.3918918919,Female,1,img_3264.bmp,Normal
3265,21.8243243243,Female,1,img_3265.bmp,Normal
3266,24.6891259105,Female,1,img_3266.bmp,Normal
3267,21.9458896982,Female,1,img_3267.bmp,Normal
3268,36.9075,Female,1,img_3268.bmp,Obese
3269,26.3625,Female,1,img_3269.bmp,Overweight
3270,57.9438627757,Female,1,img_3270.bmp,Severely Obese
3271,46.8249053241,Female,1,img_3271.bmp,Severely Obese
3272,27.4058810425,Female,1,img_3272.bmp,Overweight
3273,19.5756293161,Female,1,img_3273.bmp,Normal
3274,39.7450902599,Male,1,img_3274.bmp,Obese
3275,29.9831382662,Male,1,img_3275.bmp,Overweight
3276,25.9679591837,Male,1,img_3276.bmp,Overweight
3277,21.3769387755,Male,1,img_3277.bmp,Normal
3278,30.6804205515,Male,1,img_3278.bmp,Obese
3279,23.2892283277,Male,1,img_3279.bmp,Normal
3280,51.3664513255,Male,1,img_3280.bmp,Severely Obese
3281,43.536199599,Male,1,img_3281.bmp,Severely Obese
3282,46.8249053241,Female,1,img_3282.bmp,Severely Obese
3283,32.7304522165,Female,1,img_3283.bmp,Obese
3284,31.0900104058,Female,1,img_3284.bmp,Obese
3285,23.7747138398,Female,1,img_3285.bmp,Normal
3286,40.6059651334,Male,1,img_3286.bmp,Severely Obese
3287,25.1018693552,Male,1,img_3287.bmp,Overweight
3288,44.2199265381,Female,1,img_3288.bmp,Severely Obese
3289,37.1189164371,Female,1,img_3289.bmp,Obese
3290,43.9375,Female,1,img_3290.bmp,Severely Obese
3291,31.3187716263,Female,1,img_3291.bmp,Obese
3292,31.7931588613,Male,1,img_3292.bmp,Obese
3293,23.4010560147,Male,1,img_3293.bmp,Normal
3294,48.7837837838,Male,1,img_3294.bmp,Severely Obese
3295,37.2297297297,Male,1,img_3295.bmp,Obese
3296,29.0495867769,Male,1,img_3296.bmp,Overweight
3297,23.2396694215,Male,1,img_3297.bmp,Normal
3298,29.598351526,Female,1,img_3298.bmp,Overweight
3299,25.3700155937,Female,1,img_3299.bmp,Overweight
3300,49.9911111111,Male,1,img_3300.bmp,Severely Obese
3301,28.4949333333,Male,1,img_3301.bmp,Overweight
3302,37.1189164371,Female,1,img_3302.bmp,Obese
3303,28.2426538108,Female,1,img_3303.bmp,Overweight
3304,29.2851414569,Female,1,img_3304.bmp,Overweight
3305,21.924704834,Female,1,img_3305.bmp,Normal
3306,39.4540816327,Female,1,img_3306.bmp,Obese
3307,33.7153061224,Female,1,img_3307.bmp,Obese
3308,27.9853867473,Female,1,img_3308.bmp,Overweight
3309,21.0776014109,Female,1,img_3309.bmp,Normal
3310,34.698117539,Female,1,img_3310.bmp,Obese
3311,25.0149219467,Female,1,img_3311.bmp,Overweight
3312,33.2243441358,Male,1,img_3312.bmp,Obese
3313,25.4945987654,Male,1,img_3313.bmp,Overweight
3314,35.6620707596,Female,1,img_3314.bmp,Obese
3315,21.0314776275,Female,1,img_3315.bmp,Normal
3316,29.425312438,Male,1,img_3316.bmp,Overweight
3317,26.3572703829,Male,1,img_3317.bmp,Overweight
3318,38.7702702703,Male,1,img_3318.bmp,Obese
3319,32.7364864865,Male,1,img_3319.bmp,Obese
3320,35.2747928994,Female,1,img_3320.bmp,Obese
3321,27.4544378698,Female,1,img_3321.bmp,Overweight
3322,42.0825456837,Male,1,img_3322.bmp,Severely Obese
3323,32.7800882168,Male,1,img_3323.bmp,Obese
3324,42.6100581723,Male,1,img_3324.bmp,Severely Obese
3325,27.7031337962,Male,1,img_3325.bmp,Overweight
3326,38.3505256893,Male,1,img_3326.bmp,Obese
3327,27.1940091252,Male,1,img_3327.bmp,Overweight
3328,34.3848427842,Female,1,img_3328.bmp,Obese
3329,28.717011556,Female,1,img_3329.bmp,Overweight
3330,32.3537146614,Male,1,img_3330.bmp,Obese
3331,28.3095003287,Male,1,img_3331.bmp,Overweight
3332,29.5316110061,Female,1,img_3332.bmp,Overweight
3333,23.1823146398,Female,1,img_3333.bmp,Normal
3334,31.8502040816,Male,1,img_3334.bmp,Obese
3335,26.5418367347,Male,1,img_3335.bmp,Overweight
3336,31.7464818315,Female,1,img_3336.bmp,Obese
3337,22.8869985297,Female,1,img_3337.bmp,Normal
3338,29.2252456538,Female,1,img_3338.bmp,Overweight
3339,24.7971781305,Female,1,img_3339.bmp,Normal
3340,26.6027832031,Female,1,img_3340.bmp,Overweight
3341,22.3120117188,Female,1,img_3341.bmp,Normal
3342,39.4540816327,Male,1,img_3342.bmp,Obese
3343,32.9979591837,Male,1,img_3343.bmp,Obese
3344,36.0424804688,Female,1,img_3344.bmp,Obese
3345,24.0283203125,Female,1,img_3345.bmp,Normal
3346,33.4472318339,Female,1,img_3346.bmp,Obese
3347,22.6528979239,Female,1,img_3347.bmp,Normal
3348,30.5121527778,Male,1,img_3348.bmp,Obese
3349,26.4438657407,Male,1,img_3349.bmp,Overweight
3350,41.186240258,Female,1,img_3350.bmp,Severely Obese
3351,31.7398548777,Female,1,img_3351.bmp,Obese
3352,33.610887574,Female,1,img_3352.bmp,Obese
3353,23.9602366864,Female,1,img_3353.bmp,Normal
3354,30.5502929688,Male,1,img_3354.bmp,Obese
3355,25.7446289062,Male,1,img_3355.bmp,Overweight
3356,31.0081915564,Male,1,img_3356.bmp,Obese
3357,27.1690821256,Male,1,img_3357.bmp,Overweight
3358,28.3455112497,Female,1,img_3358.bmp,Overweight
3359,21.7680997995,Female,1,img_3359.bmp,Normal
3360,37.9706790123,Male,1,img_3360.bmp,Obese
3361,27.7999614198,Male,1,img_3361.bmp,Overweight
3362,29.4440686785,Female,1,img_3362.bmp,Overweight
3363,22.1287721124,Female,1,img_3363.bmp,Normal
3364,38.7702702703,Male,1,img_3364.bmp,Obese
3365,31.5810810811,Male,1,img_3365.bmp,Obese
3366,29.0495867769,Female,1,img_3366.bmp,Overweight
3367,26.3060146924,Female,1,img_3367.bmp,Overweight
3368,35.2584876543,Male,0,img_3368.bmp,Obese
3369,29.6984953704,Male,0,img_3369.bmp,Overweight
3370,30.8459183673,Female,0,img_3370.bmp,Obese
3371,24.3897959184,Female,0,img_3371.bmp,Normal
3372,36.2586788336,Male,0,img_3372.bmp,Obese
3373,27.8912914104,Male,0,img_3373.bmp,Overweight
3374,36.7434666667,Male,0,img_3374.bmp,Obese
3375,23.3708444444,Male,0,img_3375.bmp,Normal
3376,57.160837603,Female,0,img_3376.bmp,Severely Obese
3377,41.5003341501,Female,0,img_3377.bmp,Severely Obese
3378,60.0968283974,Male,0,img_3378.bmp,Severely Obese
3379,34.2566687671,Male,0,img_3379.bmp,Obese
3380,28.884837963,Male,0,img_3380.bmp,Overweight
3381,23.4604552469,Male,0,img_3381.bmp,Normal
3382,31.6317722681,Male,0,img_3382.bmp,Obese
3383,26.1446280992,Male,0,img_3383.bmp,Overweight
3384,29.7984429066,Male,0,img_3384.bmp,Overweight
3385,24.0211937716,Male,0,img_3385.bmp,Normal
3386,41.19140625,Female,0,img_3386.bmp,Severely Obese
3387,32.6098632812,Female,0,img_3387.bmp,Obese
3388,38.3388157895,Male,0,img_3388.bmp,Obese
3389,33.4703947368,Male,0,img_3389.bmp,Obese
3390,41.19140625,Female,0,img_3390.bmp,Severely Obese
3391,29.1772460938,Female,0,img_3391.bmp,Overweight
3392,40.1644736842,Male,0,img_3392.bmp,Severely Obese
3393,30.4276315789,Male,0,img_3393.bmp,Obese
3394,39.0478079746,Male,0,img_3394.bmp,Obese
3395,33.4695496925,Male,0,img_3395.bmp,Obese
3396,35.2584876543,Male,0,img_3396.bmp,Obese
3397,29.1560570988,Male,0,img_3397.bmp,Overweight
3398,30.4065743945,Female,0,img_3398.bmp,Obese
3399,26.3016868512,Female,0,img_3399.bmp,Overweight
3400,30.0681666295,Female,0,img_3400.bmp,Obese
3401,25.8398306973,Female,0,img_3401.bmp,Overweight
3402,44.7511574074,Male,0,img_3402.bmp,Severely Obese
3403,26.4438657407,Male,0,img_3403.bmp,Overweight
3404,32.5462962963,Male,0,img_3404.bmp,Obese
3405,24.4097222222,Male,0,img_3405.bmp,Normal
3406,45.4578287197,Male,0,img_3406.bmp,Severely Obese
3407,27.669982699,Male,0,img_3407.bmp,Overweight
3408,48.6842105263,Male,0,img_3408.bmp,Severely Obese
3409,37.9736842105,Male,0,img_3409.bmp,Obese
3410,28.8373469388,Male,0,img_3410.bmp,Overweight
3411,25.6810204082,Male,0,img_3411.bmp,Overweight
3412,33.2243441358,Male,0,img_3412.bmp,Obese
3413,25.0877700617,Male,0,img_3413.bmp,Overweight
3414,59.1824324324,Male,0,img_3414.bmp,Severely Obese
3415,30.9391891892,Male,0,img_3415.bmp,Obese
3416,27.4540186445,Female,0,img_3416.bmp,Overweight
3417,22.4945830184,Female,0,img_3417.bmp,Normal
3418,48.5475607039,Male,0,img_3418.bmp,Severely Obese
3419,27.8756961461,Male,0,img_3419.bmp,Overweight
3420,41.0083333333,Male,0,img_3420.bmp,Severely Obese
3421,27.7294444444,Male,0,img_3421.bmp,Overweight
3422,33.6700824237,Male,0,img_3422.bmp,Obese
3423,25.8398306973,Male,0,img_3423.bmp,Overweight
3424,41.7425777778,Male,0,img_3424.bmp,Severely Obese
3425,27.8700444444,Male,0,img_3425.bmp,Overweight
3426,30.4651045603,Female,0,img_3426.bmp,Obese
3427,25.3285462333,Female,0,img_3427.bmp,Overweight
3428,45.3669333333,Male,0,img_3428.bmp,Severely Obese
3429,29.8696888889,Male,0,img_3429.bmp,Overweight
3430,32.4134542706,Female,0,img_3430.bmp,Obese
3431,25.6827916352,Female,0,img_3431.bmp,Overweight
3432,34.9420118343,Female,0,img_3432.bmp,Obese
3433,19.9668639053,Female,0,img_3433.bmp,Normal
3434,31.2368164062,Female,0,img_3434.bmp,Obese
3435,22.6552734375,Female,0,img_3435.bmp,Normal
3436,39.9928888889,Male,0,img_3436.bmp,Obese
3437,31.2444444444,Male,0,img_3437.bmp,Obese
3438,29.6819290674,Male,0,img_3438.bmp,Overweight
3439,24.4051416776,Male,0,img_3439.bmp,Normal
3440,41.9605142332,Female,0,img_3440.bmp,Severely Obese
3441,29.8565197429,Female,0,img_3441.bmp,Overweight
3442,41.606122449,Male,0,img_3442.bmp,Severely Obese
3443,27.2591836735,Male,0,img_3443.bmp,Overweight
3444,28.693877551,Female,0,img_3444.bmp,Overweight
3445,22.9551020408,Female,0,img_3445.bmp,Normal
3446,26.3096458008,Female,0,img_3446.bmp,Overweight
3447,20.6718645578,Female,0,img_3447.bmp,Normal
3448,45.6098615917,Female,0,img_3448.bmp,Severely Obese
3449,25.0854238754,Female,0,img_3449.bmp,Overweight
3450,32.2750771605,Male,0,img_3450.bmp,Obese
3451,28.4780092593,Male,0,img_3451.bmp,Overweight
3452,28.1010288413,Male,0,img_3452.bmp,Overweight
3453,23.1210996795,Male,0,img_3453.bmp,Normal
3454,25.5924188403,Male,0,img_3454.bmp,Overweight
3455,24.2732219929,Male,0,img_3455.bmp,Normal
3456,44.1930943892,Male,0,img_3456.bmp,Severely Obese
3457,35.6183148808,Male,0,img_3457.bmp,Obese
3458,28.693877551,Female,0,img_3458.bmp,Overweight
3459,22.9551020408,Female,0,img_3459.bmp,Normal
3460,30.0354003906,Female,0,img_3460.bmp,Obese
3461,20.595703125,Female,0,img_3461.bmp,Normal
3462,32.4847721067,Male,0,img_3462.bmp,Obese
3463,23.6252888049,Male,0,img_3463.bmp,Normal
3464,42.6100581723,Male,0,img_3464.bmp,Severely Obese
3465,29.4180896979,Male,0,img_3465.bmp,Overweight
3466,25.8218549128,Female,0,img_3466.bmp,Overweight
3467,22.5941230487,Female,0,img_3467.bmp,Normal
3468,28.3396321492,Female,0,img_3468.bmp,Overweight
3469,20.3691106072,Female,0,img_3469.bmp,Normal
3470,36.3119834711,Female,0,img_3470.bmp,Obese
3471,24.6921487603,Female,0,img_3471.bmp,Normal
3472,43.9304598622,Male,0,img_3472.bmp,Severely Obese
3473,24.2180740266,Male,0,img_3473.bmp,Normal
3474,42.9923555556,Male,0,img_3474.bmp,Severely Obese
3475,36.4935111111,Male,0,img_3475.bmp,Obese
3476,64.8923076923,Female,0,img_3476.bmp,Severely Obese
3477,44.0934911243,Female,0,img_3477.bmp,Severely Obese
3478,38.9669942051,Female,0,img_3478.bmp,Obese
3479,29.9337364575,Female,0,img_3479.bmp,Overweight
3480,27.3848684211,Male,0,img_3480.bmp,Overweight
3481,22.2730263158,Male,0,img_3481.bmp,Normal
3482,41.2426666667,Male,0,img_3482.bmp,Severely Obese
3483,28.7448888889,Male,0,img_3483.bmp,Overweight
3484,48.7795918367,Male,0,img_3484.bmp,Severely Obese
3485,41.606122449,Male,0,img_3485.bmp,Severely Obese
3486,41.3149678604,Female,0,img_3486.bmp,Severely Obese
3487,35.5050505051,Female,0,img_3487.bmp,Obese
3488,37.4908949011,Female,0,img_3488.bmp,Obese
3489,33.4674817898,Female,0,img_3489.bmp,Obese
3490,50.5012244898,Male,0,img_3490.bmp,Severely Obese
3491,38.7367346939,Male,0,img_3491.bmp,Obese
3492,53.0339355469,Female,0,img_3492.bmp,Severely Obese
3493,35.8708496094,Female,0,img_3493.bmp,Obese
3494,38.686410418,Female,0,img_3494.bmp,Obese
3495,23.0346565848,Female,0,img_3495.bmp,Normal
3496,37.1189164371,Female,0,img_3496.bmp,Obese
3497,29.0495867769,Female,0,img_3497.bmp,Overweight
3498,51.4892578125,Female,0,img_3498.bmp,Severely Obese
3499,35.1843261719,Female,0,img_3499.bmp,Obese
3500,54.2438271605,Male,0,img_3500.bmp,Severely Obese
3501,40.6828703704,Male,0,img_3501.bmp,Severely Obese
3502,41.3149678604,Female,0,img_3502.bmp,Severely Obese
3503,35.5050505051,Female,0,img_3503.bmp,Obese
3504,32.6125443787,Female,0,img_3504.bmp,Obese
3505,25.4577514793,Female,0,img_3505.bmp,Overweight
3506,44.6260662567,Male,0,img_3506.bmp,Severely Obese
3507,32.074985122,Male,0,img_3507.bmp,Obese
3508,32.1177102929,Female,0,img_3508.bmp,Obese
3509,20.593120129,Female,0,img_3509.bmp,Normal
3510,38.0872359963,Female,0,img_3510.bmp,Obese
3511,32.277318641,Female,0,img_3511.bmp,Obese
3512,29.2851414569,Female,0,img_3512.bmp,Overweight
3513,21.924704834,Female,0,img_3513.bmp,Normal
3514,43.6486486486,Male,0,img_3514.bmp,Severely Obese
3515,25.6756756757,Male,0,img_3515.bmp,Overweight
3516,38.3682334596,Female,0,img_3516.bmp,Obese
3517,26.6228558699,Female,0,img_3517.bmp,Overweight
3518,27.9765306122,Male,0,img_3518.bmp,Overweight
3519,24.3897959184,Male,0,img_3519.bmp,Normal
3520,27.4609375,Female,0,img_3520.bmp,Overweight
3521,20.9389648438,Female,0,img_3521.bmp,Normal
3522,36.9587881488,Female,0,img_3522.bmp,Obese
3523,26.1530407663,Female,0,img_3523.bmp,Overweight
3524,37.4933333333,Male,0,img_3524.bmp,Obese
3525,29.9946666667,Male,0,img_3525.bmp,Overweight
3526,38.7327823691,Female,0,img_3526.bmp,Obese
3527,30.6634527089,Female,0,img_3527.bmp,Obese
3528,53.2055664062,Female,0,img_3528.bmp,Severely Obese
3529,29.1772460938,Female,0,img_3529.bmp,Overweight
3530,35.2584876543,Male,0,img_3530.bmp,Obese
3531,28.7492283951,Male,0,img_3531.bmp,Overweight
3532,25.5052405267,Female,0,img_3532.bmp,Overweight
3533,21.1599032518,Female,0,img_3533.bmp,Normal
3534,33.8304358781,Female,0,img_3534.bmp,Obese
3535,26.7455278408,Female,0,img_3535.bmp,Overweight
3536,34.9420118343,Female,0,img_3536.bmp,Obese
3537,29.7839053254,Female,0,img_3537.bmp,Overweight
3538,40.6059651334,Male,0,img_3538.bmp,Severely Obese
3539,25.8401596303,Male,0,img_3539.bmp,Overweight
3540,29.4440686785,Female,0,img_3540.bmp,Overweight
3541,21.7630072841,Female,0,img_3541.bmp,Normal
3542,38.6814435286,Female,0,img_3542.bmp,Obese
3543,29.4417464914,Female,0,img_3543.bmp,Overweight
3544,45.4292052469,Male,0,img_3544.bmp,Severely Obese
3545,32.8175154321,Male,0,img_3545.bmp,Obese
3546,49.9911111111,Male,0,img_3546.bmp,Severely Obese
3547,26.8702222222,Male,0,img_3547.bmp,Overweight
3548,36.045505528,Male,0,img_3548.bmp,Obese
3549,29.8501842653,Male,0,img_3549.bmp,Overweight
3550,57.4897777778,Male,0,img_3550.bmp,Severely Obese
3551,51.8657777778,Male,0,img_3551.bmp,Severely Obese
3552,30.4651045603,Female,0,img_3552.bmp,Obese
3553,24.7971781305,Female,0,img_3553.bmp,Normal
3554,39.7450902599,Male,0,img_3554.bmp,Obese
3555,33.3300932355,Male,0,img_3555.bmp,Obese
3556,33.084251607,Female,0,img_3556.bmp,Obese
3557,27.1129476584,Female,0,img_3557.bmp,Overweight
3558,45.4154600134,Male,0,img_3558.bmp,Severely Obese
3559,38.3682334596,Male,0,img_3559.bmp,Obese
3560,34.6996429322,Male,0,img_3560.bmp,Obese
3561,32.4847721067,Male,0,img_3561.bmp,Obese
3562,34.0202702703,Male,0,img_3562.bmp,Obese
3563,24.3918918919,Male,0,img_3563.bmp,Normal
3564,29.2611862643,Female,0,img_3564.bmp,Overweight
3565,23.7747138398,Female,0,img_3565.bmp,Normal
3566,40.3466483012,Male,0,img_3566.bmp,Severely Obese
3567,30.6634527089,Male,0,img_3567.bmp,Obese
3568,38.3910943079,Male,0,img_3568.bmp,Obese
3569,28.0550304558,Male,0,img_3569.bmp,Overweight
3570,39.4983623079,Female,0,img_3570.bmp,Obese
3571,36.664399093,Female,0,img_3571.bmp,Obese
3572,33.5075999249,Male,0,img_3572.bmp,Obese
3573,28.0988928504,Male,0,img_3573.bmp,Overweight
3574,31.6607243385,Male,0,img_3574.bmp,Obese
3575,25.0647401013,Male,0,img_3575.bmp,Overweight
3576,32.2208333333,Female,0,img_3576.bmp,Obese
3577,24.9955555556,Female,0,img_3577.bmp,Normal
3578,37.9258494031,Male,0,img_3578.bmp,Obese
3579,33.084251607,Male,0,img_3579.bmp,Obese
3580,45.4797959184,Female,0,img_3580.bmp,Severely Obese
3581,28.5504081633,Female,0,img_3581.bmp,Overweight
3582,27.1157142857,Male,0,img_3582.bmp,Overweight
3583,24.2463265306,Male,0,img_3583.bmp,Normal
3584,29.8138487521,Male,0,img_3584.bmp,Overweight
3585,25.0647401013,Male,0,img_3585.bmp,Overweight
3586,38.7431111111,Male,0,img_3586.bmp,Obese
3587,27.4951111111,Male,0,img_3587.bmp,Overweight
3588,48.005787037,Male,0,img_3588.bmp,Severely Obese
3589,43.9375,Male,0,img_3589.bmp,Severely Obese
3590,36.9439878893,Male,0,img_3590.bmp,Obese
3591,27.8220155709,Male,0,img_3591.bmp,Overweight
3592,37.9258494031,Female,0,img_3592.bmp,Obese
3593,27.4357208448,Female,0,img_3593.bmp,Overweight
3594,32.4847721067,Female,0,img_3594.bmp,Obese
3595,23.6252888049,Female,0,img_3595.bmp,Normal
3596,31.0361842105,Male,0,img_3596.bmp,Obese
3597,22.5164473684,Male,0,img_3597.bmp,Normal
3598,44.0060147026,Female,0,img_3598.bmp,Severely Obese
3599,30.5379817331,Female,0,img_3599.bmp,Obese
3600,45.2588549788,Male,0,img_3600.bmp,Severely Obese
3601,38.211628425,Male,0,img_3601.bmp,Obese
3602,43.0663844954,Female,0,img_3602.bmp,Severely Obese
3603,38.3682334596,Female,0,img_3603.bmp,Obese
3604,37.7587890625,Female,0,img_3604.bmp,Obese
3605,27.4609375,Female,0,img_3605.bmp,Overweight
3606,40.2341311134,Female,0,img_3606.bmp,Severely Obese
3607,27.4323621228,Female,0,img_3607.bmp,Overweight
3608,32.074985122,Male,0,img_3608.bmp,Obese
3609,19.5239039873,Male,0,img_3609.bmp,Normal
3610,37.4378698225,Female,0,img_3610.bmp,Obese
3611,28.2863905325,Female,0,img_3611.bmp,Overweight
3612,43.2315016862,Male,0,img_3612.bmp,Severely Obese
3613,34.1668319778,Male,0,img_3613.bmp,Obese
3614,37.0621718126,Female,0,img_3614.bmp,Obese
3615,33.961352657,Female,0,img_3615.bmp,Obese
3616,40.4391891892,Male,0,img_3616.bmp,Severely Obese
3617,30.8108108108,Male,0,img_3617.bmp,Obese
3618,31.5632653061,Male,0,img_3618.bmp,Obese
3619,27.9765306122,Male,0,img_3619.bmp,Overweight
3620,34.9379488653,Female,0,img_3620.bmp,Obese
3621,29.0812984774,Female,0,img_3621.bmp,Overweight
3622,63.0936418685,Female,0,img_3622.bmp,Severely Obese
3623,34.9675605536,Female,0,img_3623.bmp,Obese
3624,46.2162162162,Male,0,img_3624.bmp,Severely Obese
3625,33.3783783784,Male,0,img_3625.bmp,Obese
3626,27.7872189349,Female,0,img_3626.bmp,Overweight
3627,23.6274556213,Female,0,img_3627.bmp,Normal
3628,46.1718896603,Male,0,img_3628.bmp,Severely Obese
3629,31.1330455995,Male,0,img_3629.bmp,Obese
3630,51.6796613945,Female,0,img_3630.bmp,Severely Obese
3631,36.0191579416,Female,0,img_3631.bmp,Obese
3632,36.9375117283,Male,0,img_3632.bmp,Obese
3633,25.0647401013,Male,0,img_3633.bmp,Overweight
3634,38.3505256893,Male,0,img_3634.bmp,Obese
3635,30.2620511803,Male,0,img_3635.bmp,Obese
3636,26.4438657407,Male,0,img_3636.bmp,Overweight
3637,23.7316743827,Male,0,img_3637.bmp,Normal
3638,56.6305555556,Male,0,img_3638.bmp,Severely Obese
3639,43.9375,Male,0,img_3639.bmp,Severely Obese
3640,46.0659602076,Female,0,img_3640.bmp,Severely Obese
3641,30.7106401384,Female,0,img_3641.bmp,Obese
3642,25.8398306973,Female,0,img_3642.bmp,Overweight
3643,21.924704834,Female,0,img_3643.bmp,Normal
3644,42.9525887721,Male,0,img_3644.bmp,Severely Obese
3645,23.4286847848,Male,0,img_3645.bmp,Normal
3646,36.0191579416,Male,0,img_3646.bmp,Obese
3647,26.1530407663,Male,0,img_3647.bmp,Overweight
3648,68.618441358,Male,0,img_3648.bmp,Severely Obese
3649,29.2916666667,Male,0,img_3649.bmp,Overweight
3650,35.3544755114,Male,0,img_3650.bmp,Obese
3651,27.1754550572,Male,0,img_3651.bmp,Overweight
3652,36.1757629762,Female,0,img_3652.bmp,Obese
3653,28.9719313878,Female,0,img_3653.bmp,Overweight
3654,29.0223306436,Male,0,img_3654.bmp,Overweight
3655,23.7455432539,Male,0,img_3655.bmp,Normal
3656,62.3804012346,Male,0,img_3656.bmp,Severely Obese
3657,48.1413966049,Male,0,img_3657.bmp,Severely Obese
3658,46.6407254362,Male,0,img_3658.bmp,Severely Obese
3659,25.8218549128,Male,0,img_3659.bmp,Overweight
3660,35.5613965483,Male,0,img_3660.bmp,Obese
3661,29.9831382662,Male,0,img_3661.bmp,Overweight
3662,33.1219450743,Female,0,img_3662.bmp,Obese
3663,23.3801965231,Female,0,img_3663.bmp,Normal
3664,45.7286700824,Male,0,img_3664.bmp,Severely Obese
3665,31.1644018712,Male,0,img_3665.bmp,Obese
3666,49.7729492188,Female,0,img_3666.bmp,Severely Obese
3667,40.6765136719,Female,0,img_3667.bmp,Severely Obese
3668,41.9605142332,Female,0,img_3668.bmp,Severely Obese
3669,37.1189164371,Female,0,img_3669.bmp,Obese
3670,37.1027777778,Female,0,img_3670.bmp,Obese
3671,26.3625,Female,0,img_3671.bmp,Overweight
3672,41.3149678604,Male,0,img_3672.bmp,Severely Obese
3673,24.2079889807,Male,0,img_3673.bmp,Normal
3674,34.4326530612,Male,0,img_3674.bmp,Obese
3675,28.693877551,Male,0,img_3675.bmp,Overweight
3676,31.0011259148,Male,0,img_3676.bmp,Obese
3677,26.3839369488,Male,0,img_3677.bmp,Overweight
3678,52.7678738975,Male,0,img_3678.bmp,Severely Obese
3679,44.7207731282,Male,0,img_3679.bmp,Severely Obese
3680,53.2449704142,Female,0,img_3680.bmp,Severely Obese
3681,33.2781065089,Female,0,img_3681.bmp,Obese
3682,37.6532434041,Male,0,img_3682.bmp,Obese
3683,28.8674866098,Male,0,img_3683.bmp,Overweight
3684,27.365916955,Male,0,img_3684.bmp,Overweight
3685,23.5650951557,Male,0,img_3685.bmp,Normal
3686,50.853587963,Male,0,img_3686.bmp,Severely Obese
3687,38.6487268519,Male,0,img_3687.bmp,Obese
3688,27.4540186445,Female,0,img_3688.bmp,Overweight
3689,23.9115646259,Female,0,img_3689.bmp,Normal
3690,36.1459936198,Male,0,img_3690.bmp,Obese
3691,19.7879527116,Male,0,img_3691.bmp,Normal
3692,45.4578287197,Male,0,img_3692.bmp,Severely Obese
3693,25.9976211073,Male,0,img_3693.bmp,Overweight
3694,37.2719982179,Male,0,img_3694.bmp,Obese
3695,35.0795277345,Male,0,img_3695.bmp,Obese
3696,46.5119628906,Female,0,img_3696.bmp,Severely Obese
3697,27.2893066406,Female,0,img_3697.bmp,Overweight
3698,39.9928888889,Male,0,img_3698.bmp,Obese
3699,31.2444444444,Male,0,img_3699.bmp,Obese
3700,48.2770061728,Male,0,img_3700.bmp,Severely Obese
3701,29.8341049383,Male,0,img_3701.bmp,Overweight
3702,36.0191579416,Female,0,img_3702.bmp,Obese
3703,28.0323011807,Female,0,img_3703.bmp,Overweight
3704,48.7795918367,Male,0,img_3704.bmp,Severely Obese
3705,32.9979591837,Male,0,img_3705.bmp,Obese
3706,37.7302631579,Male,0,img_3706.bmp,Obese
3707,23.7335526316,Male,0,img_3707.bmp,Normal
3708,34.7663176654,Female,0,img_3708.bmp,Obese
3709,23.4907551793,Female,0,img_3709.bmp,Normal
3710,41.5547006943,Male,0,img_3710.bmp,Severely Obese
3711,36.9375117283,Male,0,img_3711.bmp,Obese
3712,40.4328994083,Female,0,img_3712.bmp,Severely Obese
3713,35.441183432,Female,0,img_3713.bmp,Obese
3714,28.4069387755,Male,0,img_3714.bmp,Overweight
3715,23.5289795918,Male,0,img_3715.bmp,Normal
3716,31.3210069058,Male,0,img_3716.bmp,Obese
3717,21.2982846959,Male,0,img_3717.bmp,Normal
3718,43.9287839714,Male,0,img_3718.bmp,Severely Obese
3719,25.1021622694,Male,0,img_3719.bmp,Overweight
3720,31.8682484568,Male,0,img_3720.bmp,Obese
3721,23.8672839506,Male,0,img_3721.bmp,Normal
3722,39.4540816327,Male,0,img_3722.bmp,Obese
3723,35.0065306122,Male,0,img_3723.bmp,Obese
3724,40.3466483012,Male,0,img_3724.bmp,Severely Obese
3725,28.7268135904,Male,0,img_3725.bmp,Overweight
3726,33.8332466181,Female,0,img_3726.bmp,Obese
3727,25.9693028096,Female,0,img_3727.bmp,Overweight
3728,31.3187716263,Female,0,img_3728.bmp,Obese
3729,23.7171280277,Female,0,img_3729.bmp,Normal
3730,34.5389266818,Female,0,img_3730.bmp,Obese
3731,22.1403376165,Female,0,img_3731.bmp,Normal
3732,35.4379332073,Male,0,img_3732.bmp,Obese
3733,23.6252888049,Male,0,img_3733.bmp,Normal
3734,45.9970703125,Male,0,img_3734.bmp,Severely Obese
3735,44.2807617188,Male,0,img_3735.bmp,Severely Obese
3736,43.0408163265,Male,0,img_3736.bmp,Severely Obese
3737,30.1285714286,Male,0,img_3737.bmp,Obese
3738,44.7655227137,Male,0,img_3738.bmp,Severely Obese
3739,33.6090061496,Male,0,img_3739.bmp,Obese
3740,25.7658179012,Male,0,img_3740.bmp,Overweight
3741,21.5619212963,Male,0,img_3741.bmp,Normal
3742,28.4780092593,Male,0,img_3742.bmp,Overweight
3743,26.5794753086,Male,0,img_3743.bmp,Overweight
3744,50.9743652344,Female,0,img_3744.bmp,Severely Obese
3745,28.1474609375,Female,0,img_3745.bmp,Overweight
3746,36.1542857143,Male,0,img_3746.bmp,Obese
3747,31.4197959184,Male,0,img_3747.bmp,Obese
3748,32.2806122449,Male,0,img_3748.bmp,Obese
3749,27.2591836735,Male,0,img_3749.bmp,Overweight
3750,35.1822773186,Female,0,img_3750.bmp,Obese
3751,29.8565197429,Female,0,img_3751.bmp,Overweight
3752,32.2806122449,Male,0,img_3752.bmp,Obese
3753,26.3983673469,Male,0,img_3753.bmp,Overweight
3754,33.6351351351,Male,0,img_3754.bmp,Obese
3755,22.2094594595,Male,0,img_3755.bmp,Normal
3756,29.7042253521,Male,0,img_3756.bmp,Overweight
3757,26.9150962111,Male,0,img_3757.bmp,Overweight
3758,35.5890861275,Male,0,img_3758.bmp,Obese
3759,30.0427350427,Male,0,img_3759.bmp,Obese
3760,46.5122873346,Female,0,img_3760.bmp,Severely Obese
3761,40.6059651334,Female,0,img_3761.bmp,Severely Obese
3762,34.006987369,Female,0,img_3762.bmp,Obese
3763,28.1502284332,Female,0,img_3763.bmp,Overweight
3764,36.5764828304,Female,0,img_3764.bmp,Obese
3765,30.1755983351,Female,0,img_3765.bmp,Obese
3766,53.0836734694,Male,0,img_3766.bmp,Severely Obese
3767,38.7367346939,Male,0,img_3767.bmp,Obese
3768,53.0836734694,Male,0,img_3768.bmp,Severely Obese
3769,43.0408163265,Male,0,img_3769.bmp,Severely Obese
3770,38.7689940828,Female,0,img_3770.bmp,Obese
3771,28.7855621302,Female,0,img_3771.bmp,Overweight
3772,34.4531075963,Male,0,img_3772.bmp,Obese
3773,26.6228558699,Male,0,img_3773.bmp,Overweight
3774,35.5613965483,Male,0,img_3774.bmp,Obese
3775,32.074985122,Male,0,img_3775.bmp,Obese
3776,28.2426538108,Female,0,img_3776.bmp,Overweight
3777,21.7871900826,Female,0,img_3777.bmp,Normal
3778,37.021412037,Male,0,img_3778.bmp,Obese
3779,23.0536265432,Male,0,img_3779.bmp,Normal
3780,31.1902006173,Male,0,img_3780.bmp,Obese
3781,28.4780092593,Male,0,img_3781.bmp,Overweight
3782,45.6098615917,Male,0,img_3782.bmp,Severely Obese
3783,39.5285467128,Male,0,img_3783.bmp,Obese
3784,34.951625907,Female,0,img_3784.bmp,Obese
3785,31.7398548777,Female,0,img_3785.bmp,Obese
3786,35.5613965483,Male,0,img_3786.bmp,Obese
3787,25.7994445547,Male,0,img_3787.bmp,Overweight
3788,33.891184573,Male,0,img_3788.bmp,Obese
3789,29.0495867769,Male,0,img_3789.bmp,Overweight
3790,26.82773448,Female,0,img_3790.bmp,Overweight
3791,20.9709755442,Female,0,img_3791.bmp,Normal
3792,43.4533727493,Female,0,img_3792.bmp,Severely Obese
3793,40.6194571352,Female,0,img_3793.bmp,Severely Obese
3794,27.8220155709,Female,0,img_3794.bmp,Overweight
3795,24.0211937716,Female,0,img_3795.bmp,Normal
3796,30.6634527089,Female,0,img_3796.bmp,Obese
3797,23.4010560147,Female,0,img_3797.bmp,Normal
3798,39.4540816327,Female,0,img_3798.bmp,Obese
3799,24.6767346939,Female,0,img_3799.bmp,Normal
3800,42.8783783784,Male,0,img_3800.bmp,Severely Obese
3801,36.972972973,Male,0,img_3801.bmp,Obese
3802,25.3285462333,Female,0,img_3802.bmp,Overweight
3803,21.0776014109,Female,0,img_3803.bmp,Normal
3804,42.8208359588,Female,0,img_3804.bmp,Severely Obese
3805,25.9878176854,Female,0,img_3805.bmp,Overweight
3806,40.3466483012,Male,0,img_3806.bmp,Severely Obese
3807,27.7584940312,Male,0,img_3807.bmp,Overweight
3808,30.3415274911,Male,0,img_3808.bmp,Obese
3809,22.5582660912,Male,0,img_3809.bmp,Normal
3810,41.1535812672,Female,0,img_3810.bmp,Severely Obese
3811,23.0782828283,Female,0,img_3811.bmp,Normal
3812,37.7587890625,Female,0,img_3812.bmp,Obese
3813,29.5205078125,Female,0,img_3813.bmp,Overweight
3814,40.8308080808,Female,0,img_3814.bmp,Severely Obese
3815,26.6287878788,Female,0,img_3815.bmp,Overweight
3816,36.2586788336,Male,0,img_3816.bmp,Obese
3817,23.7075976989,Male,0,img_3817.bmp,Normal
3818,45.4578287197,Female,0,img_3818.bmp,Severely Obese
3819,37.7041522491,Female,0,img_3819.bmp,Obese
3820,35.8673469388,Male,0,img_3820.bmp,Obese
3821,21.5204081633,Male,0,img_3821.bmp,Normal
3822,40.4423725451,Male,0,img_3822.bmp,Severely Obese
3823,29.9831382662,Male,0,img_3823.bmp,Overweight
3824,52.3663265306,Male,0,img_3824.bmp,Severely Obese
3825,35.5804081633,Male,0,img_3825.bmp,Obese
3826,37.5500125976,Female,0,img_3826.bmp,Obese
3827,32.4134542706,Female,0,img_3827.bmp,Obese
3828,28.5021162843,Female,0,img_3828.bmp,Overweight
3829,26.3096458008,Female,0,img_3829.bmp,Overweight
3830,27.7294444444,Female,0,img_3830.bmp,Overweight
3831,21.6758333333,Female,0,img_3831.bmp,Normal
3832,28.4069387755,Female,0,img_3832.bmp,Overweight
3833,21.5204081633,Female,0,img_3833.bmp,Normal
3834,32.1394675926,Female,0,img_3834.bmp,Obese
3835,27.1219135802,Female,0,img_3835.bmp,Overweight
3836,50.2142857143,Male,0,img_3836.bmp,Severely Obese
3837,25.8244897959,Male,0,img_3837.bmp,Overweight
3838,34.9675605536,Female,0,img_3838.bmp,Obese
3839,23.5650951557,Female,0,img_3839.bmp,Normal
3840,36.9375117283,Male,0,img_3840.bmp,Obese
3841,26.3839369488,Male,0,img_3841.bmp,Overweight
3842,46.0693131695,Male,0,img_3842.bmp,Severely Obese
3843,26.5784499055,Male,0,img_3843.bmp,Overweight
3844,51.6796613945,Female,0,img_3844.bmp,Severely Obese
3845,31.3210069058,Female,0,img_3845.bmp,Obese
3846,38.0082179931,Male,0,img_3846.bmp,Obese
3847,31.0147058824,Male,0,img_3847.bmp,Obese
3848,37.7432888889,Male,0,img_3848.bmp,Obese
3849,27.4951111111,Male,0,img_3849.bmp,Overweight
3850,34.864114263,Male,0,img_3850.bmp,Obese
3851,27.0545526681,Male,0,img_3851.bmp,Overweight
3852,39.1512586322,Female,0,img_3852.bmp,Obese
3853,33.6700824237,Female,0,img_3853.bmp,Obese
3854,38.3063265306,Male,0,img_3854.bmp,Obese
3855,36.1542857143,Male,0,img_3855.bmp,Obese
3856,36.5764828304,Female,0,img_3856.bmp,Obese
3857,21.9458896982,Female,0,img_3857.bmp,Normal
3858,72.6043184183,Female,0,img_3858.bmp,Severely Obese
3859,47.000780437,Female,0,img_3859.bmp,Severely Obese
3860,49.3379620942,Male,0,img_3860.bmp,Severely Obese
3861,32.452242447,Male,0,img_3861.bmp,Obese
3862,42.7623668639,Female,0,img_3862.bmp,Severely Obese
3863,33.2781065089,Female,0,img_3863.bmp,Obese
3864,41.6238347191,Female,0,img_3864.bmp,Severely Obese
3865,29.5794910557,Female,0,img_3865.bmp,Overweight
3866,44.2974165091,Female,0,img_3866.bmp,Severely Obese
3867,30.1222432262,Female,0,img_3867.bmp,Obese
3868,40.4328994083,Female,0,img_3868.bmp,Severely Obese
3869,33.7772781065,Female,0,img_3869.bmp,Obese
3870,36.7281632653,Male,0,img_3870.bmp,Obese
3871,29.5546938776,Male,0,img_3871.bmp,Overweight
3872,46.1718896603,Male,0,img_3872.bmp,Severely Obese
3873,40.2355038469,Male,0,img_3873.bmp,Severely Obese
3874,31.4776119403,Female,0,img_3874.bmp,Obese
3875,26.3096458008,Female,0,img_3875.bmp,Overweight
3876,47.4633487654,Male,0,img_3876.bmp,Severely Obese
3877,29.1560570988,Male,0,img_3877.bmp,Overweight
3878,39.1017751479,Female,0,img_3878.bmp,Obese
3879,33.610887574,Female,0,img_3879.bmp,Obese
3880,32.0949707031,Female,0,img_3880.bmp,Obese
3881,24.5432128906,Female,0,img_3881.bmp,Normal
3882,56.5491898148,Male,0,img_3882.bmp,Severely Obese
3883,43.1238425926,Male,0,img_3883.bmp,Severely Obese
3884,45.6098615917,Male,0,img_3884.bmp,Severely Obese
3885,41.8090397924,Male,0,img_3885.bmp,Severely Obese
3886,36.6145833333,Male,0,img_3886.bmp,Obese
3887,31.1902006173,Male,0,img_3887.bmp,Obese
3888,33.1906367784,Male,0,img_3888.bmp,Obese
3889,26.2178139258,Male,0,img_3889.bmp,Overweight
3890,37.3574879227,Female,0,img_3890.bmp,Obese
3891,25.1018693552,Female,0,img_3891.bmp,Overweight
3892,34.1100591716,Female,0,img_3892.bmp,Obese
3893,30.7822485207,Female,0,img_3893.bmp,Obese
3894,42.9923555556,Male,0,img_3894.bmp,Severely Obese
3895,28.7448888889,Male,0,img_3895.bmp,Overweight
3896,45.4786809494,Male,0,img_3896.bmp,Severely Obese
3897,30.7128754463,Male,0,img_3897.bmp,Obese
3898,33.2781065089,Female,0,img_3898.bmp,Obese
3899,24.6257988166,Female,0,img_3899.bmp,Normal
3900,40.8481445312,Female,0,img_3900.bmp,Severely Obese
3901,37.7587890625,Female,0,img_3901.bmp,Obese
3902,36.6347566575,Female,0,img_3902.bmp,Obese
3903,26.9515610652,Female,0,img_3903.bmp,Overweight
3904,39.2837837838,Male,0,img_3904.bmp,Obese
3905,29.7837837838,Male,0,img_3905.bmp,Overweight
3906,34.4978027344,Female,0,img_3906.bmp,Obese
3907,29.1772460938,Female,0,img_3907.bmp,Overweight
3908,34.576122449,Female,0,img_3908.bmp,Obese
3909,27.2591836735,Female,0,img_3909.bmp,Overweight
3910,38.9669942051,Female,0,img_3910.bmp,Obese
3911,32.7676996725,Female,0,img_3911.bmp,Obese
3912,28.1260813149,Female,0,img_3912.bmp,Overweight
3913,21.2846020761,Female,0,img_3913.bmp,Normal
3914,44.2199265381,Female,0,img_3914.bmp,Severely Obese
3915,32.9228650138,Female,0,img_3915.bmp,Obese
3916,36.7162162162,Male,0,img_3916.bmp,Obese
3917,30.5540540541,Male,0,img_3917.bmp,Obese
3918,22.6713249127,Female,0,img_3918.bmp,Normal
3919,20.593120129,Female,0,img_3919.bmp,Normal
3920,31.8215400624,Female,0,img_3920.bmp,Obese
3921,26.1521852237,Female,0,img_3921.bmp,Overweight
3922,32.9117238643,Male,0,img_3922.bmp,Obese
3923,29.5647688951,Male,0,img_3923.bmp,Overweight
3924,35.7059478726,Male,0,img_3924.bmp,Obese
3925,29.4417464914,Male,0,img_3925.bmp,Overweight
3926,32.4847721067,Male,0,img_3926.bmp,Obese
3927,25.1018693552,Male,0,img_3927.bmp,Overweight
3928,26.6228558699,Male,0,img_3928.bmp,Overweight
3929,22.0813098686,Male,0,img_3929.bmp,Normal
3930,29.6464100346,Female,0,img_3930.bmp,Overweight
3931,27.0618512111,Female,0,img_3931.bmp,Overweight
3932,39.54375,Male,0,img_3932.bmp,Obese
3933,26.3625,Male,0,img_3933.bmp,Overweight
3934,52.3060815326,Female,0,img_3934.bmp,Severely Obese
3935,31.9474270439,Female,0,img_3935.bmp,Obese
3936,32.9979591837,Male,0,img_3936.bmp,Obese
3937,25.8244897959,Male,0,img_3937.bmp,Overweight
3938,34.5519848771,Male,0,img_3938.bmp,Obese
3939,24.6588951901,Male,0,img_3939.bmp,Normal
3940,46.8249053241,Female,0,img_3940.bmp,Severely Obese
3941,33.6700824237,Female,0,img_3941.bmp,Obese
3942,27.3167401806,Male,0,img_3942.bmp,Overweight
3943,25.1018693552,Male,0,img_3943.bmp,Overweight
3944,45.6168888889,Male,0,img_3944.bmp,Severely Obese
3945,35.6186666667,Male,0,img_3945.bmp,Obese
3946,44.7511574074,Male,0,img_3946.bmp,Severely Obese
3947,23.7316743827,Male,0,img_3947.bmp,Normal
3948,39.3267746914,Male,0,img_3948.bmp,Obese
3949,28.7492283951,Male,0,img_3949.bmp,Overweight
3950,39.7776787703,Female,0,img_3950.bmp,Obese
3951,34.9229226999,Female,0,img_3951.bmp,Obese
3952,26.2539500144,Female,0,img_3952.bmp,Overweight
3953,22.2148807814,Female,0,img_3953.bmp,Normal
3954,30.4175593363,Male,0,img_3954.bmp,Obese
3955,24.5112371351,Male,0,img_3955.bmp,Normal
3956,38.834068473,Male,0,img_3956.bmp,Obese
3957,31.8941398866,Male,0,img_3957.bmp,Obese
3958,25.1021622694,Male,0,img_3958.bmp,Overweight
3959,20.9184685578,Male,0,img_3959.bmp,Normal
3960,39.0478079746,Male,0,img_3960.bmp,Obese
3961,24.4048799841,Male,0,img_3961.bmp,Normal
3962,39.3267746914,Male,0,img_3962.bmp,Obese
3963,29.1560570988,Male,0,img_3963.bmp,Overweight
3964,49.7607645453,Male,0,img_3964.bmp,Severely Obese
3965,34.5519848771,Male,0,img_3965.bmp,Obese
3966,37.5852082869,Female,0,img_3966.bmp,Obese
3967,31.1644018712,Female,0,img_3967.bmp,Obese
3968,24.4772923875,Male,0,img_3968.bmp,Normal
3969,24.0211937716,Male,0,img_3969.bmp,Normal
3970,48.7087427564,Female,0,img_3970.bmp,Severely Obese
3971,35.4245401864,Female,0,img_3971.bmp,Obese
3972,33.5134773892,Female,0,img_3972.bmp,Obese
3973,26.3096458008,Female,0,img_3973.bmp,Overweight
3974,35.8708496094,Male,0,img_3974.bmp,Obese
3975,24.5432128906,Male,0,img_3975.bmp,Normal
3976,37.4455102041,Male,0,img_3976.bmp,Obese
3977,29.5546938776,Male,0,img_3977.bmp,Overweight
3978,41.3815789474,Male,0,img_3978.bmp,Severely Obese
3979,30.4276315789,Male,0,img_3979.bmp,Obese
3980,31.7517089844,Female,0,img_3980.bmp,Obese
3981,24.3715820312,Female,0,img_3981.bmp,Normal
3982,26.6027832031,Female,0,img_3982.bmp,Overweight
3983,21.7971191406,Female,0,img_3983.bmp,Normal
3984,46.1718896603,Male,0,img_3984.bmp,Severely Obese
3985,29.4180896979,Male,0,img_3985.bmp,Overweight
3986,48.5715332031,Female,0,img_3986.bmp,Severely Obese
3987,29.0056152344,Female,0,img_3987.bmp,Overweight
3988,40.7448096886,Male,0,img_3988.bmp,Severely Obese
3989,35.4236591696,Male,0,img_3989.bmp,Obese
3990,30.8605335014,Female,0,img_3990.bmp,Obese
3991,27.3167401806,Female,0,img_3991.bmp,Overweight
3992,40.7656804734,Female,0,img_3992.bmp,Severely Obese
3993,27.4544378698,Female,0,img_3993.bmp,Overweight
3994,37.3020408163,Male,0,img_3994.bmp,Obese
3995,32.2806122449,Male,0,img_3995.bmp,Obese
3996,37.3020408163,Male,0,img_3996.bmp,Obese
3997,25.5375510204,Male,0,img_3997.bmp,Overweight
3998,41.2426666667,Male,0,img_3998.bmp,Severely Obese
3999,28.7448888889,Male,0,img_3999.bmp,Overweight
4000,43.5743801653,Female,0,img_4000.bmp,Severely Obese
4001,29.0495867769,Female,0,img_4001.bmp,Overweight
4002,40.0297304107,Female,0,img_4002.bmp,Severely Obese
4003,33.2990677753,Female,0,img_4003.bmp,Obese
4004,34.2991180334,Male,0,img_4004.bmp,Obese
4005,21.107149559,Male,0,img_4005.bmp,Normal
4006,48.8097599683,Male,0,img_4006.bmp,Severely Obese
4007,38.3505256893,Male,0,img_4007.bmp,Obese
4008,84.9848888889,Male,0,img_4008.bmp,Severely Obese
4009,41.8675555556,Male,0,img_4009.bmp,Severely Obese
4010,41.3314255983,Female,0,img_4010.bmp,Severely Obese
4011,36.7593652445,Female,0,img_4011.bmp,Obese
4012,30.5502929688,Female,0,img_4012.bmp,Obese
4013,22.4836425781,Female,0,img_4013.bmp,Normal
4014,22.6713249127,Female,0,img_4014.bmp,Normal
4015,19.8374092986,Female,0,img_4015.bmp,Normal
4016,33.2243441358,Male,0,img_4016.bmp,Obese
4017,27.7999614198,Male,0,img_4017.bmp,Overweight
4018,58.4404203415,Male,0,img_4018.bmp,Severely Obese
4019,52.3721148433,Male,0,img_4019.bmp,Severely Obese
4020,46.2162162162,Male,0,img_4020.bmp,Severely Obese
4021,31.7094594595,Male,0,img_4021.bmp,Obese
4022,26.8702222222,Male,0,img_4022.bmp,Overweight
4023,24.3706666667,Male,0,img_4023.bmp,Normal
4024,40.6018367347,Male,0,img_4024.bmp,Severely Obese
4025,33.8587755102,Male,0,img_4025.bmp,Obese
4026,26.6057525952,Female,0,img_4026.bmp,Overweight
4027,22.044766436,Female,0,img_4027.bmp,Normal
4028,35.0702947846,Female,0,img_4028.bmp,Obese
4029,32.5905769715,Female,0,img_4029.bmp,Obese
4030,43.0408163265,Female,0,img_4030.bmp,Severely Obese
4031,34.5389266818,Female,0,img_4031.bmp,Obese
4032,66.5562130178,Male,0,img_4032.bmp,Severely Obese
4033,42.4295857988,Male,0,img_4033.bmp,Severely Obese
4034,33.9033589792,Male,0,img_4034.bmp,Obese
4035,29.2861700131,Male,0,img_4035.bmp,Overweight
4036,35.6894923259,Male,0,img_4036.bmp,Obese
4037,29.7610052285,Male,0,img_4037.bmp,Overweight
4038,40.4225,Female,0,img_4038.bmp,Severely Obese
4039,29.6822222222,Female,0,img_4039.bmp,Overweight
4040,61.6496786042,Female,0,img_4040.bmp,Severely Obese
4041,53.7417355372,Female,0,img_4041.bmp,Severely Obese
4042,44.0201558721,Female,0,img_4042.bmp,Severely Obese
4043,32.6844934157,Female,0,img_4043.bmp,Obese
4044,43.2615384615,Female,0,img_4044.bmp,Severely Obese
4045,26.6224852071,Female,0,img_4045.bmp,Overweight
4046,27.3167401806,Male,0,img_4046.bmp,Overweight
4047,24.9542113001,Male,0,img_4047.bmp,Normal
4048,38.0082179931,Male,0,img_4048.bmp,Obese
4049,26.6057525952,Male,0,img_4049.bmp,Overweight
4050,48.1765654394,Female,0,img_4050.bmp,Severely Obese
4051,43.2644450417,Female,0,img_4051.bmp,Severely Obese
4052,38.665,Male,0,img_4052.bmp,Obese
4053,35.15,Male,0,img_4053.bmp,Obese
4054,53.5998739761,Female,0,img_4054.bmp,Severely Obese
4055,26.8737660155,Female,0,img_4055.bmp,Overweight
4056,41.186240258,Female,0,img_4056.bmp,Severely Obese
4057,28.3391561408,Female,0,img_4057.bmp,Overweight
4058,46.0693131695,Female,0,img_4058.bmp,Severely Obese
4059,34.5519848771,Female,0,img_4059.bmp,Obese
4060,40.4328994083,Female,0,img_4060.bmp,Severely Obese
4061,32.1133727811,Female,0,img_4061.bmp,Obese
4062,30.5586072664,Female,0,img_4062.bmp,Obese
4063,25.0854238754,Female,0,img_4063.bmp,Overweight
4064,60.1057329895,Male,0,img_4064.bmp,Severely Obese
4065,57.7349732196,Male,0,img_4065.bmp,Severely Obese
4066,33.9023919753,Male,0,img_4066.bmp,Obese
4067,26.9863040123,Male,0,img_4067.bmp,Overweight
4068,32.0044224766,Female,0,img_4068.bmp,Obese
4069,24.6891259105,Female,0,img_4069.bmp,Normal
4070,44.2199265381,Female,0,img_4070.bmp,Severely Obese
4071,34.3753443526,Female,0,img_4071.bmp,Obese
4072,32.8870572511,Female,0,img_4072.bmp,Obese
4073,21.924704834,Female,0,img_4073.bmp,Normal
4074,26.5784499055,Male,0,img_4074.bmp,Overweight
4075,22.8869985297,Male,0,img_4075.bmp,Normal
4076,34.006987369,Female,0,img_4076.bmp,Obese
4077,28.9059392636,Female,0,img_4077.bmp,Overweight
4078,31.7464818315,Male,0,img_4078.bmp,Obese
4079,22.7393404747,Male,0,img_4079.bmp,Normal
4080,32.8734211234,Female,0,img_4080.bmp,Obese
4081,21.3488309594,Female,0,img_4081.bmp,Normal
4082,28.3627322199,Male,0,img_4082.bmp,Overweight
4083,25.7243385251,Male,0,img_4083.bmp,Overweight
4084,64.1899414062,Female,0,img_4084.bmp,Severely Obese
4085,47.7133789062,Female,0,img_4085.bmp,Severely Obese
4086,31.8820861678,Female,0,img_4086.bmp,Obese
4087,18.9521289997,Female,0,img_4087.bmp,Normal
4088,33.9033589792,Male,0,img_4088.bmp,Obese
4089,28.4946519047,Male,0,img_4089.bmp,Overweight
4090,44.1930943892,Male,0,img_4090.bmp,Severely Obese
4091,24.4051416776,Male,0,img_4091.bmp,Normal
4092,36.6145833333,Male,0,img_4092.bmp,Obese
4093,30.9189814815,Male,0,img_4093.bmp,Obese
4094,35.5050505051,Female,0,img_4094.bmp,Obese
4095,25.8218549128,Female,0,img_4095.bmp,Overweight
4096,41.1396548304,Male,0,img_4096.bmp,Severely Obese
4097,29.285855981,Male,0,img_4097.bmp,Overweight
4098,31.3258101852,Female,0,img_4098.bmp,Obese
4099,24.4097222222,Female,0,img_4099.bmp,Normal
4100,32.573847182,Female,0,img_4100.bmp,Obese
4101,21.4548897305,Female,0,img_4101.bmp,Normal
4102,24.7813581315,Male,0,img_4102.bmp,Normal
4103,23.5650951557,Male,0,img_4103.bmp,Normal
4104,39.0555555556,Female,0,img_4104.bmp,Obese
4105,25.3376951331,Female,0,img_4105.bmp,Overweight
4106,38.6169433594,Female,0,img_4106.bmp,Obese
4107,28.3190917969,Female,0,img_4107.bmp,Overweight
4108,24.6293252595,Male,0,img_4108.bmp,Normal
4109,22.8049307958,Male,0,img_4109.bmp,Normal
4110,46.0693131695,Female,0,img_4110.bmp,Severely Obese
4111,37.5051459777,Female,0,img_4111.bmp,Obese
4112,42.8208359588,Male,0,img_4112.bmp,Severely Obese
4113,35.4379332073,Male,0,img_4113.bmp,Obese
4114,27.9073724008,Male,0,img_4114.bmp,Overweight
4115,23.6252888049,Male,0,img_4115.bmp,Normal
4116,28.4069387755,Male,0,img_4116.bmp,Overweight
4117,24.2463265306,Male,0,img_4117.bmp,Normal
4118,34.7476586889,Female,0,img_4118.bmp,Obese
4119,25.237773153,Female,0,img_4119.bmp,Overweight
4120,32.2532894737,Male,0,img_4120.bmp,Obese
4121,24.3421052632,Male,0,img_4121.bmp,Normal
4122,30.4734471758,Male,0,img_4122.bmp,Obese
4123,23.4817038844,Male,0,img_4123.bmp,Normal
4124,57.387755102,Male,0,img_4124.bmp,Severely Obese
4125,27.2591836735,Male,0,img_4125.bmp,Overweight
4126,26.6228558699,Female,0,img_4126.bmp,Overweight
4127,21.2982846959,Female,0,img_4127.bmp,Normal
4128,37.5852082869,Male,0,img_4128.bmp,Obese
4129,30.6945867677,Male,0,img_4129.bmp,Obese
4130,31.2368164062,Female,0,img_4130.bmp,Obese
4131,22.6552734375,Female,0,img_4131.bmp,Normal
4132,33.9436686391,Female,0,img_4132.bmp,Obese
4133,31.1150295858,Female,0,img_4133.bmp,Obese
4134,23.7075976989,Male,0,img_4134.bmp,Normal
4135,22.7314024995,Male,0,img_4135.bmp,Normal
4136,42.8208359588,Male,0,img_4136.bmp,Severely Obese
4137,35.4379332073,Male,0,img_4137.bmp,Obese
4138,37.7926998611,Male,0,img_4138.bmp,Obese
4139,28.8674866098,Male,0,img_4139.bmp,Overweight
4140,36.5764828304,Female,0,img_4140.bmp,Obese
4141,26.517950052,Female,0,img_4141.bmp,Overweight
4142,20.0857142857,Female,0,img_4142.bmp,Normal
4143,18.6510204082,Female,0,img_4143.bmp,Normal
4144,41.8675555556,Male,0,img_4144.bmp,Severely Obese
4145,24.9955555556,Male,0,img_4145.bmp,Normal
4146,35.7358333333,Female,0,img_4146.bmp,Obese
4147,28.7058333333,Female,0,img_4147.bmp,Overweight
4148,40.6194571352,Female,0,img_4148.bmp,Severely Obese
4149,30.2284332169,Female,0,img_4149.bmp,Obese
4150,40.9320710059,Female,0,img_4150.bmp,Severely Obese
4151,37.1050887574,Female,0,img_4151.bmp,Obese
4152,27.3167401806,Male,0,img_4152.bmp,Overweight
4153,24.36357908,Male,0,img_4153.bmp,Normal
4154,26.6027832031,Female,0,img_4154.bmp,Overweight
4155,22.3120117188,Female,0,img_4155.bmp,Normal
4156,46.6350156087,Female,0,img_4156.bmp,Severely Obese
4157,40.2341311134,Female,0,img_4157.bmp,Severely Obese
4158,28.3190917969,Female,0,img_4158.bmp,Overweight
4159,25.9162597656,Female,0,img_4159.bmp,Overweight
4160,32.0789359862,Female,0,img_4160.bmp,Obese
4161,27.0618512111,Female,0,img_4161.bmp,Overweight
4162,48.1413966049,Male,0,img_4162.bmp,Severely Obese
4163,40.9540895062,Male,0,img_4163.bmp,Severely Obese
4164,33.7153061224,Male,0,img_4164.bmp,Obese
4165,25.8244897959,Male,0,img_4165.bmp,Overweight
4166,39.1671428571,Male,0,img_4166.bmp,Obese
4167,30.1285714286,Male,0,img_4167.bmp,Obese
4168,45.2588549788,Male,0,img_4168.bmp,Severely Obese
4169,31.9474270439,Male,0,img_4169.bmp,Obese
4170,38.2418981481,Male,0,img_4170.bmp,Obese
4171,22.2399691358,Male,0,img_4171.bmp,Normal
4172,40.6828703704,Male,0,img_4172.bmp,Severely Obese
4173,23.7316743827,Male,0,img_4173.bmp,Normal
4174,45.1537629758,Female,0,img_4174.bmp,Severely Obese
4175,36.6399221453,Female,0,img_4175.bmp,Obese
4176,26.4967268399,Male,0,img_4176.bmp,Overweight
4177,22.3130331283,Male,0,img_4177.bmp,Normal
4178,49.9445800781,Female,0,img_4178.bmp,Severely Obese
4179,40.8481445312,Female,0,img_4179.bmp,Severely Obese
4180,85.9870605469,Female,0,img_4180.bmp,Severely Obese
4181,72.0849609375,Female,0,img_4181.bmp,Severely Obese
4182,36.6380502614,Male,0,img_4182.bmp,Obese
4183,26.0853432282,Male,0,img_4183.bmp,Overweight
4184,44.3320408163,Male,0,img_4184.bmp,Severely Obese
4185,28.5504081633,Male,0,img_4185.bmp,Overweight
4186,35.6183148808,Male,0,img_4186.bmp,Obese
4187,27.7031337962,Male,0,img_4187.bmp,Overweight
4188,35.3040540541,Male,0,img_4188.bmp,Obese
4189,25.5472972973,Male,0,img_4189.bmp,Overweight
4190,51.6911764706,Female,0,img_4190.bmp,Severely Obese
4191,42.5692041522,Female,0,img_4191.bmp,Severely Obese
4192,36.2435555556,Male,0,img_4192.bmp,Obese
4193,30.9944888889,Male,0,img_4193.bmp,Obese
4194,31.6142011834,Female,0,img_4194.bmp,Obese
4195,26.289704142,Female,0,img_4195.bmp,Overweight
4196,36.2435555556,Male,0,img_4196.bmp,Obese
4197,28.7448888889,Male,0,img_4197.bmp,Overweight
4198,27.1216568047,Female,0,img_4198.bmp,Overweight
4199,24.9585798817,Female,0,img_4199.bmp,Normal
4200,47.4671052632,Male,0,img_4200.bmp,Severely Obese
4201,34.0789473684,Male,0,img_4201.bmp,Obese
4202,34.5647762747,Female,0,img_4202.bmp,Obese
4203,27.4323621228,Female,0,img_4203.bmp,Overweight
4204,40.4928,Male,0,img_4204.bmp,Severely Obese
4205,34.6188444444,Male,0,img_4205.bmp,Obese
1,26.4537197232,Male,1,aug_bd2bef15_img_1.bmp,Overweight
6,25.8455882353,Female,1,aug_7a0d87e2_img_6.bmp,Overweight
9,26.7888757396,Female,1,aug_41ec4b93_img_9.bmp,Overweight
15,25.7994445547,Male,1,aug_bdcb5d38_img_15.bmp,Overweight
20,26.6224852071,Male,1,aug_65967c64_img_20.bmp,Overweight
31,27.7999614198,Male,1,aug_63d6a85a_img_31.bmp,Overweight
34,29.2252456538,Female,1,aug_5aa5d947_img_34.bmp,Overweight
41,28.8904109589,Male,1,aug_9ad61fc1_img_41.bmp,Overweight
45,25.8455882353,Male,1,aug_ebd3533e_img_45.bmp,Overweight
50,27.8220155709,Male,1,aug_96ecb777_img_50.bmp,Overweight
53,27.365916955,Male,1,aug_2a23d4b5_img_53.bmp,Overweight
59,29.1772460938,Female,1,aug_851cf2fd_img_59.bmp,Overweight
65,26.6228558699,Male,1,aug_e846e512_img_65.bmp,Overweight
67,25.7446289062,Female,1,aug_0dd9553a_img_67.bmp,Overweight
69,29.5500093826,Male,1,aug_7834cf57_img_69.bmp,Overweight
73,26.3096458008,Male,1,aug_6f80c022_img_73.bmp,Overweight
77,25.1249704142,Female,1,aug_94d9a61d_img_77.bmp,Overweight
81,26.936065939,Female,1,aug_50f127cb_img_81.bmp,Overweight
83,29.2105263158,Male,1,aug_713fa849_img_83.bmp,Overweight
97,29.950295858,Male,1,aug_47254006_img_97.bmp,Overweight
98,29.285855981,Male,1,aug_11cbe6f9_img_98.bmp,Overweight
99,25.1021622694,Male,1,aug_8e7d7c54_img_99.bmp,Overweight
100,29.8341049383,Male,1,aug_96349ab7_img_100.bmp,Overweight
106,29.8341049383,Male,1,aug_b29d971f_img_106.bmp,Overweight
109,25.6810204082,Female,1,aug_4a2abc27_img_109.bmp,Overweight
111,28.4301470588,Male,1,aug_a17d65fa_img_111.bmp,Overweight
115,25.5592105263,Male,1,aug_e9b68a06_img_115.bmp,Overweight
117,28.2432432432,Male,1,aug_9adc3987_img_117.bmp,Overweight
119,27.4609375,Female,1,aug_2ada0383_img_119.bmp,Overweight
125,29.7984429066,Female,1,aug_345fe947_img_125.bmp,Overweight
127,29.6175147929,Female,1,aug_4b02b541_img_127.bmp,Overweight
131,26.9098183391,Female,1,aug_581017ff_img_131.bmp,Overweight
145,26.936065939,Female,1,aug_8b3ecbaf_img_145.bmp,Overweight
150,29.5628858025,Male,1,aug_5e6c0264_img_150.bmp,Overweight
151,27.1219135802,Male,1,aug_c856527a_img_151.bmp,Overweight
153,27.0214240706,Male,1,aug_059a836e_img_153.bmp,Overweight
157,25.7446289062,Female,1,aug_7b06fd0d_img_157.bmp,Overweight
158,28.6456626759,Male,1,aug_652e5ba0_img_158.bmp,Overweight
159,25.2495274102,Male,1,aug_9f83d050_img_159.bmp,Overweight
160,25.8218549128,Male,1,aug_3bae3b7c_img_160.bmp,Overweight
163,28.0550304558,Male,1,aug_ac8b8e38_img_163.bmp,Overweight
164,29.527027027,Male,1,aug_623e90b3_img_164.bmp,Overweight
165,25.6756756757,Male,1,aug_18a41dae_img_165.bmp,Overweight
167,25.8455882353,Male,1,aug_7d88ec1a_img_167.bmp,Overweight
170,26.5784499055,Male,1,aug_1449bd97_img_170.bmp,Overweight
171,25.1018693552,Male,1,aug_3251ca94_img_171.bmp,Overweight
172,25.4990817264,Male,1,aug_2d848cb1_img_172.bmp,Overweight
175,28.7448888889,Male,1,aug_6de806a1_img_175.bmp,Overweight
176,28.12,Male,1,aug_0331c4d0_img_176.bmp,Overweight
179,27.9073724008,Male,1,aug_baa50f8a_img_179.bmp,Overweight
181,25.9878176854,Male,1,aug_86ba3ca1_img_181.bmp,Overweight
184,29.5316110061,Male,1,aug_e264a741_img_184.bmp,Overweight
185,26.5784499055,Male,1,aug_91e84cdc_img_185.bmp,Overweight
186,25.1021622694,Male,1,aug_41dbda02_img_186.bmp,Overweight
188,26.6228558699,Male,1,aug_039c4481_img_188.bmp,Overweight
193,25.1021622694,Male,1,aug_e9debb8f_img_193.bmp,Overweight
194,29.8341049383,Male,1,aug_3d20a9d0_img_194.bmp,Overweight
196,27.669982699,Male,1,aug_ba5b9f21_img_196.bmp,Overweight
201,26.1677631579,Male,1,aug_d94b92a1_img_201.bmp,Overweight
213,25.8244897959,Male,1,aug_bca1c952_img_213.bmp,Overweight
214,28.1260813149,Male,1,aug_0538ec86_img_214.bmp,Overweight
215,26.4537197232,Male,1,aug_69414fe3_img_215.bmp,Overweight
216,26.1114285714,Male,1,aug_48109fdc_img_216.bmp,Overweight
218,26.7577854671,Male,1,aug_a6bc32c1_img_218.bmp,Overweight
222,28.2426538108,Female,1,aug_dd334faf_img_222.bmp,Overweight
229,27.1219135802,Male,1,aug_a1be8b7e_img_229.bmp,Overweight
230,27.8912914104,Male,1,aug_d1ee3876_img_230.bmp,Overweight
235,25.8244897959,Female,1,aug_d277802f_img_235.bmp,Overweight
241,28.7933207309,Male,1,aug_ae3f54c5_img_241.bmp,Overweight
247,28.9719313878,Female,1,aug_5542291c_img_247.bmp,Overweight
249,25.0877700617,Male,1,aug_1ff20b1a_img_249.bmp,Overweight
251,27.2880473373,Female,1,aug_b1a930ae_img_251.bmp,Overweight
259,25.5415224913,Male,1,aug_7704b043_img_259.bmp,Overweight
263,27.9740484429,Male,1,aug_ddaca50e_img_263.bmp,Overweight
266,26.3096458008,Female,1,aug_f3c354f3_img_266.bmp,Overweight
271,26.5684051398,Female,1,aug_6e65e342_img_271.bmp,Overweight
273,26.5158566335,Male,1,aug_6629ce65_img_273.bmp,Overweight
285,26.1200975793,Male,1,aug_7d695e88_img_285.bmp,Overweight
286,25.8401596303,Female,1,aug_c3869fa9_img_286.bmp,Overweight
288,27.5624860771,Male,1,aug_edc2fea5_img_288.bmp,Overweight
291,29.3697777778,Male,1,aug_42428059_img_291.bmp,Overweight
293,27.7518349534,Female,1,aug_321d2fdb_img_293.bmp,Overweight
299,25.4189189189,Male,1,aug_8d6a4a3c_img_299.bmp,Overweight
307,28.4780092593,Male,1,aug_0ff75e41_img_307.bmp,Overweight
312,27.3167401806,Male,1,aug_9dc42100_img_312.bmp,Overweight
317,26.7027027027,Male,1,aug_6dc10912_img_317.bmp,Overweight
319,29.4943771626,Female,1,aug_05c48581_img_319.bmp,Overweight
321,27.8912914104,Male,1,aug_7be5622b_img_321.bmp,Overweight
329,26.6853061224,Male,1,aug_2375cd7e_img_329.bmp,Overweight
333,26.6057525952,Male,1,aug_a85ebe36_img_333.bmp,Overweight
337,26.9116156877,Male,1,aug_ca0a4597_img_337.bmp,Overweight
338,26.6287878788,Female,1,aug_5ba007be_img_338.bmp,Overweight
341,25.7243385251,Male,1,aug_5397c98c_img_341.bmp,Overweight
342,29.6424354866,Male,1,aug_88db32d3_img_342.bmp,Overweight
345,25.1018693552,Male,1,aug_9b2ddfe2_img_345.bmp,Overweight
349,27.7031337962,Male,1,aug_23c6f343_img_349.bmp,Overweight
351,28.1889062152,Female,1,aug_220760c4_img_351.bmp,Overweight
355,27.4058810425,Male,1,aug_5cc9fbf5_img_355.bmp,Overweight
361,25.4375,Male,1,aug_b60c52c5_img_361.bmp,Overweight
367,26.037037037,Female,1,aug_b7e96413_img_367.bmp,Overweight
369,27.1201777778,Male,1,aug_12839c83_img_369.bmp,Overweight
379,27.0665972945,Female,1,aug_9065baca_img_379.bmp,Overweight
384,28.693877551,Male,1,aug_37fbea1e_img_384.bmp,Overweight
388,29.598351526,Male,1,aug_27ceadae_img_388.bmp,Overweight
389,25.9964357318,Male,1,aug_596d65b2_img_389.bmp,Overweight
393,26.6287878788,Female,1,aug_fb49b5d1_img_393.bmp,Overweight
397,26.6228558699,Male,1,aug_3ddf006c_img_397.bmp,Overweight
403,25.8244897959,Male,1,aug_8be86158_img_403.bmp,Overweight
406,28.7933207309,Male,1,aug_862ebd35_img_406.bmp,Overweight
409,25.8455882353,Male,1,aug_80aa965b_img_409.bmp,Overweight
420,28.5885736957,Male,1,aug_65b94e14_img_420.bmp,Overweight
425,27.9934210526,Male,1,aug_fc492b97_img_425.bmp,Overweight
426,28.9519526627,Male,1,aug_e1adfb2f_img_426.bmp,Overweight
427,25.7905325444,Male,1,aug_b0db5466_img_427.bmp,Overweight
429,26.5784499055,Male,1,aug_f78c4667_img_429.bmp,Overweight
430,29.2611862643,Female,1,aug_99b423a6_img_430.bmp,Overweight
431,25.237773153,Female,1,aug_fad0ccdd_img_431.bmp,Overweight
439,27.835053481,Male,1,aug_a0dc20b2_img_439.bmp,Overweight
445,25.8455882353,Female,1,aug_91d3bab6_img_445.bmp,Overweight
447,25.5592105263,Male,1,aug_45b2c4a5_img_447.bmp,Overweight
456,29.0495867769,Female,1,aug_ed92596b_img_456.bmp,Overweight
457,28.2426538108,Female,1,aug_78e6f8f8_img_457.bmp,Overweight
459,25.1763085399,Female,1,aug_9d25435c_img_459.bmp,Overweight
462,27.4058810425,Female,1,aug_b4a3a4d2_img_462.bmp,Overweight
463,25.3700155937,Female,1,aug_46b22177_img_463.bmp,Overweight
464,26.9552662722,Female,1,aug_78ba17c1_img_464.bmp,Overweight
469,25.0877700617,Male,1,aug_a2a86727_img_469.bmp,Overweight
471,26.5794753086,Male,1,aug_d4a95519_img_471.bmp,Overweight
473,29.9946666667,Male,1,aug_09930bb9_img_473.bmp,Overweight
476,25.4924945185,Male,1,aug_660b7e5e_img_476.bmp,Overweight
479,27.2575231481,Male,1,aug_33f0391e_img_479.bmp,Overweight
481,26.775639754,Male,1,aug_8b7d1338_img_481.bmp,Overweight
488,29.6747919144,Female,1,aug_c1917ce8_img_488.bmp,Overweight
491,26.2453333333,Male,1,aug_0e81b3ba_img_491.bmp,Overweight
493,28.940978786,Male,1,aug_b1b04598_img_493.bmp,Overweight
495,27.9934210526,Male,1,aug_57a943c6_img_495.bmp,Overweight
497,29.9851020408,Male,1,aug_419204c6_img_497.bmp,Overweight
500,28.0550304558,Male,1,aug_9723eb04_img_500.bmp,Overweight
503,26.4967268399,Male,1,aug_d287844c_img_503.bmp,Overweight
507,27.7999614198,Male,1,aug_3d01b1fd_img_507.bmp,Overweight
510,29.5316110061,Male,1,aug_c533dae0_img_510.bmp,Overweight
511,25.8401596303,Male,1,aug_9067834e_img_511.bmp,Overweight
516,29.950295858,Male,1,aug_a01adbc6_img_516.bmp,Overweight
519,25.0568055246,Male,1,aug_99b642be_img_519.bmp,Overweight
527,26.3839369488,Male,1,aug_4c35674a_img_527.bmp,Overweight
529,27.6311413454,Female,1,aug_f2faea38_img_529.bmp,Overweight
541,25.8244897959,Male,1,aug_05009251_img_541.bmp,Overweight
547,27.4058810425,Male,1,aug_5e3c00f8_img_547.bmp,Overweight
553,29.285855981,Male,1,aug_964fe3d6_img_553.bmp,Overweight
557,28.7448888889,Male,1,aug_07f04aa9_img_557.bmp,Overweight
563,27.0435353725,Male,1,aug_8dc4d7e7_img_563.bmp,Overweight
567,25.0854238754,Female,1,aug_66ce03c2_img_567.bmp,Overweight
571,28.3396321492,Female,1,aug_296863f9_img_571.bmp,Overweight
572,28.1889062152,Male,1,aug_5605b1ab_img_572.bmp,Overweight
573,27.5624860771,Male,1,aug_fab714b9_img_573.bmp,Overweight
576,29.7549565605,Female,1,aug_0508e8dd_img_576.bmp,Overweight
578,29.2851414569,Male,1,aug_e585f712_img_578.bmp,Overweight
584,25.6827916352,Female,1,aug_fad2d841_img_584.bmp,Overweight
586,29.7549565605,Male,1,aug_a85f95d3_img_586.bmp,Overweight
587,25.0568055246,Male,1,aug_71f37899_img_587.bmp,Overweight
589,25.983241506,Female,1,aug_89a83784_img_589.bmp,Overweight
595,26.1200975793,Male,1,aug_3b0dd293_img_595.bmp,Overweight
599,27.3167401806,Male,1,aug_c6ad453a_img_599.bmp,Overweight
601,26.2595214844,Female,1,aug_730850b5_img_601.bmp,Overweight
603,26.5418367347,Male,1,aug_65e18b06_img_603.bmp,Overweight
605,25.5729980469,Male,1,aug_d7adeb80_img_605.bmp,Overweight
609,25.0647401013,Male,1,aug_f980fd1b_img_609.bmp,Overweight
610,26.1891891892,Male,1,aug_6364e789_img_610.bmp,Overweight
615,25.9569230769,Female,1,aug_5031da56_img_615.bmp,Overweight
619,27.8912914104,Male,1,aug_d0653385_img_619.bmp,Overweight
624,29.6464100346,Male,1,aug_6767f6cd_img_624.bmp,Overweight
629,29.9504757785,Male,1,aug_a50589ac_img_629.bmp,Overweight
632,29.7566137566,Female,1,aug_8a549d79_img_632.bmp,Overweight
635,29.2105263158,Male,1,aug_804206ed_img_635.bmp,Overweight
637,27.8912914104,Male,1,aug_849b0b57_img_637.bmp,Overweight
639,26.3175675676,Male,1,aug_54b41c5d_img_639.bmp,Overweight
643,28.2863905325,Female,1,aug_be2b01ec_img_643.bmp,Overweight
649,29.6424354866,Male,1,aug_7103e9e0_img_649.bmp,Overweight
651,27.4951111111,Male,1,aug_e981ac6a_img_651.bmp,Overweight
661,29.2847337278,Female,1,aug_34535400_img_661.bmp,Overweight
665,28.2426538108,Female,1,aug_11a5808b_img_665.bmp,Overweight
666,26.7763157895,Male,1,aug_de24d42a_img_666.bmp,Overweight
673,25.4990817264,Female,1,aug_496fbd92_img_673.bmp,Overweight
675,28.8153263533,Male,1,aug_b8edfaa6_img_675.bmp,Overweight
679,29.5337465565,Male,1,aug_6c8b4838_img_679.bmp,Overweight
681,27.365916955,Male,1,aug_9e253455_img_681.bmp,Overweight
683,26.517950052,Female,1,aug_fe590023_img_683.bmp,Overweight
687,27.7317554241,Male,1,aug_e1d8681c_img_687.bmp,Overweight
697,26.289704142,Female,1,aug_4a60f9a5_img_697.bmp,Overweight
699,28.8862456747,Male,1,aug_740c21b4_img_699.bmp,Overweight
703,25.0337837838,Male,1,aug_9f91aabc_img_703.bmp,Overweight
709,26.289704142,Female,1,aug_ecec1560_img_709.bmp,Overweight
711,25.7243385251,Male,1,aug_9263f77b_img_711.bmp,Overweight
715,29.285855981,Male,1,aug_60b03b89_img_715.bmp,Overweight
721,28.693877551,Male,1,aug_64a0e74f_img_721.bmp,Overweight
723,27.9669731657,Male,1,aug_2ac0c443_img_723.bmp,Overweight
725,25.8401596303,Female,1,aug_a319d0c9_img_725.bmp,Overweight
733,26.6228558699,Female,1,aug_8e74dda1_img_733.bmp,Overweight
739,29.0495867769,Female,1,aug_7b7d6689_img_739.bmp,Overweight
747,26.5158566335,Male,1,aug_9d6ec2e8_img_747.bmp,Overweight
761,25.1763085399,Female,1,aug_f4c60ea8_img_761.bmp,Overweight
763,27.5624860771,Male,1,aug_8017bf8b_img_763.bmp,Overweight
764,29.4112244898,Male,1,aug_35992485_img_764.bmp,Overweight
765,25.8244897959,Male,1,aug_7cc856ae_img_765.bmp,Overweight
771,27.4357208448,Female,1,aug_80a84dbb_img_771.bmp,Overweight
773,27.4609375,Female,1,aug_84661294_img_773.bmp,Overweight
779,25.0568055246,Female,1,aug_1eca727e_img_779.bmp,Overweight
780,29.088636841,Female,1,aug_67c736cc_img_780.bmp,Overweight
789,27.365916955,Female,1,aug_f786529b_img_789.bmp,Overweight
793,27.1940091252,Male,1,aug_fc363371_img_793.bmp,Overweight
795,25.8244897959,Male,1,aug_576699a8_img_795.bmp,Overweight
797,29.8341049383,Male,1,aug_0107ad66_img_797.bmp,Overweight
798,27.6895918367,Male,1,aug_3565c37e_img_798.bmp,Overweight
802,29.5316110061,Male,1,aug_6530b16b_img_802.bmp,Overweight
804,26.7763157895,Male,1,aug_96928718_img_804.bmp,Overweight
809,29.3697777778,Male,1,aug_07cd17e3_img_809.bmp,Overweight
811,25.6756756757,Male,1,aug_932d4f79_img_811.bmp,Overweight
813,25.7658179012,Female,1,aug_4089a964_img_813.bmp,Overweight
815,26.6287878788,Male,1,aug_24d2114a_img_815.bmp,Overweight
816,27.4609375,Female,1,aug_88cadaf7_img_816.bmp,Overweight
821,29.0948669712,Female,1,aug_fda64b6d_img_821.bmp,Overweight
822,25.3971854652,Male,1,aug_4611b0de_img_822.bmp,Overweight
825,26.4560946746,Male,1,aug_e02e44ae_img_825.bmp,Overweight
829,25.8401596303,Male,1,aug_43453f04_img_829.bmp,Overweight
830,27.4357208448,Female,1,aug_dd63b403_img_830.bmp,Overweight
833,29.7549565605,Female,1,aug_5a198985_img_833.bmp,Overweight
839,29.4112244898,Female,1,aug_a6905e92_img_839.bmp,Overweight
841,26.9863040123,Male,1,aug_b6da11f6_img_841.bmp,Overweight
847,27.0435353725,Male,1,aug_c1c38e46_img_847.bmp,Overweight
850,27.0926709735,Female,1,aug_f4a0b57a_img_850.bmp,Overweight
853,26.3839369488,Male,1,aug_2d5d8d52_img_853.bmp,Overweight
855,26.1200975793,Male,1,aug_f3fe12e0_img_855.bmp,Overweight
858,27.4609375,Female,1,aug_b1c9bd87_img_858.bmp,Overweight
862,29.3723599633,Female,1,aug_280f1712_img_862.bmp,Overweight
863,25.8218549128,Female,1,aug_ac2fc37e_img_863.bmp,Overweight
867,28.7492283951,Male,1,aug_f9f2fbc2_img_867.bmp,Overweight
871,28.1260813149,Male,1,aug_df036de6_img_871.bmp,Overweight
873,27.9765306122,Male,1,aug_3c9de834_img_873.bmp,Overweight
883,25.6204444444,Male,1,aug_5c7867ed_img_883.bmp,Overweight
886,28.5885736957,Male,1,aug_d0a94bcb_img_886.bmp,Overweight
891,25.7658179012,Male,1,aug_18c76547_img_891.bmp,Overweight
893,27.365916955,Female,1,aug_0b6ad8b5_img_893.bmp,Overweight
898,25.4990817264,Female,1,aug_a72fbac5_img_898.bmp,Overweight
906,28.12,Female,1,aug_e9ad56dd_img_906.bmp,Overweight
915,27.4609375,Female,1,aug_2353e1f3_img_915.bmp,Overweight
919,26.6057525952,Male,1,aug_64e4b270_img_919.bmp,Overweight
923,29.285855981,Male,1,aug_624f7f1a_img_923.bmp,Overweight
925,26.5684051398,Female,1,aug_f270b1e0_img_925.bmp,Overweight
927,29.9745851712,Male,1,aug_309ec76e_img_927.bmp,Overweight
929,27.6120562907,Female,1,aug_105ad5fc_img_929.bmp,Overweight
931,25.0647401013,Male,1,aug_b32ca29a_img_931.bmp,Overweight
936,28.3627322199,Male,1,aug_d141af0a_img_936.bmp,Overweight
940,25.0647401013,Male,1,aug_c71d4581_img_940.bmp,Overweight
943,26.9863040123,Male,1,aug_3cec0d7c_img_943.bmp,Overweight
945,28.0550304558,Female,1,aug_dfcedc2e_img_945.bmp,Overweight
949,29.0223306436,Male,1,aug_5e968c04_img_949.bmp,Overweight
951,26.8287755102,Male,1,aug_3711aac5_img_951.bmp,Overweight
952,27.6325683594,Female,1,aug_ad54539d_img_952.bmp,Overweight
955,27.3945176028,Female,1,aug_381bdec2_img_955.bmp,Overweight
958,29.1560570988,Male,1,aug_f63230b5_img_958.bmp,Overweight
959,25.0877700617,Male,1,aug_b45f2a5a_img_959.bmp,Overweight
962,25.0149219467,Male,1,aug_0919a009_img_962.bmp,Overweight
965,29.9831382662,Male,1,aug_ae1acb61_img_965.bmp,Overweight
977,26.6224852071,Female,1,aug_f5b7cb2a_img_977.bmp,Overweight
978,28.2634693878,Male,1,aug_1049ca81_img_978.bmp,Overweight
979,25.3940816327,Male,1,aug_6ea5f78d_img_979.bmp,Overweight
983,27.4323621228,Female,1,aug_fa01f05a_img_983.bmp,Overweight
987,26.5418367347,Male,1,aug_aad7062c_img_987.bmp,Overweight
995,26.6287878788,Female,1,aug_7ba9e396_img_995.bmp,Overweight
997,26.4967268399,Male,1,aug_937cf0c7_img_997.bmp,Overweight
1005,29.1285364224,Female,1,aug_02957ac8_img_1005.bmp,Overweight
1006,29.285855981,Male,1,aug_d342ac4e_img_1006.bmp,Overweight
1011,29.5628858025,Male,1,aug_b0395366_img_1011.bmp,Overweight
1013,26.252017264,Male,1,aug_6b18d0b4_img_1013.bmp,Overweight
1015,29.0495867769,Female,1,aug_6a5d30db_img_1015.bmp,Overweight
1017,29.9831382662,Male,1,aug_29570df4_img_1017.bmp,Overweight
1018,26.6388067724,Female,1,aug_f2641854_img_1018.bmp,Overweight
1023,26.2453333333,Male,1,aug_02ae657d_img_1023.bmp,Overweight
1027,29.8436818092,Female,1,aug_f58519a7_img_1027.bmp,Overweight
1029,27.8912914104,Male,1,aug_b91db27d_img_1029.bmp,Overweight
1030,28.2067901235,Male,1,aug_636b5a34_img_1030.bmp,Overweight
1031,27.1219135802,Male,1,aug_25e36c56_img_1031.bmp,Overweight
1033,25.0854238754,Female,1,aug_e774a067_img_1033.bmp,Overweight
1034,28.0550304558,Male,1,aug_6cb6e3c5_img_1034.bmp,Overweight
1035,25.8401596303,Male,1,aug_74d67269_img_1035.bmp,Overweight
1039,25.3894896194,Male,1,aug_48a34748_img_1039.bmp,Overweight
1040,29.3723599633,Male,1,aug_fc6d4b67_img_1040.bmp,Overweight
1041,27.4357208448,Male,1,aug_2bc102ef_img_1041.bmp,Overweight
1044,29.0495867769,Female,1,aug_62dd8273_img_1044.bmp,Overweight
1051,25.1018693552,Male,1,aug_0e637dfd_img_1051.bmp,Overweight
1052,29.267755102,Female,1,aug_3aabed69_img_1052.bmp,Overweight
1055,26.6228558699,Female,1,aug_de1c88bf_img_1055.bmp,Overweight
1064,29.9831382662,Male,1,aug_91162cfd_img_1064.bmp,Overweight
1073,27.8912914104,Male,1,aug_48fd5101_img_1073.bmp,Overweight
1075,29.8190789474,Male,1,aug_c835ba55_img_1075.bmp,Overweight
1077,26.5762656147,Male,1,aug_42102263_img_1077.bmp,Overweight
1083,26.790174472,Female,1,aug_f37242f6_img_1083.bmp,Overweight
1087,27.4951111111,Male,1,aug_8aae4792_img_1087.bmp,Overweight
1095,28.8904109589,Male,1,aug_3342d279_img_1095.bmp,Overweight
1101,25.5472972973,Male,1,aug_7ee23421_img_1101.bmp,Overweight
1103,25.0647401013,Male,1,aug_249b7baa_img_1103.bmp,Overweight
1105,28.3716216216,Male,1,aug_b1810fd4_img_1105.bmp,Overweight
1113,28.1702043245,Male,1,aug_59c1ec5a_img_1113.bmp,Overweight
1141,27.0545526681,Male,1,aug_b2a3f4e5_img_1141.bmp,Overweight
1143,28.3096607816,Male,1,aug_5b1aba09_img_1143.bmp,Overweight
1145,29.7984429066,Female,1,aug_3320d5f2_img_1145.bmp,Overweight
1147,29.6981632653,Male,1,aug_e799ffc3_img_1147.bmp,Overweight
1150,28.7716962525,Male,1,aug_e3cc9933_img_1150.bmp,Overweight
1152,29.0382785467,Male,1,aug_fdeff9f0_img_1152.bmp,Overweight
1153,25.8455882353,Male,1,aug_f95e726e_img_1153.bmp,Overweight
1157,27.8912914104,Male,1,aug_075a3d38_img_1157.bmp,Overweight
1166,26.7577854671,Male,1,aug_ed2a2420_img_1166.bmp,Overweight
1167,25.9976211073,Male,1,aug_e9ad1d15_img_1167.bmp,Overweight
1168,28.2863905325,Female,1,aug_57f5defe_img_1168.bmp,Overweight
1171,26.4967268399,Male,1,aug_5c217335_img_1171.bmp,Overweight
1190,28.3391561408,Female,1,aug_6a426b6e_img_1190.bmp,Overweight
1193,29.8436818092,Male,1,aug_6ef97009_img_1193.bmp,Overweight
1196,28.4780092593,Male,1,aug_b8cc5ef5_img_1196.bmp,Overweight
1197,26.4438657407,Male,1,aug_f7a4d5c8_img_1197.bmp,Overweight
1198,25.1071428571,Male,1,aug_d9a3ed98_img_1198.bmp,Overweight
1207,26.5743243243,Male,1,aug_dfb57eb8_img_1207.bmp,Overweight
1215,28.1702043245,Male,1,aug_a49f1f3c_img_1215.bmp,Overweight
1216,29.1903114187,Female,1,aug_5a0ead56_img_1216.bmp,Overweight
1219,25.8455882353,Female,1,aug_b7e56d17_img_1219.bmp,Overweight
1222,27.7518349534,Male,1,aug_cf01ce18_img_1222.bmp,Overweight
1227,25.4207758054,Male,1,aug_fc528f9d_img_1227.bmp,Overweight
1228,28.3190917969,Female,1,aug_c69119f0_img_1228.bmp,Overweight
1229,25.5729980469,Female,1,aug_ae733b3d_img_1229.bmp,Overweight
1238,28.2067901235,Male,1,aug_36ab94a8_img_1238.bmp,Overweight
1239,26.4438657407,Male,1,aug_c31ae06d_img_1239.bmp,Overweight
1241,25.1021622694,Male,1,aug_1c6d9815_img_1241.bmp,Overweight
1246,28.1889062152,Female,1,aug_75b38c0a_img_1246.bmp,Overweight
1257,26.6228558699,Female,1,aug_3c1a23a5_img_1257.bmp,Overweight
1261,25.0647401013,Male,1,aug_4a8e96a9_img_1261.bmp,Overweight
1264,26.3983673469,Male,1,aug_4c330291_img_1264.bmp,Overweight
1267,26.6057525952,Male,1,aug_29e9100a_img_1267.bmp,Overweight
1274,29.9831382662,Male,1,aug_01648f03_img_1274.bmp,Overweight
1275,26.0783574688,Male,1,aug_0e36eee4_img_1275.bmp,Overweight
1276,29.950295858,Female,1,aug_634abadc_img_1276.bmp,Overweight
1283,28.7268135904,Female,1,aug_6e0c90af_img_1283.bmp,Overweight
1287,25.2506122449,Male,1,aug_4070316c_img_1287.bmp,Overweight
1288,29.6464100346,Male,1,aug_d01c7849_img_1288.bmp,Overweight
1289,26.3016868512,Male,1,aug_81eaf348_img_1289.bmp,Overweight
1291,25.8455882353,Male,1,aug_5a0c796c_img_1291.bmp,Overweight
1303,28.1625094482,Female,1,aug_b9f44f80_img_1303.bmp,Overweight
1307,29.950295858,Male,1,aug_1e368361_img_1307.bmp,Overweight
1311,27.0435353725,Male,1,aug_48c7b1c6_img_1311.bmp,Overweight
1313,26.6287878788,Male,1,aug_5cd33b82_img_1313.bmp,Overweight
1315,26.972244898,Male,1,aug_7a9b4c01_img_1315.bmp,Overweight
1317,25.8244897959,Female,1,aug_f6dcaac4_img_1317.bmp,Overweight
1319,28.2432432432,Male,1,aug_27785af8_img_1319.bmp,Overweight
1329,25.8218549128,Female,1,aug_1efe7bb7_img_1329.bmp,Overweight
1333,27.7190911116,Male,1,aug_aeaa0d68_img_1333.bmp,Overweight
1341,27.4357208448,Male,1,aug_2c9c2abc_img_1341.bmp,Overweight
1345,27.6013513514,Male,1,aug_5218c383_img_1345.bmp,Overweight
1349,29.6424354866,Male,1,aug_23fb8624_img_1349.bmp,Overweight
1356,25.4375,Male,1,aug_0a0f0f8d_img_1356.bmp,Overweight
1358,27.9765306122,Male,1,aug_71c59ed1_img_1358.bmp,Overweight
1363,25.8398306973,Male,1,aug_e1e51064_img_1363.bmp,Overweight
1365,26.4674012856,Female,1,aug_01dc1e56_img_1365.bmp,Overweight
1367,28.9719313878,Male,1,aug_db788f77_img_1367.bmp,Overweight
1371,29.7549565605,Male,1,aug_837de937_img_1371.bmp,Overweight
1373,25.8218549128,Female,1,aug_948a2628_img_1373.bmp,Overweight
1375,28.6283783784,Male,1,aug_a014ea61_img_1375.bmp,Overweight
1378,25.6035379813,Female,1,aug_3f7a79b1_img_1378.bmp,Overweight
1380,25.1021622694,Male,1,aug_542c6e57_img_1380.bmp,Overweight
1385,27.472972973,Male,1,aug_fbec12f6_img_1385.bmp,Overweight
1387,27.7518349534,Male,1,aug_13117a17_img_1387.bmp,Overweight
1391,27.4540186445,Female,1,aug_735d0bc7_img_1391.bmp,Overweight
1395,28.7268135904,Female,1,aug_f4b8dd01_img_1395.bmp,Overweight
1396,28.3503465658,Female,1,aug_4bf3a049_img_1396.bmp,Overweight
1399,25.8401596303,Male,1,aug_786fc438_img_1399.bmp,Overweight
1408,26.6228558699,Male,1,aug_bdb600cb_img_1408.bmp,Overweight
1412,25.9878176854,Female,1,aug_69e94402_img_1412.bmp,Overweight
1417,29.4539473684,Male,1,aug_ee41e185_img_1417.bmp,Overweight
1422,28.0550304558,Male,1,aug_77218e54_img_1422.bmp,Overweight
1423,25.5448435203,Male,1,aug_dde83c00_img_1423.bmp,Overweight
1425,27.0435353725,Male,1,aug_f5acd576_img_1425.bmp,Overweight
1429,27.4544378698,Female,1,aug_a9302c0a_img_1429.bmp,Overweight
1435,28.8862456747,Female,1,aug_e2e3be3f_img_1435.bmp,Overweight
1437,26.3839369488,Male,1,aug_2819ce5a_img_1437.bmp,Overweight
1439,25.6241420118,Female,1,aug_ce2bb299_img_1439.bmp,Overweight
1441,25.1018693552,Male,1,aug_fb9d38e8_img_1441.bmp,Overweight
1445,25.9878176854,Female,1,aug_795852f5_img_1445.bmp,Overweight
1451,25.3589891975,Male,1,aug_34086ae2_img_1451.bmp,Overweight
1453,29.598351526,Male,1,aug_2dad835d_img_1453.bmp,Overweight
1457,25.6756756757,Male,1,aug_07669440_img_1457.bmp,Overweight
1460,29.9946666667,Male,1,aug_a6f47015_img_1460.bmp,Overweight
1461,28.12,Male,1,aug_b3b69daa_img_1461.bmp,Overweight
1465,28.4780092593,Male,1,aug_8aab2e24_img_1465.bmp,Overweight
1467,25.237773153,Female,1,aug_af09a829_img_1467.bmp,Overweight
1469,26.9098183391,Female,1,aug_a6a77077_img_1469.bmp,Overweight
1471,26.7763157895,Male,1,aug_932473c9_img_1471.bmp,Overweight
1476,26.936065939,Female,1,aug_64e362ba_img_1476.bmp,Overweight
1482,28.7584912742,Male,1,aug_526e8a92_img_1482.bmp,Overweight
1483,25.1966597861,Male,1,aug_cc1b6dc2_img_1483.bmp,Overweight
1484,27.517949827,Male,1,aug_e4d2a39e_img_1484.bmp,Overweight
1487,29.0888157895,Male,1,aug_903f1511_img_1487.bmp,Overweight
1488,25.9389010117,Male,1,aug_30749e75_img_1488.bmp,Overweight
1495,29.1183431953,Male,1,aug_f58a3d40_img_1495.bmp,Overweight
1497,27.4643982357,Male,1,aug_aee0bcc0_img_1497.bmp,Overweight
1500,29.5316110061,Male,1,aug_1c21685d_img_1500.bmp,Overweight
1509,27.8912914104,Male,1,aug_4c662b49_img_1509.bmp,Overweight
1511,26.3175675676,Male,1,aug_314c5ce4_img_1511.bmp,Overweight
1512,25.2134105591,Female,1,aug_0b793fa8_img_1512.bmp,Overweight
1514,27.1176757812,Female,1,aug_0ba8b8e4_img_1514.bmp,Overweight
1516,25.7243385251,Male,1,aug_f24e25a0_img_1516.bmp,Overweight
1519,28.4780092593,Male,1,aug_4675e1fa_img_1519.bmp,Overweight
1520,25.8401596303,Male,1,aug_a36aa0c3_img_1520.bmp,Overweight
1523,26.2548979592,Male,1,aug_dd52ae4a_img_1523.bmp,Overweight
1529,26.6057525952,Male,1,aug_0ab68175_img_1529.bmp,Overweight
1537,27.669982699,Male,1,aug_6edcf2a0_img_1537.bmp,Overweight
1541,27.4951111111,Male,1,aug_a41f7141_img_1541.bmp,Overweight
1543,27.4357208448,Female,1,aug_582d57de_img_1543.bmp,Overweight
1551,27.4609375,Female,1,aug_d0252a52_img_1551.bmp,Overweight
1552,28.1889062152,Male,1,aug_01dd7b90_img_1552.bmp,Overweight
1554,28.0550304558,Male,1,aug_f395e92b_img_1554.bmp,Overweight
1557,27.6013513514,Male,1,aug_5a21b7cb_img_1557.bmp,Overweight
1559,28.3190917969,Female,1,aug_7f49b1c0_img_1559.bmp,Overweight
1561,29.1183431953,Female,1,aug_73611642_img_1561.bmp,Overweight
1573,29.4943771626,Female,1,aug_e4880e7d_img_1573.bmp,Overweight
1575,26.3016868512,Female,1,aug_3554c756_img_1575.bmp,Overweight
1579,29.0382785467,Male,1,aug_b1ce87e1_img_1579.bmp,Overweight
1583,27.6208284024,Female,1,aug_8ff0cf89_img_1583.bmp,Overweight
1589,26.9952,Male,1,aug_3e775ea7_img_1589.bmp,Overweight
1590,26.7763157895,Male,1,aug_4153a9c0_img_1590.bmp,Overweight
1597,25.9324324324,Male,1,aug_62b756ad_img_1597.bmp,Overweight
1599,25.5375510204,Male,1,aug_1173b846_img_1599.bmp,Overweight
1602,27.4323621228,Female,1,aug_4fbe5705_img_1602.bmp,Overweight
1604,28.7933207309,Male,1,aug_3dd4fa5b_img_1604.bmp,Overweight
1605,27.1690821256,Male,1,aug_66525fcc_img_1605.bmp,Overweight
1609,26.9594594595,Male,1,aug_54fad636_img_1609.bmp,Overweight
1610,29.2867262608,Male,1,aug_32cee584_img_1610.bmp,Overweight
1611,25.8482037443,Male,1,aug_b661d9a9_img_1611.bmp,Overweight
1615,27.2591836735,Male,1,aug_6081328a_img_1615.bmp,Overweight
1626,28.2426538108,Female,1,aug_8d4c1bf7_img_1626.bmp,Overweight
1629,25.2495274102,Male,1,aug_ff354ba4_img_1629.bmp,Overweight
1631,25.6204444444,Male,1,aug_dd839537_img_1631.bmp,Overweight
1633,26.936065939,Female,1,aug_1b48acbc_img_1633.bmp,Overweight
1639,27.9765306122,Male,1,aug_8ce9b01e_img_1639.bmp,Overweight
1643,26.4438657407,Male,1,aug_7464ac23_img_1643.bmp,Overweight
1645,28.833984375,Female,1,aug_88382daf_img_1645.bmp,Overweight
1647,28.833984375,Female,1,aug_0a0576b8_img_1647.bmp,Overweight
1655,27.1219135802,Male,1,aug_6a48ebad_img_1655.bmp,Overweight
1657,29.7839053254,Female,1,aug_428530f2_img_1657.bmp,Overweight
1659,29.6464100346,Male,1,aug_93a4690f_img_1659.bmp,Overweight
1661,28.5296566077,Female,1,aug_e0fba00a_img_1661.bmp,Overweight
1667,27.2743342516,Male,1,aug_99d4a10f_img_1667.bmp,Overweight
1669,27.8330612245,Male,1,aug_4116e028_img_1669.bmp,Overweight
1670,26.9515610652,Male,1,aug_a76b550f_img_1670.bmp,Overweight
1675,28.5405982906,Male,1,aug_4ebe8f6d_img_1675.bmp,Overweight
1679,28.5885736957,Male,1,aug_502fe734_img_1679.bmp,Overweight
1683,26.0783574688,Male,1,aug_5b2b587e_img_1683.bmp,Overweight
1689,29.527027027,Male,1,aug_d92774c7_img_1689.bmp,Overweight
1691,27.7518349534,Male,1,aug_6e89fb39_img_1691.bmp,Overweight
1692,28.0550304558,Male,1,aug_562e1d2b_img_1692.bmp,Overweight
1695,27.4609375,Female,1,aug_d2890836_img_1695.bmp,Overweight
1699,27.2880473373,Female,1,aug_3729132f_img_1699.bmp,Overweight
1701,29.236294896,Male,1,aug_33cab098_img_1701.bmp,Overweight
3,22.044766436,Female,1,aug_56ab062e_img_3.bmp,Normal
7,21.740700692,Female,1,aug_a3a2e15e_img_7.bmp,Normal
17,23.5953786473,Male,1,aug_2f22fd53_img_17.bmp,Normal
19,21.3108108108,Male,1,aug_97f78ddd_img_19.bmp,Normal
21,21.6307692308,Male,1,aug_b94c878e_img_21.bmp,Normal
23,22.3488321799,Male,1,aug_ffaff6a3_img_23.bmp,Normal
25,24.8864746094,Female,1,aug_af820956_img_25.bmp,Normal
29,20.3768115942,Male,1,aug_5a2f413a_img_29.bmp,Normal
33,23.4010560147,Female,1,aug_3c241888_img_33.bmp,Normal
35,22.1403376165,Female,1,aug_7e716921_img_35.bmp,Normal
37,22.044766436,Female,1,aug_f0e1c5d5_img_37.bmp,Normal
51,21.2846020761,Male,1,aug_6b2d2af7_img_51.bmp,Normal
55,21.2846020761,Female,1,aug_f5587c68_img_55.bmp,Normal
57,23.4010560147,Female,1,aug_3e5c265d_img_57.bmp,Normal
61,21.9960888889,Male,1,aug_589e6738_img_61.bmp,Normal
63,23.9115646259,Female,1,aug_240aeb33_img_63.bmp,Normal
75,24.0283203125,Female,1,aug_1f41983a_img_75.bmp,Normal
101,24.4097222222,Male,1,aug_af25844d_img_101.bmp,Normal
107,24.4097222222,Male,1,aug_fbcfbf94_img_107.bmp,Normal
121,23.8672839506,Male,1,aug_2b4bfa48_img_121.bmp,Normal
143,24.3252595156,Female,1,aug_db40565d_img_143.bmp,Normal
147,23.7455432539,Male,1,aug_90912904_img_147.bmp,Normal
161,19.3663911846,Male,1,aug_53806355_img_161.bmp,Normal
173,22.9168962351,Male,1,aug_beaf54f0_img_173.bmp,Normal
177,21.6211555556,Male,1,aug_339de341_img_177.bmp,Normal
183,24.306797099,Male,1,aug_2ceb3ad8_img_183.bmp,Normal
187,24.4048799841,Male,1,aug_1fdba595_img_187.bmp,Normal
189,24.273780352,Male,1,aug_456fc7fb_img_189.bmp,Normal
191,24.6588951901,Male,1,aug_64106f66_img_191.bmp,Normal
195,23.4604552469,Male,1,aug_5fc05a5d_img_195.bmp,Normal
197,24.6293252595,Male,1,aug_0ed7228b_img_197.bmp,Normal
198,24.36357908,Male,1,aug_8fea9d08_img_198.bmp,Normal
199,23.6252888049,Male,1,aug_8e784f3f_img_199.bmp,Normal
202,23.6724489796,Male,1,aug_e7ace0f3_img_202.bmp,Normal
203,22.9551020408,Male,1,aug_ec560529_img_203.bmp,Normal
204,24.3252595156,Male,1,aug_7c2ab464_img_204.bmp,Normal
205,23.1089965398,Male,1,aug_3c44d782_img_205.bmp,Normal
206,24.0211937716,Male,1,aug_1125c34c_img_206.bmp,Normal
207,22.6528979239,Male,1,aug_e7a9107d_img_207.bmp,Normal
210,23.7455432539,Male,1,aug_37487f4a_img_210.bmp,Normal
211,22.4263464065,Male,1,aug_d871323e_img_211.bmp,Normal
217,21.5204081633,Male,1,aug_8fa577ea_img_217.bmp,Normal
219,21.4366349481,Male,1,aug_af4b8c25_img_219.bmp,Normal
223,23.4010560147,Female,1,aug_9f611585_img_223.bmp,Normal
225,24.4051416776,Male,1,aug_c30319d3_img_225.bmp,Normal
227,23.75,Male,1,aug_4c919790_img_227.bmp,Normal
231,24.4048799841,Male,1,aug_a66be1a1_img_231.bmp,Normal
233,24.4048799841,Male,1,aug_b839f3c8_img_233.bmp,Normal
237,24.4097222222,Female,1,aug_7cc3033c_img_237.bmp,Normal
265,24.4097222222,Female,1,aug_16d6c202_img_265.bmp,Normal
267,19.5756293161,Female,1,aug_b12f15e5_img_267.bmp,Normal
269,24.3897959184,Male,1,aug_4337f212_img_269.bmp,Normal
289,24.1171753174,Male,1,aug_26e1530c_img_289.bmp,Normal
295,23.7316743827,Male,1,aug_40809236_img_295.bmp,Normal
313,24.5112371351,Male,1,aug_37fbb0cf_img_313.bmp,Normal
325,23.2946745562,Female,1,aug_499561d5_img_325.bmp,Normal
335,23.8774629386,Male,1,aug_90a8044c_img_335.bmp,Normal
339,20.1733241506,Female,1,aug_34cf9514_img_339.bmp,Normal
343,23.7139483893,Male,1,aug_e98da604_img_343.bmp,Normal
347,24.0283203125,Female,1,aug_d08e1c3a_img_347.bmp,Normal
353,23.6724489796,Male,1,aug_ec7295bf_img_353.bmp,Normal
385,22.8488284203,Male,1,aug_e071a8ce_img_385.bmp,Normal
405,24.8864746094,Female,1,aug_165626bc_img_405.bmp,Normal
407,22.8869985297,Male,1,aug_aa1382f4_img_407.bmp,Normal
412,24.6891259105,Female,1,aug_60caa488_img_412.bmp,Normal
413,21.0314776275,Female,1,aug_f40361da_img_413.bmp,Normal
421,24.4048799841,Male,1,aug_2972905a_img_421.bmp,Normal
423,19.9091796875,Female,1,aug_c9dd2ab2_img_423.bmp,Normal
443,20.9802571166,Female,1,aug_2e3d34e8_img_443.bmp,Normal
451,24.7813581315,Male,1,aug_93ea01e9_img_451.bmp,Normal
455,24.2079889807,Male,1,aug_16db75fd_img_455.bmp,Normal
465,23.6274556213,Female,1,aug_a427dc94_img_465.bmp,Normal
467,22.3130331283,Male,1,aug_9732ab46_img_467.bmp,Normal
477,23.1210996795,Male,1,aug_9a64c5aa_img_477.bmp,Normal
485,21.476294386,Male,1,aug_2bc0d5cd_img_485.bmp,Normal
487,24.5606019887,Female,1,aug_ecd1ad9b_img_487.bmp,Normal
489,22.7785374554,Female,1,aug_ac2c6129_img_489.bmp,Normal
501,23.6252888049,Male,1,aug_0e004be7_img_501.bmp,Normal
509,24.4303853865,Female,1,aug_82990a4f_img_509.bmp,Normal
513,23.7316743827,Male,1,aug_dbdabb16_img_513.bmp,Normal
514,24.36357908,Male,1,aug_ed76ad71_img_514.bmp,Normal
515,22.8869985297,Male,1,aug_b16cf98e_img_515.bmp,Normal
517,21.6307692308,Male,1,aug_61d75e43_img_517.bmp,Normal
521,24.4303853865,Male,1,aug_d12ad413_img_521.bmp,Normal
525,24.3897959184,Male,1,aug_db8ac54f_img_525.bmp,Normal
543,24.3918918919,Male,1,aug_c030b18c_img_543.bmp,Normal
549,22.1299408284,Female,1,aug_59c06781_img_549.bmp,Normal
558,24.6200554296,Female,1,aug_68e13ba9_img_558.bmp,Normal
559,22.1403376165,Female,1,aug_f0438206_img_559.bmp,Normal
568,24.6767346939,Male,1,aug_9f1124bd_img_568.bmp,Normal
569,20.8030612245,Male,1,aug_4813e8d5_img_569.bmp,Normal
575,20.8947222222,Female,1,aug_beaa21f1_img_575.bmp,Normal
577,22.7077300067,Female,1,aug_5b917488_img_577.bmp,Normal
585,22.1403376165,Female,1,aug_c9c0f0d6_img_585.bmp,Normal
591,24.1207111111,Male,1,aug_d4bac1b9_img_591.bmp,Normal
611,21.6959459459,Male,1,aug_19f4e9bc_img_611.bmp,Normal
623,22.237755102,Male,1,aug_aab2d300_img_623.bmp,Normal
625,24.7813581315,Male,1,aug_355ee065_img_625.bmp,Normal
627,22.3116545265,Female,1,aug_7a7eb39a_img_627.bmp,Normal
633,23.9115646259,Female,1,aug_88346e3a_img_633.bmp,Normal
640,24.3252595156,Female,1,aug_f4a7cc9f_img_640.bmp,Normal
641,21.740700692,Female,1,aug_acf12c00_img_641.bmp,Normal
645,24.2344153979,Female,1,aug_63783ff7_img_645.bmp,Normal
655,24.8165509259,Male,1,aug_21de6742_img_655.bmp,Normal
663,24.6200554296,Female,1,aug_6f76bf23_img_663.bmp,Normal
667,21.9078947368,Male,1,aug_80ddde43_img_667.bmp,Normal
669,22.0305873522,Male,1,aug_931f349f_img_669.bmp,Normal
685,23.7075976989,Male,1,aug_5c380a61_img_685.bmp,Normal
693,23.4907551793,Male,1,aug_e0d84ec4_img_693.bmp,Normal
695,24.6921487603,Female,1,aug_e4fbea79_img_695.bmp,Normal
713,21.924704834,Female,1,aug_98e9288d_img_713.bmp,Normal
719,23.6724489796,Male,1,aug_24051169_img_719.bmp,Normal
726,22.629112426,Female,1,aug_6893d80f_img_726.bmp,Normal
727,19.9668639053,Female,1,aug_772f4414_img_727.bmp,Normal
729,23.7171280277,Female,1,aug_e704b875_img_729.bmp,Normal
737,24.4097222222,Male,1,aug_f1664190_img_737.bmp,Normal
745,23.0032894737,Male,1,aug_04036ba8_img_745.bmp,Normal
749,22.6901857759,Male,1,aug_26cbddf9_img_749.bmp,Normal
751,23.9206049149,Male,1,aug_cb6ff76b_img_751.bmp,Normal
775,23.2946745562,Female,1,aug_08c28f1b_img_775.bmp,Normal
776,21.663877551,Male,1,aug_9a568108_img_776.bmp,Normal
777,18.6510204082,Male,1,aug_9b5ebb2b_img_777.bmp,Normal
781,21.7057340895,Female,1,aug_5d49284a_img_781.bmp,Normal
785,23.0536265432,Male,1,aug_7917beb9_img_785.bmp,Normal
786,24.6891259105,Female,1,aug_185f30b8_img_786.bmp,Normal
787,20.1170655567,Female,1,aug_ba6736e0_img_787.bmp,Normal
799,24.1028571429,Male,1,aug_5ee70efb_img_799.bmp,Normal
801,21.6975308642,Male,1,aug_d78af7be_img_801.bmp,Normal
803,21.4104179794,Male,1,aug_d93b9f4e_img_803.bmp,Normal
805,23.125,Male,1,aug_4c81d885_img_805.bmp,Normal
817,24.0283203125,Female,1,aug_e8586d9d_img_817.bmp,Normal
819,24.8996458087,Male,1,aug_a0981a72_img_819.bmp,Normal
823,22.1487082546,Male,1,aug_22bf9ea6_img_823.bmp,Normal
831,24.2079889807,Female,1,aug_86f5ed0b_img_831.bmp,Normal
842,22.6713249127,Female,1,aug_dd18394b_img_842.bmp,Normal
843,20.9709755442,Female,1,aug_3d48e24d_img_843.bmp,Normal
851,20.8284695923,Female,1,aug_21ec6c0e_img_851.bmp,Normal
859,21.4538574219,Female,1,aug_8970ee2e_img_859.bmp,Normal
875,24.4429327286,Female,1,aug_efb64c3b_img_875.bmp,Normal
879,23.2946745562,Male,1,aug_cfdffec8_img_879.bmp,Normal
885,22.5941230487,Female,1,aug_97c3abad_img_885.bmp,Normal
887,22.3130331283,Male,1,aug_9879b8fa_img_887.bmp,Normal
889,23.9605702829,Female,1,aug_9b15e420_img_889.bmp,Normal
899,21.4644168962,Female,1,aug_4ce23e79_img_899.bmp,Normal
905,24.0283203125,Female,1,aug_00b5db21_img_905.bmp,Normal
907,22.4569444444,Female,1,aug_1ac710b3_img_907.bmp,Normal
909,24.4048799841,Male,1,aug_08385cb8_img_909.bmp,Normal
917,23.0536265432,Male,1,aug_a941c22f_img_917.bmp,Normal
921,24.4048799841,Male,1,aug_a888a16b_img_921.bmp,Normal
933,24.3693755739,Female,1,aug_599619ac_img_933.bmp,Normal
935,23.4010560147,Female,1,aug_8b20b70e_img_935.bmp,Normal
937,22.4263464065,Male,1,aug_5c374a49_img_937.bmp,Normal
939,22.8513513514,Male,1,aug_a4c2b521_img_939.bmp,Normal
941,21.7667479827,Male,1,aug_0e89fbab_img_941.bmp,Normal
953,21.96875,Female,1,aug_b62fcd40_img_953.bmp,Normal
963,20.9802571166,Male,1,aug_e4cc576b_img_963.bmp,Normal
969,24.4772923875,Male,1,aug_6979a58c_img_969.bmp,Normal
973,24.4429327286,Female,1,aug_19a25e46_img_973.bmp,Normal
981,23.6252888049,Male,1,aug_8afdb5d5_img_981.bmp,Normal
991,24.459408284,Female,1,aug_88a8702f_img_991.bmp,Normal
1003,23.5650951557,Male,1,aug_76845021_img_1003.bmp,Normal
1007,22.3130331283,Male,1,aug_9c22a416_img_1007.bmp,Normal
1019,22.4823972051,Female,1,aug_f6a0cda6_img_1019.bmp,Normal
1021,24.4097222222,Male,1,aug_1f3fd88e_img_1021.bmp,Normal
1045,24.5307621671,Female,1,aug_438a4630_img_1045.bmp,Normal
1053,22.9551020408,Female,1,aug_525f7126_img_1053.bmp,Normal
1061,24.9636734694,Male,1,aug_5d45ccd6_img_1061.bmp,Normal
1065,24.2654235271,Male,1,aug_9222a55b_img_1065.bmp,Normal
1071,23.1081081081,Male,1,aug_4138fc79_img_1071.bmp,Normal
1098,24.4429327286,Female,1,aug_c6f7bbdf_img_1098.bmp,Normal
1109,23.7457777778,Male,1,aug_1a9a2b0e_img_1109.bmp,Normal
1110,24.1385030864,Male,1,aug_429077dd_img_1110.bmp,Normal
1111,23.7316743827,Male,1,aug_64683e61_img_1111.bmp,Normal
1126,24.4097222222,Male,1,aug_f9384644_img_1126.bmp,Normal
1130,24.2079889807,Female,1,aug_cb4c7d30_img_1130.bmp,Normal
1131,20.9802571166,Female,1,aug_ae02738c_img_1131.bmp,Normal
1137,24.1413023081,Male,1,aug_2af268d0_img_1137.bmp,Normal
1151,23.6875410914,Male,1,aug_b80ab60c_img_1151.bmp,Normal
1165,23.8852157943,Female,1,aug_8d686362_img_1165.bmp,Normal
1169,19.9668639053,Female,1,aug_1736b0f3_img_1169.bmp,Normal
1185,24.6689810471,Female,1,aug_ea0ab229_img_1185.bmp,Normal
1187,21.5204081633,Male,1,aug_3ef37a9f_img_1187.bmp,Normal
1188,23.7747138398,Female,1,aug_128165b2_img_1188.bmp,Normal
1189,20.1170655567,Female,1,aug_e1c0c511_img_1189.bmp,Normal
1191,21.1599032518,Female,1,aug_98f70005_img_1191.bmp,Normal
1199,22.237755102,Male,1,aug_4b29f8a3_img_1199.bmp,Normal
1203,24.4048799841,Male,1,aug_d91c0889_img_1203.bmp,Normal
1205,22.8475,Female,1,aug_e5bc7066_img_1205.bmp,Normal
1209,21.7871900826,Female,1,aug_593d31f1_img_1209.bmp,Normal
1211,23.8852157943,Female,1,aug_1fe647e8_img_1211.bmp,Normal
1217,22.9569636678,Female,1,aug_7a61f247_img_1217.bmp,Normal
1223,23.5681412418,Male,1,aug_9cb4f134_img_1223.bmp,Normal
1225,24.8165509259,Male,1,aug_b13a191b_img_1225.bmp,Normal
1233,24.8202040816,Male,1,aug_57f49c59_img_1233.bmp,Normal
1235,23.7316743827,Male,1,aug_65ba9d0f_img_1235.bmp,Normal
1236,24.36357908,Male,1,aug_2e9ce129_img_1236.bmp,Normal
1237,21.4104179794,Male,1,aug_387986ae_img_1237.bmp,Normal
1247,24.273780352,Female,1,aug_95764687_img_1247.bmp,Normal
1253,24.8864746094,Female,1,aug_1fc10bc6_img_1253.bmp,Normal
1255,21.8243243243,Male,1,aug_88e3a9be_img_1255.bmp,Normal
1265,24.5332653061,Male,1,aug_5a100e00_img_1265.bmp,Normal
1269,24.5606019887,Female,1,aug_c7fec661_img_1269.bmp,Normal
1277,20.798816568,Female,1,aug_7863574c_img_1277.bmp,Normal
1285,24.2658100277,Female,1,aug_fd725e33_img_1285.bmp,Normal
1295,24.4051416776,Male,1,aug_b9881477_img_1295.bmp,Normal
1305,21.2547241119,Female,1,aug_93949159_img_1305.bmp,Normal
1309,23.0782828283,Female,1,aug_63cb6805_img_1309.bmp,Normal
1320,22.8643350412,Male,1,aug_63e799fd_img_1320.bmp,Normal
1321,20.3586544888,Male,1,aug_66bb541d_img_1321.bmp,Normal
1336,23.6724489796,Male,1,aug_1e3885d8_img_1336.bmp,Normal
1337,21.5204081633,Male,1,aug_dfed69bd_img_1337.bmp,Normal
1339,23.7075976989,Male,1,aug_295223e9_img_1339.bmp,Normal
1351,23.9115646259,Female,1,aug_76111935_img_1351.bmp,Normal
1353,23.7075976989,Male,1,aug_56af440c_img_1353.bmp,Normal
1357,22.7598684211,Male,1,aug_a115eb5f_img_1357.bmp,Normal
1359,23.5289795918,Male,1,aug_89882f54_img_1359.bmp,Normal
1379,21.7630072841,Female,1,aug_b64ff593_img_1379.bmp,Normal
1381,22.5919460425,Male,1,aug_18f8a404_img_1381.bmp,Normal
1397,24.6588951901,Female,1,aug_05acf0a6_img_1397.bmp,Normal
1401,22.7314024995,Male,1,aug_c3227e53_img_1401.bmp,Normal
1403,21.9543063774,Male,1,aug_a38c2dcb_img_1403.bmp,Normal
1405,24.71484375,Male,1,aug_7d5c69da_img_1405.bmp,Normal
1409,24.9002004901,Male,1,aug_8a6ceee2_img_1409.bmp,Normal
1411,20.1733241506,Male,1,aug_a2bc908e_img_1411.bmp,Normal
1413,22.1487082546,Female,1,aug_ff722945_img_1413.bmp,Normal
1431,21.5204081633,Male,1,aug_81c2a3d9_img_1431.bmp,Normal
1433,22.8786982249,Male,1,aug_1ebc6921_img_1433.bmp,Normal
1447,24.6293252595,Female,1,aug_ff050665_img_1447.bmp,Normal
1449,24.7456,Male,1,aug_cf7a92f2_img_1449.bmp,Normal
1455,20.3156314506,Male,1,aug_6a3860aa_img_1455.bmp,Normal
1462,22.3488321799,Female,1,aug_18056d99_img_1462.bmp,Normal
1463,19.7642733564,Female,1,aug_10cde5f5_img_1463.bmp,Normal
1475,23.6216216216,Male,1,aug_c1bb8849_img_1475.bmp,Normal
1477,19.8888393852,Female,1,aug_9f6eda5e_img_1477.bmp,Normal
1479,21.4104179794,Female,1,aug_40210cf0_img_1479.bmp,Normal
1481,22.4945369407,Female,1,aug_8b9882de_img_1481.bmp,Normal
1485,23.2610294118,Male,1,aug_7c990b96_img_1485.bmp,Normal
1489,24.2654235271,Male,1,aug_16ef5f9f_img_1489.bmp,Normal
1499,24.8165509259,Male,1,aug_5161f0cc_img_1499.bmp,Normal
1501,24.36357908,Male,1,aug_4a88b2b2_img_1501.bmp,Normal
1513,21.924704834,Female,1,aug_16bef231_img_1513.bmp,Normal
1515,23.6850585938,Female,1,aug_1245796e_img_1515.bmp,Normal
1517,23.0859448302,Male,1,aug_c27d0003_img_1517.bmp,Normal
1521,24.36357908,Male,1,aug_0b92f4f2_img_1521.bmp,Normal
1531,24.36357908,Male,1,aug_856eb020_img_1531.bmp,Normal
1533,24.5112371351,Male,1,aug_84f3aa47_img_1533.bmp,Normal
1539,23.3341501448,Male,1,aug_b634a6f3_img_1539.bmp,Normal
1547,23.7316743827,Male,1,aug_ccb6f1a4_img_1547.bmp,Normal
1553,23.4907551793,Male,1,aug_ca61499e_img_1553.bmp,Normal
1555,19.9338374291,Male,1,aug_4ec901e7_img_1555.bmp,Normal
1563,24.8864746094,Female,1,aug_a555d77e_img_1563.bmp,Normal
1569,20.5244377163,Female,1,aug_901cc9db_img_1569.bmp,Normal
1571,22.9551020408,Male,1,aug_74931bff_img_1571.bmp,Normal
1577,24.0211937716,Female,1,aug_9c623e90_img_1577.bmp,Normal
1581,23.7075976989,Male,1,aug_35870983_img_1581.bmp,Normal
1585,24.6588951901,Male,1,aug_9e8fdfc8_img_1585.bmp,Normal
1591,19.4736842105,Male,1,aug_3e1a8474_img_1591.bmp,Normal
1593,22.5008650519,Female,1,aug_96b03e44_img_1593.bmp,Normal
1601,21.6307692308,Female,1,aug_a1aba401_img_1601.bmp,Normal
1603,22.1287721124,Female,1,aug_f33641db_img_1603.bmp,Normal
1617,24.5432128906,Female,1,aug_6d5a9f89_img_1617.bmp,Normal
1627,21.9485766758,Female,1,aug_586d5831_img_1627.bmp,Normal
1641,24.36357908,Male,1,aug_7e69a5b7_img_1641.bmp,Normal
1650,22.9551020408,Male,1,aug_6301750c_img_1650.bmp,Normal
1651,22.6681632653,Male,1,aug_90897ba4_img_1651.bmp,Normal
1663,24.0211937716,Male,1,aug_c8b19428_img_1663.bmp,Normal
1671,23.0782828283,Male,1,aug_2f1334d6_img_1671.bmp,Normal
1677,23.986510613,Female,1,aug_89f69254_img_1677.bmp,Normal
1681,24.2079889807,Male,1,aug_04166406_img_1681.bmp,Normal
1693,24.9542113001,Male,1,aug_fefac9a9_img_1693.bmp,Normal
1703,23.1823146398,Male,1,aug_6af874ca_img_1703.bmp,Normal
1705,22.4327364555,Male,1,aug_6ebd9f1c_img_1705.bmp,Normal
1709,24.3421052632,Male,1,aug_2083c8cd_img_1709.bmp,Normal
1713,24.6486486486,Male,1,aug_7c785e31_img_1713.bmp,Normal
1727,23.3855102041,Female,1,aug_57a68a2d_img_1727.bmp,Normal
1741,24.4048799841,Male,1,aug_8fcdabf5_img_1741.bmp,Normal
1747,24.459408284,Female,1,aug_f632048c_img_1747.bmp,Normal
1763,23.0536265432,Male,1,aug_80cbfbe5_img_1763.bmp,Normal
1769,24.9542113001,Male,1,aug_0fb5eb55_img_1769.bmp,Normal
1781,23.75,Male,1,aug_bce5110e_img_1781.bmp,Normal
1782,24.4048799841,Male,1,aug_c6195c89_img_1782.bmp,Normal
1783,20.2211862726,Male,1,aug_14c23267_img_1783.bmp,Normal
1789,21.6157508431,Male,1,aug_478160e2_img_1789.bmp,Normal
1797,24.8202040816,Male,1,aug_ddb844cd_img_1797.bmp,Normal
1805,21.9458896982,Female,1,aug_d06079f5_img_1805.bmp,Normal
1815,24.4048799841,Male,1,aug_6068ad0f_img_1815.bmp,Normal
1827,24.2635135135,Male,1,aug_c50a2981_img_1827.bmp,Normal
1837,24.0093826234,Female,1,aug_439f31b5_img_1837.bmp,Normal
1851,23.75,Male,1,aug_b6d12b1f_img_1851.bmp,Normal
1853,24.459408284,Male,1,aug_d19d9c4a_img_1853.bmp,Normal
1861,24.680941358,Male,1,aug_a4053b52_img_1861.bmp,Normal
1867,23.7075976989,Male,1,aug_f5c57684_img_1867.bmp,Normal
1869,23.7075976989,Male,1,aug_08de7ba2_img_1869.bmp,Normal
1871,23.8159183673,Male,1,aug_3a3964fe_img_1871.bmp,Normal
1875,24.4048799841,Male,1,aug_1b6cfd43_img_1875.bmp,Normal
1879,22.8643350412,Female,1,aug_549d7a83_img_1879.bmp,Normal
1885,24.6767346939,Male,1,aug_23f0552e_img_1885.bmp,Normal
1899,23.8470541559,Male,1,aug_9447fd64_img_1899.bmp,Normal
1903,23.7075976989,Male,1,aug_d46117c5_img_1903.bmp,Normal
1913,23.0346565848,Male,1,aug_e4eb7d78_img_1913.bmp,Normal
1917,24.3706666667,Male,1,aug_54a8af26_img_1917.bmp,Normal
1925,22.8513513514,Male,1,aug_118c2ba1_img_1925.bmp,Normal
1927,24.4051416776,Male,1,aug_dd2912a1_img_1927.bmp,Normal
1929,24.9542113001,Female,1,aug_977f5171_img_1929.bmp,Normal
1941,24.3706666667,Male,1,aug_29db8e18_img_1941.bmp,Normal
1943,21.6254882812,Female,1,aug_de55a869_img_1943.bmp,Normal
1949,21.2846020761,Male,1,aug_39e7f3ca_img_1949.bmp,Normal
1962,23.7455432539,Male,1,aug_f1fe20d2_img_1962.bmp,Normal
1963,21.107149559,Male,1,aug_727ce111_img_1963.bmp,Normal
1965,23.9115646259,Female,1,aug_3db0824f_img_1965.bmp,Normal
1985,23.7316743827,Male,1,aug_22142252_img_1985.bmp,Normal
1987,24.215921025,Female,1,aug_095aa6e2_img_1987.bmp,Normal
1995,24.9585798817,Female,1,aug_d68921a7_img_1995.bmp,Normal
1999,19.5118367347,Male,1,aug_8b266124_img_1999.bmp,Normal
2015,24.1028571429,Male,1,aug_e4bddada_img_2015.bmp,Normal
2023,21.1325692042,Female,1,aug_24f27f97_img_2023.bmp,Normal
2027,22.3945199376,Female,1,aug_aad11284_img_2027.bmp,Normal
2035,23.0103154136,Female,1,aug_ec1cf86d_img_2035.bmp,Normal
2039,24.2732219929,Male,1,aug_b0da16b2_img_2039.bmp,Normal
2047,19.5756293161,Female,1,aug_3738ec4b_img_2047.bmp,Normal
2049,21.1416796614,Female,1,aug_9484332c_img_2049.bmp,Normal
2055,24.6891259105,Female,1,aug_a56809c2_img_2055.bmp,Normal
2079,24.4097222222,Male,1,aug_472e293c_img_2079.bmp,Normal
2083,24.4051416776,Male,1,aug_a8c5f80e_img_2083.bmp,Normal
2088,23.0259511212,Female,1,aug_c0a66e80_img_2088.bmp,Normal
2089,21.2547241119,Female,1,aug_3dd11789_img_2089.bmp,Normal
2091,23.2396694215,Female,1,aug_42f817e0_img_2091.bmp,Normal
2097,23.0103154136,Male,1,aug_1bf59418_img_2097.bmp,Normal
2099,22.5941230487,Male,1,aug_6e885db6_img_2099.bmp,Normal
2105,20.6595918367,Male,1,aug_2317e939_img_2105.bmp,Normal
2107,23.1775451103,Male,1,aug_f837a1bf_img_2107.bmp,Normal
2109,20.9802571166,Female,1,aug_1baa023e_img_2109.bmp,Normal
2125,22.4524895854,Male,1,aug_00f9ad29_img_2125.bmp,Normal
2129,23.125,Male,1,aug_f8134ad9_img_2129.bmp,Normal
2137,22.3755787037,Female,1,aug_23e97790_img_2137.bmp,Normal
2147,20.1332544379,Female,1,aug_9d918bc5_img_2147.bmp,Normal
2149,21.6157508431,Female,1,aug_0461ba3d_img_2149.bmp,Normal
2151,20.0119375574,Female,1,aug_93141c77_img_2151.bmp,Normal
2153,22.3120117188,Female,1,aug_cd0a2705_img_2153.bmp,Normal
2159,24.4097222222,Male,1,aug_d5d3e864_img_2159.bmp,Normal
2171,24.273780352,Female,1,aug_f699ed73_img_2171.bmp,Normal
2183,24.459408284,Female,1,aug_3af29610_img_2183.bmp,Normal
2189,20.1136111111,Female,1,aug_333c10f8_img_2189.bmp,Normal
2197,24.273780352,Male,1,aug_1aac5721_img_2197.bmp,Normal
2205,24.8165509259,Male,1,aug_f9d3db2f_img_2205.bmp,Normal
2207,21.924704834,Male,1,aug_0e1b67bb_img_2207.bmp,Normal
2211,23.7747138398,Male,1,aug_0cdbd5a4_img_2211.bmp,Normal
2219,24.5453317901,Male,1,aug_733101f7_img_2219.bmp,Normal
2223,23.0536265432,Male,1,aug_371e2acd_img_2223.bmp,Normal
2247,22.8602526203,Female,1,aug_0d0fb312_img_2247.bmp,Normal
2249,21.1416796614,Female,1,aug_5521dd87_img_2249.bmp,Normal
2253,22.3174603175,Male,1,aug_ae543c83_img_2253.bmp,Normal
2259,24.3715820312,Female,1,aug_0365634b_img_2259.bmp,Normal
2261,23.7316743827,Male,1,aug_64ca35ac_img_2261.bmp,Normal
2269,22.6717057193,Female,1,aug_199945fb_img_2269.bmp,Normal
2279,19.2465777778,Male,1,aug_49334f30_img_2279.bmp,Normal
2280,24.6293252595,Male,1,aug_e16c04a2_img_2280.bmp,Normal
2281,22.8049307958,Male,1,aug_fd732c8a_img_2281.bmp,Normal
2283,23.9115646259,Female,1,aug_39c3f35c_img_2283.bmp,Normal
2291,23.7139483893,Male,1,aug_00fbb981_img_2291.bmp,Normal
2299,23.2946745562,Female,1,aug_b539cae9_img_2299.bmp,Normal
2303,21.7871900826,Female,1,aug_7a2d0f6f_img_2303.bmp,Normal
2307,22.4662162162,Male,1,aug_0b00a70f_img_2307.bmp,Normal
2309,20.9802571166,Male,1,aug_4de2bb16_img_2309.bmp,Normal
2317,21.5886678201,Female,1,aug_c8a256e4_img_2317.bmp,Normal
2319,24.2079889807,Female,1,aug_e098415f_img_2319.bmp,Normal
2321,24.1266272189,Male,1,aug_f443baf1_img_2321.bmp,Normal
2329,24.9585798817,Female,1,aug_52f2d74b_img_2329.bmp,Normal
2331,23.7075976989,Male,1,aug_f70e9b89_img_2331.bmp,Normal
2332,24.3897959184,Female,1,aug_c2e911ab_img_2332.bmp,Normal
2333,21.5204081633,Female,1,aug_fbaf237d_img_2333.bmp,Normal
2339,23.6850585938,Female,1,aug_0fa9a672_img_2339.bmp,Normal
2343,24.9955555556,Male,1,aug_1f0e2be0_img_2343.bmp,Normal
2347,23.6724489796,Male,1,aug_dc6d3647_img_2347.bmp,Normal
2355,23.1701660156,Female,1,aug_d04a2b30_img_2355.bmp,Normal
2361,23.3341501448,Female,1,aug_fe138aa3_img_2361.bmp,Normal
2363,24.6588951901,Male,1,aug_966e9b75_img_2363.bmp,Normal
2367,24.8009007318,Male,1,aug_91b26d95_img_2367.bmp,Normal
2373,22.9618934911,Female,1,aug_78fc885f_img_2373.bmp,Normal
2403,23.7075976989,Male,1,aug_c9b6a89f_img_2403.bmp,Normal
2413,22.1403376165,Female,1,aug_8524f402_img_2413.bmp,Normal
2419,24.273780352,Male,1,aug_d1db13be_img_2419.bmp,Normal
2422,23.75,Male,1,aug_78f422bf_img_2422.bmp,Normal
2423,21.0540540541,Male,1,aug_82fed81b_img_2423.bmp,Normal
2425,22.1403376165,Female,1,aug_be456db2_img_2425.bmp,Normal
2435,24.4097222222,Male,1,aug_d6b68ab9_img_2435.bmp,Normal
2444,23.7316743827,Female,1,aug_50eadd96_img_2444.bmp,Normal
2445,21.6975308642,Female,1,aug_335a6c4c_img_2445.bmp,Normal
2446,23.8672839506,Male,1,aug_79bb6f6c_img_2446.bmp,Normal
2447,22.9180169753,Male,1,aug_00d298cd_img_2447.bmp,Normal
2463,22.5164473684,Male,1,aug_84570f80_img_2463.bmp,Normal
2465,24.8864746094,Female,1,aug_234b44ed_img_2465.bmp,Normal
2467,24.5307621671,Female,1,aug_67c89a30_img_2467.bmp,Normal
2475,24.4048799841,Male,1,aug_84d5645c_img_2475.bmp,Normal
2485,24.586990421,Female,1,aug_282932b6_img_2485.bmp,Normal
2487,24.586990421,Female,1,aug_14c31fee_img_2487.bmp,Normal
2509,23.8691608997,Female,1,aug_c3908008_img_2509.bmp,Normal
2515,23.4776307498,Male,1,aug_8d430a53_img_2515.bmp,Normal
2518,22.2379149031,Female,1,aug_3c1cb744_img_2518.bmp,Normal
2519,20.6718645578,Female,1,aug_9acb14db_img_2519.bmp,Normal
2521,19.5239039873,Male,1,aug_59a80430_img_2521.bmp,Normal
2527,19.8374092986,Female,1,aug_9c173a56_img_2527.bmp,Normal
2529,24.459408284,Female,1,aug_787da042_img_2529.bmp,Normal
2533,21.7667479827,Male,1,aug_f405d728_img_2533.bmp,Normal
2535,24.2079889807,Female,1,aug_b04fbd94_img_2535.bmp,Normal
2541,19.1349112426,Female,1,aug_5c1cb813_img_2541.bmp,Normal
2543,21.8533921445,Male,1,aug_58bf4499_img_2543.bmp,Normal
2548,21.5029086132,Male,1,aug_ad1def75_img_2548.bmp,Normal
2549,19.3921936573,Male,1,aug_9c7118b2_img_2549.bmp,Normal
2557,24.4048799841,Male,1,aug_4650ccf4_img_2557.bmp,Normal
2559,24.9636734694,Male,1,aug_a6adee5b_img_2559.bmp,Normal
2573,23.7316743827,Male,1,aug_c66eb7e6_img_2573.bmp,Normal
2575,24.6588951901,Male,1,aug_90dee1c5_img_2575.bmp,Normal
2579,20.2020494542,Female,1,aug_ff2a2967_img_2579.bmp,Normal
2581,21.6307692308,Female,1,aug_3557c09c_img_2581.bmp,Normal
2582,24.7971781305,Female,1,aug_b47e86fe_img_2582.bmp,Normal
2583,19.4834971025,Female,1,aug_a0b3a0a2_img_2583.bmp,Normal
2585,22.2379149031,Female,1,aug_5ef1366e_img_2585.bmp,Normal
2591,20.7820478366,Female,1,aug_412d34eb_img_2591.bmp,Normal
2593,22.044766436,Female,1,aug_5e827ac7_img_2593.bmp,Normal
2601,21.1973814719,Male,1,aug_bb60fff3_img_2601.bmp,Normal
2605,24.36357908,Male,1,aug_58879908_img_2605.bmp,Normal
2611,24.3897959184,Male,1,aug_7d35e7a0_img_2611.bmp,Normal
2617,20.466035503,Female,1,aug_be6b877d_img_2617.bmp,Normal
2619,22.9168962351,Female,1,aug_68210d85_img_2619.bmp,Normal
2623,21.0314776275,Female,1,aug_089e35da_img_2623.bmp,Normal
2627,24.9585798817,Female,1,aug_79aae30a_img_2627.bmp,Normal
2630,23.4130622837,Female,1,aug_e77d1793_img_2630.bmp,Normal
2635,23.2420408163,Female,1,aug_905ae8d6_img_2635.bmp,Normal
2641,23.6136235691,Male,1,aug_efc278a6_img_2641.bmp,Normal
2649,24.3897959184,Male,1,aug_a61c71e9_img_2649.bmp,Normal
2651,23.1701660156,Female,1,aug_1c9bd41e_img_2651.bmp,Normal
2654,19.7702702703,Female,1,aug_f87e4058_img_2654.bmp,Normal
2659,23.341796875,Female,1,aug_94f16e2e_img_2659.bmp,Normal
2669,21.1416796614,Female,1,aug_bb58043c_img_2669.bmp,Normal
2673,23.4130622837,Male,1,aug_7fa57171_img_2673.bmp,Normal
2685,21.892733564,Female,1,aug_eb0868b0_img_2685.bmp,Normal
2687,24.2930177515,Female,1,aug_34081f19_img_2687.bmp,Normal
2689,24.2079889807,Female,1,aug_8f097cb4_img_2689.bmp,Normal
2701,24.8720083247,Female,1,aug_2bf07788_img_2701.bmp,Normal
2725,24.36357908,Male,1,aug_3c5985fa_img_2725.bmp,Normal
2735,23.2260665973,Female,1,aug_98a11e3f_img_2735.bmp,Normal
2741,22.3130331283,Male,1,aug_5626585a_img_2741.bmp,Normal
2747,21.8243243243,Male,1,aug_66cea708_img_2747.bmp,Normal
2753,21.2907021605,Male,1,aug_d946dd84_img_2753.bmp,Normal
2755,22.237755102,Male,1,aug_e5062b22_img_2755.bmp,Normal
2759,24.0283203125,Female,1,aug_39a1ac35_img_2759.bmp,Normal
2767,24.06826297,Male,1,aug_d2d07c88_img_2767.bmp,Normal
2775,22.6681632653,Male,1,aug_78ee16cd_img_2775.bmp,Normal
2781,21.6307692308,Female,1,aug_4dad38b5_img_2781.bmp,Normal
2787,24.1827465735,Female,1,aug_9984893f_img_2787.bmp,Normal
2799,23.341796875,Female,1,aug_a63f1f79_img_2799.bmp,Normal
2803,24.3918918919,Male,1,aug_9d1fa851_img_2803.bmp,Normal
2805,23.7455432539,Male,1,aug_2be65dd9_img_2805.bmp,Normal
2809,21.9485766758,Female,1,aug_4e993d33_img_2809.bmp,Normal
2811,24.4097222222,Male,1,aug_ea77a995_img_2811.bmp,Normal
2817,23.0259511212,Female,1,aug_4e47c952_img_2817.bmp,Normal
2821,22.3755787037,Male,1,aug_dfb869a7_img_2821.bmp,Normal
2825,22.8869985297,Male,1,aug_dc82cd3f_img_2825.bmp,Normal
2835,23.0103154136,Male,1,aug_afd47e53_img_2835.bmp,Normal
2837,21.7860922147,Female,1,aug_943e9eba_img_2837.bmp,Normal
2838,24.36357908,Male,1,aug_89e3e30d_img_2838.bmp,Normal
2839,22.5916824197,Male,1,aug_45d0d01c_img_2839.bmp,Normal
2859,24.1351351351,Male,1,aug_dbacd3b4_img_2859.bmp,Normal
2875,20.4240722656,Female,1,aug_955d8e36_img_2875.bmp,Normal
2899,22.044766436,Male,1,aug_854ac7bc_img_2899.bmp,Normal
2901,24.4097222222,Male,1,aug_845b6c5d_img_2901.bmp,Normal
2909,24.7921893491,Female,1,aug_86a673ae_img_2909.bmp,Normal
2927,23.6159634507,Female,1,aug_2022e4e8_img_2927.bmp,Normal
2933,21.9458896982,Female,1,aug_87e2556f_img_2933.bmp,Normal
2939,23.0782828283,Female,1,aug_7c346d2f_img_2939.bmp,Normal
2945,22.1403376165,Female,1,aug_ea6b4d2c_img_2945.bmp,Normal
2949,24.8202040816,Male,1,aug_0a9d0406_img_2949.bmp,Normal
2950,23.6286111111,Female,1,aug_2bb94071_img_2950.bmp,Normal
2951,21.2852777778,Female,1,aug_ef473edb_img_2951.bmp,Normal
2953,22.9168962351,Female,1,aug_344c1a14_img_2953.bmp,Normal
2957,24.306797099,Male,1,aug_82fed57b_img_2957.bmp,Normal
2959,20.5462333081,Female,1,aug_0ff0e1bb_img_2959.bmp,Normal
2969,22.7555096419,Male,1,aug_2b09839f_img_2969.bmp,Normal
2971,21.9635502959,Female,1,aug_42d8ea21_img_2971.bmp,Normal
2973,22.8513513514,Male,1,aug_93d2d86e_img_2973.bmp,Normal
2977,24.5112371351,Male,1,aug_d7125e96_img_2977.bmp,Normal
2985,24.2654235271,Male,1,aug_a19d76fe_img_2985.bmp,Normal
3001,21.0194830247,Male,1,aug_cd54b63a_img_3001.bmp,Normal
3003,22.4836425781,Female,1,aug_139df627_img_3003.bmp,Normal
3017,24.5062434964,Female,1,aug_803392c5_img_3017.bmp,Normal
3029,22.3945199376,Female,1,aug_9454ed88_img_3029.bmp,Normal
3035,24.4097222222,Female,1,aug_b6b07a29_img_3035.bmp,Normal
3065,22.4662162162,Male,1,aug_5955205b_img_3065.bmp,Normal
3079,24.5307621671,Male,1,aug_4d3c1005_img_3079.bmp,Normal
3081,23.0209400757,Male,1,aug_314d1dd2_img_3081.bmp,Normal
3087,24.6837928982,Male,1,aug_c3d11e08_img_3087.bmp,Normal
3091,24.71484375,Female,1,aug_7495f08d_img_3091.bmp,Normal
3101,21.7871900826,Female,1,aug_11848b23_img_3101.bmp,Normal
3115,23.7747138398,Female,1,aug_162eded1_img_3115.bmp,Normal
3121,23.6473602139,Female,1,aug_e6019875_img_3121.bmp,Normal
3139,23.2420408163,Male,1,aug_3cccc163_img_3139.bmp,Normal
3143,22.5941230487,Female,1,aug_02e9efa0_img_3143.bmp,Normal
3155,22.6552734375,Female,1,aug_9813cbf2_img_3155.bmp,Normal
3157,21.8331404321,Female,1,aug_d284ccd9_img_3157.bmp,Normal
3161,22.4627218935,Female,1,aug_60169271_img_3161.bmp,Normal
3171,24.9333910035,Male,1,aug_a48b6367_img_3171.bmp,Normal
3173,24.3897959184,Female,1,aug_749a3a20_img_3173.bmp,Normal
3179,24.8065532451,Male,1,aug_5dbd99a8_img_3179.bmp,Normal
3181,22.1487082546,Female,1,aug_a9a1bfe6_img_3181.bmp,Normal
3185,21.6157508431,Male,1,aug_0d0c3bdf_img_3185.bmp,Normal
3187,22.8488284203,Female,1,aug_75837438_img_3187.bmp,Normal
3193,22.2094594595,Male,1,aug_d9674753_img_3193.bmp,Normal
3196,24.3252595156,Male,1,aug_567fe14c_img_3196.bmp,Normal
3197,22.8049307958,Male,1,aug_1b26b702_img_3197.bmp,Normal
3199,21.537758667,Female,1,aug_99b7e98a_img_3199.bmp,Normal
3203,24.4097222222,Male,1,aug_e545546b_img_3203.bmp,Normal
3208,23.7729468599,Female,1,aug_f5d89e86_img_3208.bmp,Normal
3209,20.9674438143,Female,1,aug_d1b32946_img_3209.bmp,Normal
3219,22.7077300067,Male,1,aug_0e834719_img_3219.bmp,Normal
3221,24.4097222222,Female,1,aug_9d03686c_img_3221.bmp,Normal
3228,23.0103154136,Male,1,aug_082eb17d_img_3228.bmp,Normal
3229,20.6395556437,Male,1,aug_b69247af_img_3229.bmp,Normal
3233,24.0986842105,Male,1,aug_fc49995d_img_3233.bmp,Normal
3236,22.4945369407,Female,1,aug_96b857cf_img_3236.bmp,Normal
3237,21.5801248699,Female,1,aug_e2588a8e_img_3237.bmp,Normal
3245,22.8116326531,Male,1,aug_c22d7083_img_3245.bmp,Normal
3249,19.4834971025,Female,1,aug_855e502d_img_3249.bmp,Normal
3257,24.3693755739,Male,1,aug_682f4929_img_3257.bmp,Normal
3264,24.3918918919,Female,1,aug_5794eb6c_img_3264.bmp,Normal
3265,21.8243243243,Female,1,aug_4a69baf1_img_3265.bmp,Normal
3266,24.6891259105,Female,1,aug_25b478f3_img_3266.bmp,Normal
3267,21.9458896982,Female,1,aug_2cec2478_img_3267.bmp,Normal
3273,19.5756293161,Female,1,aug_5c69c112_img_3273.bmp,Normal
3277,21.3769387755,Male,1,aug_cbf3a21f_img_3277.bmp,Normal
3279,23.2892283277,Male,1,aug_9c1ef280_img_3279.bmp,Normal
3293,23.4010560147,Male,1,aug_dd27c336_img_3293.bmp,Normal
3297,23.2396694215,Male,1,aug_e426d5cd_img_3297.bmp,Normal
3305,21.924704834,Female,1,aug_921d755b_img_3305.bmp,Normal
3309,21.0776014109,Female,1,aug_7c60c0d7_img_3309.bmp,Normal
3315,21.0314776275,Female,1,aug_5b3b6b38_img_3315.bmp,Normal
3333,23.1823146398,Female,1,aug_0d4b45b6_img_3333.bmp,Normal
3339,24.7971781305,Female,1,aug_9c2121a0_img_3339.bmp,Normal
3345,24.0283203125,Female,1,aug_c55d9140_img_3345.bmp,Normal
3347,22.6528979239,Female,1,aug_8dde95e9_img_3347.bmp,Normal
3353,23.9602366864,Female,1,aug_4bc60d9b_img_3353.bmp,Normal
3359,21.7680997995,Female,1,aug_1bda6479_img_3359.bmp,Normal
3363,22.1287721124,Female,1,aug_4134c277_img_3363.bmp,Normal
3371,24.3897959184,Female,1,aug_910a3f7a_img_3371.bmp,Normal
3375,23.3708444444,Male,1,aug_79f8277f_img_3375.bmp,Normal
3381,23.4604552469,Male,1,aug_f1355e76_img_3381.bmp,Normal
3385,24.0211937716,Male,1,aug_bab4a585_img_3385.bmp,Normal
3417,22.4945830184,Female,1,aug_99ce3cdb_img_3417.bmp,Normal
3433,19.9668639053,Female,1,aug_a185e882_img_3433.bmp,Normal
3435,22.6552734375,Female,1,aug_bbb1a88f_img_3435.bmp,Normal
3439,24.4051416776,Male,1,aug_f0880d87_img_3439.bmp,Normal
3445,22.9551020408,Female,1,aug_774900ba_img_3445.bmp,Normal
3447,20.6718645578,Female,1,aug_4f994ffe_img_3447.bmp,Normal
3453,23.1210996795,Male,1,aug_5402698d_img_3453.bmp,Normal
3455,24.2732219929,Male,1,aug_5f25a99b_img_3455.bmp,Normal
3459,22.9551020408,Female,1,aug_314c48e4_img_3459.bmp,Normal
3461,20.595703125,Female,1,aug_3b43d2b7_img_3461.bmp,Normal
3463,23.6252888049,Male,1,aug_711cd130_img_3463.bmp,Normal
3467,22.5941230487,Female,1,aug_b5313be6_img_3467.bmp,Normal
3469,20.3691106072,Female,1,aug_aa41dcff_img_3469.bmp,Normal
3471,24.6921487603,Female,1,aug_efa4335f_img_3471.bmp,Normal
3473,24.2180740266,Male,1,aug_ca7c34ec_img_3473.bmp,Normal
3481,22.2730263158,Male,1,aug_9e557b60_img_3481.bmp,Normal
3495,23.0346565848,Female,1,aug_7f5258e8_img_3495.bmp,Normal
3509,20.593120129,Female,1,aug_6e1b4acf_img_3509.bmp,Normal
3513,21.924704834,Female,1,aug_cfb71df7_img_3513.bmp,Normal
3519,24.3897959184,Male,1,aug_2579f1a6_img_3519.bmp,Normal
3521,20.9389648438,Female,1,aug_0bc94cc5_img_3521.bmp,Normal
3533,21.1599032518,Female,1,aug_5505596b_img_3533.bmp,Normal
3541,21.7630072841,Female,1,aug_7b8d43a4_img_3541.bmp,Normal
3553,24.7971781305,Female,1,aug_74ef6a63_img_3553.bmp,Normal
3563,24.3918918919,Male,1,aug_94e7a646_img_3563.bmp,Normal
3565,23.7747138398,Female,1,aug_6396f7c5_img_3565.bmp,Normal
3577,24.9955555556,Female,1,aug_e376a32c_img_3577.bmp,Normal
3583,24.2463265306,Male,1,aug_f7526a5a_img_3583.bmp,Normal
3595,23.6252888049,Female,1,aug_18f76656_img_3595.bmp,Normal
3597,22.5164473684,Male,1,aug_687d9a34_img_3597.bmp,Normal
3609,19.5239039873,Male,1,aug_9f915d04_img_3609.bmp,Normal
3627,23.6274556213,Female,1,aug_e275093e_img_3627.bmp,Normal
3637,23.7316743827,Male,1,aug_76bf6f9e_img_3637.bmp,Normal
3643,21.924704834,Female,1,aug_e53077d8_img_3643.bmp,Normal
3645,23.4286847848,Male,1,aug_3e94ce5f_img_3645.bmp,Normal
3655,23.7455432539,Male,1,aug_0a93fcbe_img_3655.bmp,Normal
3663,23.3801965231,Female,1,aug_12ec183b_img_3663.bmp,Normal
3673,24.2079889807,Male,1,aug_c30ab8a3_img_3673.bmp,Normal
3685,23.5650951557,Male,1,aug_00465506_img_3685.bmp,Normal
3689,23.9115646259,Female,1,aug_ebc7ef88_img_3689.bmp,Normal
3691,19.7879527116,Male,1,aug_67fcd1fe_img_3691.bmp,Normal
3707,23.7335526316,Male,1,aug_cf5543c1_img_3707.bmp,Normal
3709,23.4907551793,Female,1,aug_56e2949b_img_3709.bmp,Normal
3715,23.5289795918,Male,1,aug_4b2bb753_img_3715.bmp,Normal
3717,21.2982846959,Male,1,aug_636d0626_img_3717.bmp,Normal
3721,23.8672839506,Male,1,aug_bb91b8c5_img_3721.bmp,Normal
3729,23.7171280277,Female,1,aug_75eee1ad_img_3729.bmp,Normal
3733,23.6252888049,Male,1,aug_92884b3e_img_3733.bmp,Normal
3741,21.5619212963,Male,1,aug_f38cb323_img_3741.bmp,Normal
3755,22.2094594595,Male,1,aug_72278a56_img_3755.bmp,Normal
3777,21.7871900826,Female,1,aug_0ee09d13_img_3777.bmp,Normal
3779,23.0536265432,Male,1,aug_1906de8f_img_3779.bmp,Normal
3791,20.9709755442,Female,1,aug_e028e3b8_img_3791.bmp,Normal
3797,23.4010560147,Female,1,aug_1cf287ec_img_3797.bmp,Normal
3799,24.6767346939,Female,1,aug_138fbcfd_img_3799.bmp,Normal
3809,22.5582660912,Male,1,aug_718aff51_img_3809.bmp,Normal
3811,23.0782828283,Female,1,aug_e680e606_img_3811.bmp,Normal
3817,23.7075976989,Male,1,aug_03b4f36d_img_3817.bmp,Normal
3821,21.5204081633,Male,1,aug_cfb817d9_img_3821.bmp,Normal
3831,21.6758333333,Female,1,aug_675f711c_img_3831.bmp,Normal
3833,21.5204081633,Female,1,aug_77d8bca8_img_3833.bmp,Normal
3839,23.5650951557,Female,1,aug_a2c56fe8_img_3839.bmp,Normal
3857,21.9458896982,Female,1,aug_128f5114_img_3857.bmp,Normal
3899,24.6257988166,Female,1,aug_870420e1_img_3899.bmp,Normal
3913,21.2846020761,Female,1,aug_5852c1cd_img_3913.bmp,Normal
3918,22.6713249127,Female,1,aug_8ee94374_img_3918.bmp,Normal
3919,20.593120129,Female,1,aug_1b0d278f_img_3919.bmp,Normal
3929,22.0813098686,Male,1,aug_67cc80f0_img_3929.bmp,Normal
3939,24.6588951901,Male,1,aug_fef94990_img_3939.bmp,Normal
3947,23.7316743827,Male,1,aug_7d3a88f0_img_3947.bmp,Normal
3953,22.2148807814,Female,1,aug_4388283d_img_3953.bmp,Normal
3955,24.5112371351,Male,1,aug_55aa52e2_img_3955.bmp,Normal
3959,20.9184685578,Male,1,aug_8b0131b7_img_3959.bmp,Normal
3961,24.4048799841,Male,1,aug_274085a7_img_3961.bmp,Normal
3968,24.4772923875,Male,1,aug_472a0e50_img_3968.bmp,Normal
3969,24.0211937716,Male,1,aug_10e1af9a_img_3969.bmp,Normal
3975,24.5432128906,Male,1,aug_954e3dfb_img_3975.bmp,Normal
3981,24.3715820312,Female,1,aug_7e6aa477_img_3981.bmp,Normal
3983,21.7971191406,Female,1,aug_d8207c54_img_3983.bmp,Normal
4005,21.107149559,Male,1,aug_cf4d8972_img_4005.bmp,Normal
4013,22.4836425781,Female,1,aug_c9907582_img_4013.bmp,Normal
4014,22.6713249127,Female,1,aug_32206423_img_4014.bmp,Normal
4015,19.8374092986,Female,1,aug_76e20161_img_4015.bmp,Normal
4023,24.3706666667,Male,1,aug_9e5b113f_img_4023.bmp,Normal
4027,22.044766436,Female,1,aug_c0fe001b_img_4027.bmp,Normal
4047,24.9542113001,Male,1,aug_99a31d6f_img_4047.bmp,Normal
4069,24.6891259105,Female,1,aug_b48dee90_img_4069.bmp,Normal
4073,21.924704834,Female,1,aug_a2abccac_img_4073.bmp,Normal
4075,22.8869985297,Male,1,aug_912191c4_img_4075.bmp,Normal
4079,22.7393404747,Male,1,aug_cf0f330a_img_4079.bmp,Normal
4081,21.3488309594,Female,1,aug_bd245234_img_4081.bmp,Normal
4087,18.9521289997,Female,1,aug_8a2c6dcf_img_4087.bmp,Normal
4091,24.4051416776,Male,1,aug_c7c6b20c_img_4091.bmp,Normal
4099,24.4097222222,Female,1,aug_b1f2f43d_img_4099.bmp,Normal
4101,21.4548897305,Female,1,aug_f871745a_img_4101.bmp,Normal
4102,24.7813581315,Male,1,aug_a1c82a54_img_4102.bmp,Normal
4103,23.5650951557,Male,1,aug_71889bbd_img_4103.bmp,Normal
4108,24.6293252595,Male,1,aug_286718cf_img_4108.bmp,Normal
4109,22.8049307958,Male,1,aug_0ca959e1_img_4109.bmp,Normal
4115,23.6252888049,Male,1,aug_a60bbfc1_img_4115.bmp,Normal
4117,24.2463265306,Male,1,aug_760ca3c9_img_4117.bmp,Normal
4121,24.3421052632,Male,1,aug_652bd31d_img_4121.bmp,Normal
4123,23.4817038844,Male,1,aug_9ff1d121_img_4123.bmp,Normal
4127,21.2982846959,Female,1,aug_8db47f32_img_4127.bmp,Normal
4131,22.6552734375,Female,1,aug_69881b61_img_4131.bmp,Normal
4134,23.7075976989,Male,1,aug_476cdc89_img_4134.bmp,Normal
4135,22.7314024995,Male,1,aug_874235c3_img_4135.bmp,Normal
4142,20.0857142857,Female,1,aug_4c351272_img_4142.bmp,Normal
4143,18.6510204082,Female,1,aug_d8024923_img_4143.bmp,Normal
4145,24.9955555556,Male,1,aug_6256f7d7_img_4145.bmp,Normal
4153,24.36357908,Male,1,aug_40409358_img_4153.bmp,Normal
4155,22.3120117188,Female,1,aug_a65d6035_img_4155.bmp,Normal
4171,22.2399691358,Male,1,aug_5503d9db_img_4171.bmp,Normal
4173,23.7316743827,Male,1,aug_ee4a43e9_img_4173.bmp,Normal
4177,22.3130331283,Male,1,aug_436af9fd_img_4177.bmp,Normal
4199,24.9585798817,Female,1,aug_ba3e53f3_img_4199.bmp,Normal
3,22.044766436,Female,1,aug_ab8edc37_img_3.bmp,Normal
7,21.740700692,Female,1,aug_1d8aa11d_img_7.bmp,Normal
17,23.5953786473,Male,1,aug_e0a528d8_img_17.bmp,Normal
19,21.3108108108,Male,1,aug_7be4df79_img_19.bmp,Normal
21,21.6307692308,Male,1,aug_c78571f4_img_21.bmp,Normal
23,22.3488321799,Male,1,aug_1a092595_img_23.bmp,Normal
25,24.8864746094,Female,1,aug_984465b6_img_25.bmp,Normal
29,20.3768115942,Male,1,aug_4954405f_img_29.bmp,Normal
33,23.4010560147,Female,1,aug_02db95f3_img_33.bmp,Normal
35,22.1403376165,Female,1,aug_59062031_img_35.bmp,Normal
37,22.044766436,Female,1,aug_e23f8fc8_img_37.bmp,Normal
51,21.2846020761,Male,1,aug_dedf8161_img_51.bmp,Normal
55,21.2846020761,Female,1,aug_caa40f97_img_55.bmp,Normal
57,23.4010560147,Female,1,aug_8054abc7_img_57.bmp,Normal
61,21.9960888889,Male,1,aug_950d4688_img_61.bmp,Normal
63,23.9115646259,Female,1,aug_0490b64f_img_63.bmp,Normal
75,24.0283203125,Female,1,aug_d38d62b4_img_75.bmp,Normal
101,24.4097222222,Male,1,aug_776168a9_img_101.bmp,Normal
107,24.4097222222,Male,1,aug_9e0c6cad_img_107.bmp,Normal
121,23.8672839506,Male,1,aug_5c345550_img_121.bmp,Normal
143,24.3252595156,Female,1,aug_73208960_img_143.bmp,Normal
147,23.7455432539,Male,1,aug_76f59399_img_147.bmp,Normal
161,19.3663911846,Male,1,aug_f7fb34c8_img_161.bmp,Normal
173,22.9168962351,Male,1,aug_4f131c35_img_173.bmp,Normal
177,21.6211555556,Male,1,aug_2fb0cde4_img_177.bmp,Normal
183,24.306797099,Male,1,aug_d83e32a4_img_183.bmp,Normal
187,24.4048799841,Male,1,aug_dcdbfc4c_img_187.bmp,Normal
189,24.273780352,Male,1,aug_23b9ec5e_img_189.bmp,Normal
191,24.6588951901,Male,1,aug_2bddd08e_img_191.bmp,Normal
195,23.4604552469,Male,1,aug_22730852_img_195.bmp,Normal
197,24.6293252595,Male,1,aug_e738b169_img_197.bmp,Normal
198,24.36357908,Male,1,aug_32568910_img_198.bmp,Normal
199,23.6252888049,Male,1,aug_58b79aff_img_199.bmp,Normal
202,23.6724489796,Male,1,aug_f622fb26_img_202.bmp,Normal
203,22.9551020408,Male,1,aug_0c8e31a6_img_203.bmp,Normal
204,24.3252595156,Male,1,aug_c5a53abd_img_204.bmp,Normal
205,23.1089965398,Male,1,aug_3717cd91_img_205.bmp,Normal
206,24.0211937716,Male,1,aug_c9824cb2_img_206.bmp,Normal
207,22.6528979239,Male,1,aug_56a960db_img_207.bmp,Normal
210,23.7455432539,Male,1,aug_2254e69a_img_210.bmp,Normal
211,22.4263464065,Male,1,aug_558a2619_img_211.bmp,Normal
217,21.5204081633,Male,1,aug_1599a8bf_img_217.bmp,Normal
219,21.4366349481,Male,1,aug_164f966b_img_219.bmp,Normal
223,23.4010560147,Female,1,aug_3eb8d99e_img_223.bmp,Normal
225,24.4051416776,Male,1,aug_c94f48ea_img_225.bmp,Normal
227,23.75,Male,1,aug_84a85610_img_227.bmp,Normal
231,24.4048799841,Male,1,aug_40b8c038_img_231.bmp,Normal
233,24.4048799841,Male,1,aug_d7eaf41d_img_233.bmp,Normal
237,24.4097222222,Female,1,aug_3be52dd5_img_237.bmp,Normal
265,24.4097222222,Female,1,aug_da32b1e2_img_265.bmp,Normal
267,19.5756293161,Female,1,aug_9aa650e7_img_267.bmp,Normal
269,24.3897959184,Male,1,aug_be8e9506_img_269.bmp,Normal
289,24.1171753174,Male,1,aug_4cbfa632_img_289.bmp,Normal
295,23.7316743827,Male,1,aug_d4f0991c_img_295.bmp,Normal
313,24.5112371351,Male,1,aug_6fc82263_img_313.bmp,Normal
325,23.2946745562,Female,1,aug_c5588207_img_325.bmp,Normal
335,23.8774629386,Male,1,aug_a6b10c9c_img_335.bmp,Normal
339,20.1733241506,Female,1,aug_09ad882f_img_339.bmp,Normal
343,23.7139483893,Male,1,aug_7fa5326d_img_343.bmp,Normal
347,24.0283203125,Female,1,aug_4f1cf582_img_347.bmp,Normal
353,23.6724489796,Male,1,aug_81e351cc_img_353.bmp,Normal
385,22.8488284203,Male,1,aug_c559b18c_img_385.bmp,Normal
405,24.8864746094,Female,1,aug_a56d1c86_img_405.bmp,Normal
407,22.8869985297,Male,1,aug_817d3d23_img_407.bmp,Normal
412,24.6891259105,Female,1,aug_a0890667_img_412.bmp,Normal
413,21.0314776275,Female,1,aug_9b70fc40_img_413.bmp,Normal
421,24.4048799841,Male,1,aug_71b0535a_img_421.bmp,Normal
423,19.9091796875,Female,1,aug_2da052f2_img_423.bmp,Normal
443,20.9802571166,Female,1,aug_9b1eca12_img_443.bmp,Normal
451,24.7813581315,Male,1,aug_614ffcb2_img_451.bmp,Normal
455,24.2079889807,Male,1,aug_6921b1df_img_455.bmp,Normal
465,23.6274556213,Female,1,aug_b3b29747_img_465.bmp,Normal
467,22.3130331283,Male,1,aug_f2d11dcb_img_467.bmp,Normal
477,23.1210996795,Male,1,aug_51554105_img_477.bmp,Normal
485,21.476294386,Male,1,aug_6bbe4aef_img_485.bmp,Normal
487,24.5606019887,Female,1,aug_8f2d8b84_img_487.bmp,Normal
489,22.7785374554,Female,1,aug_472e7a26_img_489.bmp,Normal
501,23.6252888049,Male,1,aug_09e615d1_img_501.bmp,Normal
509,24.4303853865,Female,1,aug_84f8a240_img_509.bmp,Normal
513,23.7316743827,Male,1,aug_b91fd28b_img_513.bmp,Normal
514,24.36357908,Male,1,aug_2aefad90_img_514.bmp,Normal
515,22.8869985297,Male,1,aug_cd635884_img_515.bmp,Normal
517,21.6307692308,Male,1,aug_eed23a9d_img_517.bmp,Normal
521,24.4303853865,Male,1,aug_0b8870e4_img_521.bmp,Normal
525,24.3897959184,Male,1,aug_f23aa5a1_img_525.bmp,Normal
543,24.3918918919,Male,1,aug_69fae80a_img_543.bmp,Normal
549,22.1299408284,Female,1,aug_7fd8b531_img_549.bmp,Normal
558,24.6200554296,Female,1,aug_9faa98a5_img_558.bmp,Normal
559,22.1403376165,Female,1,aug_79338291_img_559.bmp,Normal
568,24.6767346939,Male,1,aug_eb481930_img_568.bmp,Normal
569,20.8030612245,Male,1,aug_06820d12_img_569.bmp,Normal
575,20.8947222222,Female,1,aug_e909ed8d_img_575.bmp,Normal
577,22.7077300067,Female,1,aug_5f5e9699_img_577.bmp,Normal
585,22.1403376165,Female,1,aug_195bf916_img_585.bmp,Normal
591,24.1207111111,Male,1,aug_d289f43d_img_591.bmp,Normal
611,21.6959459459,Male,1,aug_b0270f0e_img_611.bmp,Normal
623,22.237755102,Male,1,aug_961cc351_img_623.bmp,Normal
625,24.7813581315,Male,1,aug_7e868186_img_625.bmp,Normal
627,22.3116545265,Female,1,aug_bfa74e08_img_627.bmp,Normal
633,23.9115646259,Female,1,aug_685507a6_img_633.bmp,Normal
640,24.3252595156,Female,1,aug_bfc4a81c_img_640.bmp,Normal
641,21.740700692,Female,1,aug_6853d73d_img_641.bmp,Normal
645,24.2344153979,Female,1,aug_f74f4aa1_img_645.bmp,Normal
655,24.8165509259,Male,1,aug_6047d6a6_img_655.bmp,Normal
663,24.6200554296,Female,1,aug_fa1bb74c_img_663.bmp,Normal
667,21.9078947368,Male,1,aug_e22014c0_img_667.bmp,Normal
669,22.0305873522,Male,1,aug_b57773f5_img_669.bmp,Normal
685,23.7075976989,Male,1,aug_f416f544_img_685.bmp,Normal
693,23.4907551793,Male,1,aug_ada523e3_img_693.bmp,Normal
695,24.6921487603,Female,1,aug_9eb982d8_img_695.bmp,Normal
713,21.924704834,Female,1,aug_3f36960b_img_713.bmp,Normal
719,23.6724489796,Male,1,aug_b14c4af8_img_719.bmp,Normal
726,22.629112426,Female,1,aug_911caa74_img_726.bmp,Normal
727,19.9668639053,Female,1,aug_ba19aa9c_img_727.bmp,Normal
729,23.7171280277,Female,1,aug_f8f60360_img_729.bmp,Normal
737,24.4097222222,Male,1,aug_97a2517e_img_737.bmp,Normal
745,23.0032894737,Male,1,aug_b5898b35_img_745.bmp,Normal
749,22.6901857759,Male,1,aug_95f04155_img_749.bmp,Normal
751,23.9206049149,Male,1,aug_19059550_img_751.bmp,Normal
775,23.2946745562,Female,1,aug_9d098306_img_775.bmp,Normal
776,21.663877551,Male,1,aug_a4375d6a_img_776.bmp,Normal
777,18.6510204082,Male,1,aug_ebbb8732_img_777.bmp,Normal
781,21.7057340895,Female,1,aug_c3bf5134_img_781.bmp,Normal
785,23.0536265432,Male,1,aug_91d30fe4_img_785.bmp,Normal
786,24.6891259105,Female,1,aug_856cb322_img_786.bmp,Normal
787,20.1170655567,Female,1,aug_dbd087f7_img_787.bmp,Normal
799,24.1028571429,Male,1,aug_c9270e8d_img_799.bmp,Normal
801,21.6975308642,Male,1,aug_9de60ad1_img_801.bmp,Normal
803,21.4104179794,Male,1,aug_6118b2b4_img_803.bmp,Normal
805,23.125,Male,1,aug_242b8787_img_805.bmp,Normal
817,24.0283203125,Female,1,aug_5e6eaf61_img_817.bmp,Normal
819,24.8996458087,Male,1,aug_886662d2_img_819.bmp,Normal
823,22.1487082546,Male,1,aug_912123f0_img_823.bmp,Normal
831,24.2079889807,Female,1,aug_ca13e01d_img_831.bmp,Normal
842,22.6713249127,Female,1,aug_3d8432d3_img_842.bmp,Normal
843,20.9709755442,Female,1,aug_fcadc35b_img_843.bmp,Normal
851,20.8284695923,Female,1,aug_8a376b3f_img_851.bmp,Normal
859,21.4538574219,Female,1,aug_cd66dfa3_img_859.bmp,Normal
875,24.4429327286,Female,1,aug_f09afbee_img_875.bmp,Normal
879,23.2946745562,Male,1,aug_59d9292a_img_879.bmp,Normal
885,22.5941230487,Female,1,aug_b6efab22_img_885.bmp,Normal
887,22.3130331283,Male,1,aug_61081d34_img_887.bmp,Normal
889,23.9605702829,Female,1,aug_529d563f_img_889.bmp,Normal
899,21.4644168962,Female,1,aug_95c4bb2a_img_899.bmp,Normal
905,24.0283203125,Female,1,aug_85733bed_img_905.bmp,Normal
907,22.4569444444,Female,1,aug_fa93b6c8_img_907.bmp,Normal
909,24.4048799841,Male,1,aug_629c9b12_img_909.bmp,Normal
917,23.0536265432,Male,1,aug_de8bca42_img_917.bmp,Normal
921,24.4048799841,Male,1,aug_ae2f1681_img_921.bmp,Normal
933,24.3693755739,Female,1,aug_c5b66161_img_933.bmp,Normal
935,23.4010560147,Female,1,aug_cb9cf600_img_935.bmp,Normal
937,22.4263464065,Male,1,aug_5810b731_img_937.bmp,Normal
939,22.8513513514,Male,1,aug_ecc52190_img_939.bmp,Normal
941,21.7667479827,Male,1,aug_3fe5ac17_img_941.bmp,Normal
953,21.96875,Female,1,aug_bb6b30c9_img_953.bmp,Normal
963,20.9802571166,Male,1,aug_d74b0f88_img_963.bmp,Normal
969,24.4772923875,Male,1,aug_18757b45_img_969.bmp,Normal
973,24.4429327286,Female,1,aug_ee68f052_img_973.bmp,Normal
981,23.6252888049,Male,1,aug_386cddad_img_981.bmp,Normal
991,24.459408284,Female,1,aug_506a2ba1_img_991.bmp,Normal
1003,23.5650951557,Male,1,aug_bac2dce3_img_1003.bmp,Normal
1007,22.3130331283,Male,1,aug_a3336f4d_img_1007.bmp,Normal
1019,22.4823972051,Female,1,aug_7be3b12e_img_1019.bmp,Normal
1021,24.4097222222,Male,1,aug_a6e2976b_img_1021.bmp,Normal
1045,24.5307621671,Female,1,aug_6e603b0c_img_1045.bmp,Normal
1053,22.9551020408,Female,1,aug_737c4a4d_img_1053.bmp,Normal
1061,24.9636734694,Male,1,aug_52301b0f_img_1061.bmp,Normal
1065,24.2654235271,Male,1,aug_e9d29ddf_img_1065.bmp,Normal
1071,23.1081081081,Male,1,aug_c69ba9f3_img_1071.bmp,Normal
1098,24.4429327286,Female,1,aug_059a99d4_img_1098.bmp,Normal
1109,23.7457777778,Male,1,aug_e4b282c0_img_1109.bmp,Normal
1110,24.1385030864,Male,1,aug_fd7b89d9_img_1110.bmp,Normal
1111,23.7316743827,Male,1,aug_5613b4af_img_1111.bmp,Normal
1126,24.4097222222,Male,1,aug_f8d300ee_img_1126.bmp,Normal
1130,24.2079889807,Female,1,aug_5527b80c_img_1130.bmp,Normal
1131,20.9802571166,Female,1,aug_91d64ae3_img_1131.bmp,Normal
1137,24.1413023081,Male,1,aug_e6a31bdf_img_1137.bmp,Normal
1151,23.6875410914,Male,1,aug_9ccc7404_img_1151.bmp,Normal
1165,23.8852157943,Female,1,aug_9367127c_img_1165.bmp,Normal
1169,19.9668639053,Female,1,aug_d40b3a01_img_1169.bmp,Normal
1185,24.6689810471,Female,1,aug_ec3c8dde_img_1185.bmp,Normal
1187,21.5204081633,Male,1,aug_93f3a91c_img_1187.bmp,Normal
1188,23.7747138398,Female,1,aug_a0ccf980_img_1188.bmp,Normal
1189,20.1170655567,Female,1,aug_7b3a3e8e_img_1189.bmp,Normal
1191,21.1599032518,Female,1,aug_8346b569_img_1191.bmp,Normal
1199,22.237755102,Male,1,aug_1efd44eb_img_1199.bmp,Normal
1203,24.4048799841,Male,1,aug_cf40380e_img_1203.bmp,Normal
1205,22.8475,Female,1,aug_0e2d962b_img_1205.bmp,Normal
1209,21.7871900826,Female,1,aug_7109c78f_img_1209.bmp,Normal
1211,23.8852157943,Female,1,aug_6988fd07_img_1211.bmp,Normal
1217,22.9569636678,Female,1,aug_e41b11d2_img_1217.bmp,Normal
1223,23.5681412418,Male,1,aug_01a775f6_img_1223.bmp,Normal
1225,24.8165509259,Male,1,aug_29967e21_img_1225.bmp,Normal
1233,24.8202040816,Male,1,aug_7bc0de08_img_1233.bmp,Normal
1235,23.7316743827,Male,1,aug_57327c56_img_1235.bmp,Normal
1236,24.36357908,Male,1,aug_74e39b2d_img_1236.bmp,Normal
1237,21.4104179794,Male,1,aug_e54a9824_img_1237.bmp,Normal
1247,24.273780352,Female,1,aug_3ac3afe6_img_1247.bmp,Normal
1253,24.8864746094,Female,1,aug_b6481c01_img_1253.bmp,Normal
1255,21.8243243243,Male,1,aug_a8e2df74_img_1255.bmp,Normal
1265,24.5332653061,Male,1,aug_a1922d72_img_1265.bmp,Normal
1269,24.5606019887,Female,1,aug_0d11f829_img_1269.bmp,Normal
1277,20.798816568,Female,1,aug_a828b668_img_1277.bmp,Normal
1285,24.2658100277,Female,1,aug_9ce20023_img_1285.bmp,Normal
1295,24.4051416776,Male,1,aug_22f7ab50_img_1295.bmp,Normal
1305,21.2547241119,Female,1,aug_845b3145_img_1305.bmp,Normal
1309,23.0782828283,Female,1,aug_8f3c9cd6_img_1309.bmp,Normal
1320,22.8643350412,Male,1,aug_98af7a7d_img_1320.bmp,Normal
1321,20.3586544888,Male,1,aug_307b4c7d_img_1321.bmp,Normal
1336,23.6724489796,Male,1,aug_2b4b3e78_img_1336.bmp,Normal
1337,21.5204081633,Male,1,aug_c17b0419_img_1337.bmp,Normal
1339,23.7075976989,Male,1,aug_3fc8c220_img_1339.bmp,Normal
1351,23.9115646259,Female,1,aug_510fb8f7_img_1351.bmp,Normal
1353,23.7075976989,Male,1,aug_59b32cdd_img_1353.bmp,Normal
1357,22.7598684211,Male,1,aug_25ef3512_img_1357.bmp,Normal
1359,23.5289795918,Male,1,aug_f92b265d_img_1359.bmp,Normal
1379,21.7630072841,Female,1,aug_522d3a29_img_1379.bmp,Normal
1381,22.5919460425,Male,1,aug_ca7f9f8e_img_1381.bmp,Normal
1397,24.6588951901,Female,1,aug_69abd74c_img_1397.bmp,Normal
1401,22.7314024995,Male,1,aug_46f5eab3_img_1401.bmp,Normal
1403,21.9543063774,Male,1,aug_db15a351_img_1403.bmp,Normal
1405,24.71484375,Male,1,aug_92afbba4_img_1405.bmp,Normal
1409,24.9002004901,Male,1,aug_27f8566b_img_1409.bmp,Normal
1411,20.1733241506,Male,1,aug_eb99ffe3_img_1411.bmp,Normal
1413,22.1487082546,Female,1,aug_880ae66d_img_1413.bmp,Normal
1431,21.5204081633,Male,1,aug_9e4735e9_img_1431.bmp,Normal
1433,22.8786982249,Male,1,aug_c455f749_img_1433.bmp,Normal
1447,24.6293252595,Female,1,aug_df19f2af_img_1447.bmp,Normal
1449,24.7456,Male,1,aug_ddfb1b46_img_1449.bmp,Normal
1455,20.3156314506,Male,1,aug_f53141d5_img_1455.bmp,Normal
1462,22.3488321799,Female,1,aug_1dbc1870_img_1462.bmp,Normal
1463,19.7642733564,Female,1,aug_437943dc_img_1463.bmp,Normal
1475,23.6216216216,Male,1,aug_c2113e1c_img_1475.bmp,Normal
1477,19.8888393852,Female,1,aug_1a46baa2_img_1477.bmp,Normal
1479,21.4104179794,Female,1,aug_1cfcf05e_img_1479.bmp,Normal
1481,22.4945369407,Female,1,aug_c69bf09b_img_1481.bmp,Normal
1485,23.2610294118,Male,1,aug_b0214afd_img_1485.bmp,Normal
1489,24.2654235271,Male,1,aug_fdce321b_img_1489.bmp,Normal
1499,24.8165509259,Male,1,aug_4e9d7f2f_img_1499.bmp,Normal
1501,24.36357908,Male,1,aug_c152cc23_img_1501.bmp,Normal
1513,21.924704834,Female,1,aug_3e70c04f_img_1513.bmp,Normal
1515,23.6850585938,Female,1,aug_1723b3d4_img_1515.bmp,Normal
1517,23.0859448302,Male,1,aug_e4f88dd4_img_1517.bmp,Normal
1521,24.36357908,Male,1,aug_1ed24514_img_1521.bmp,Normal
1531,24.36357908,Male,1,aug_a8747a3f_img_1531.bmp,Normal
1533,24.5112371351,Male,1,aug_55591d3e_img_1533.bmp,Normal
1539,23.3341501448,Male,1,aug_94d65681_img_1539.bmp,Normal
1547,23.7316743827,Male,1,aug_8454f5a0_img_1547.bmp,Normal
1553,23.4907551793,Male,1,aug_d77f030f_img_1553.bmp,Normal
1555,19.9338374291,Male,1,aug_3b2360e0_img_1555.bmp,Normal
1563,24.8864746094,Female,1,aug_27d56696_img_1563.bmp,Normal
1569,20.5244377163,Female,1,aug_3e04a617_img_1569.bmp,Normal
1571,22.9551020408,Male,1,aug_8e6230cc_img_1571.bmp,Normal
1577,24.0211937716,Female,1,aug_446516a6_img_1577.bmp,Normal
1581,23.7075976989,Male,1,aug_ff9e2d93_img_1581.bmp,Normal
1585,24.6588951901,Male,1,aug_157f5c9d_img_1585.bmp,Normal
1591,19.4736842105,Male,1,aug_c7f8d118_img_1591.bmp,Normal
12,41.3988888889,Male,1,aug_fae54e78_img_12.bmp,Severely Obese
18,41.2094594595,Male,1,aug_c70ac143_img_18.bmp,Severely Obese
22,41.8090397924,Male,1,aug_4034a0c5_img_22.bmp,Severely Obese
38,41.6866203791,Male,1,aug_51553bd2_img_38.bmp,Severely Obese
42,43.5334959655,Male,1,aug_df65d23e_img_42.bmp,Severely Obese
48,44.0731095679,Male,1,aug_6d203cc2_img_48.bmp,Severely Obese
49,40.6828703704,Male,1,aug_bc46d694_img_49.bmp,Severely Obese
66,51.4892578125,Female,1,aug_fbd786ee_img_66.bmp,Severely Obese
68,41.6866203791,Male,1,aug_99e8dc2d_img_68.bmp,Severely Obese
72,41.9701492537,Male,1,aug_1f62d48b_img_72.bmp,Severely Obese
74,51.4892578125,Female,1,aug_e97aaaeb_img_74.bmp,Severely Obese
82,46.25,Male,1,aug_f9fb2a4c_img_82.bmp,Severely Obese
84,41.5003341501,Female,1,aug_f88ff7eb_img_84.bmp,Severely Obese
88,53.6907359651,Male,1,aug_cc82dd97_img_88.bmp,Severely Obese
90,49.7411555556,Male,1,aug_88aef047_img_90.bmp,Severely Obese
91,40.3678222222,Male,1,aug_904eca18_img_91.bmp,Severely Obese
96,42.2631952663,Male,1,aug_8f318035_img_96.bmp,Severely Obese
104,42.2408267906,Male,1,aug_6fe657f1_img_104.bmp,Severely Obese
128,43.2315016862,Male,1,aug_99ffef53_img_128.bmp,Severely Obese
134,47.0565200617,Male,1,aug_bf1e48ba_img_134.bmp,Severely Obese
136,42.0825456837,Male,1,aug_23bdf1db_img_136.bmp,Severely Obese
138,54.0287369125,Female,1,aug_ac694724_img_138.bmp,Severely Obese
139,46.5116952551,Female,1,aug_36dae62d_img_139.bmp,Severely Obese
142,43.3293685121,Female,1,aug_28394078_img_142.bmp,Severely Obese
148,47.4633487654,Male,1,aug_c55c8fd4_img_148.bmp,Severely Obese
154,59.4894222222,Male,1,aug_630387ff_img_154.bmp,Severely Obese
234,47.2014285714,Female,1,aug_2d680d46_img_234.bmp,Severely Obese
242,41.6238347191,Female,1,aug_1a61a09a_img_242.bmp,Severely Obese
244,44.3471533426,Male,1,aug_93655eb1_img_244.bmp,Severely Obese
252,43.3950617284,Male,1,aug_c5196104_img_252.bmp,Severely Obese
254,44.7511574074,Male,1,aug_50b14316_img_254.bmp,Severely Obese
256,42.0629552549,Male,1,aug_e5496bc0_img_256.bmp,Severely Obese
274,46.3700259516,Male,1,aug_3b16d137_img_274.bmp,Severely Obese
280,48.8102833552,Male,1,aug_26dcbe96_img_280.bmp,Severely Obese
282,44.6240234375,Female,1,aug_9752631f_img_282.bmp,Severely Obese
296,40.7730263158,Male,1,aug_6c2ac5b2_img_296.bmp,Severely Obese
298,40.0540540541,Male,1,aug_c2943aa2_img_298.bmp,Severely Obese
304,51.7125164196,Male,1,aug_62dbb5fb_img_304.bmp,Severely Obese
310,51.4892578125,Female,1,aug_e979eb5c_img_310.bmp,Severely Obese
316,44.6756756757,Male,1,aug_1700dd73_img_316.bmp,Severely Obese
322,40.8243243243,Male,1,aug_f38b444c_img_322.bmp,Severely Obese
326,43.7422222222,Male,1,aug_eb189fd8_img_326.bmp,Severely Obese
330,43.8917793965,Female,1,aug_e5c69d5d_img_330.bmp,Severely Obese
336,42.0823794333,Male,1,aug_cff793b8_img_336.bmp,Severely Obese
348,42.214299118,Male,1,aug_f61a4a3b_img_348.bmp,Severely Obese
350,43.8494096681,Female,1,aug_42af4a91_img_350.bmp,Severely Obese
356,42.4924444444,Male,1,aug_56c480f4_img_356.bmp,Severely Obese
358,47.2014285714,Female,1,aug_3fda416c_img_358.bmp,Severely Obese
359,40.3148979592,Female,1,aug_cf52efc9_img_359.bmp,Severely Obese
362,49.1701323251,Male,1,aug_d9423822_img_362.bmp,Severely Obese
364,42.564453125,Female,1,aug_8f838d41_img_364.bmp,Severely Obese
370,46.1168,Male,1,aug_ee3ff63f_img_370.bmp,Severely Obese
371,41.4926222222,Male,1,aug_bb842f16_img_371.bmp,Severely Obese
374,41.1757142857,Male,1,aug_aba6fe5f_img_374.bmp,Severely Obese
376,40.1644736842,Male,1,aug_391f4205_img_376.bmp,Severely Obese
380,45.1891891892,Male,1,aug_dad29429_img_380.bmp,Severely Obese
382,52.7554065744,Female,1,aug_e0a9fe03_img_382.bmp,Severely Obese
390,45.8360339506,Male,1,aug_9a21ab8f_img_390.bmp,Severely Obese
400,43.8494096681,Female,1,aug_a9479ec8_img_400.bmp,Severely Obese
408,44.6976643599,Male,1,aug_43e7914d_img_408.bmp,Severely Obese
410,40.1644736842,Male,1,aug_3edafe11_img_410.bmp,Severely Obese
414,55.9079973268,Female,1,aug_4f8d1dd2_img_414.bmp,Severely Obese
416,44.3320408163,Male,1,aug_d5cd4db5_img_416.bmp,Severely Obese
418,47.1381153932,Female,1,aug_db7e0dca_img_418.bmp,Severely Obese
419,40.873914012,Female,1,aug_730f803c_img_419.bmp,Severely Obese
432,44.7040863177,Female,1,aug_58cddd68_img_432.bmp,Severely Obese
434,61.7023533951,Male,1,aug_7048b21a_img_434.bmp,Severely Obese
440,54.8714416896,Female,1,aug_088f977a_img_440.bmp,Severely Obese
444,50.1708477509,Female,1,aug_55d00509_img_444.bmp,Severely Obese
470,40.4116512346,Male,1,aug_ce190c7f_img_470.bmp,Severely Obese
472,42.4924444444,Male,1,aug_a3dcc270_img_472.bmp,Severely Obese
482,51.6911764706,Male,1,aug_beb7582a_img_482.bmp,Severely Obese
498,50.9891975309,Male,1,aug_d9b7c087_img_498.bmp,Severely Obese
504,44.089532872,Male,1,aug_9a3b8677_img_504.bmp,Severely Obese
506,44.0731095679,Male,1,aug_80a0f952_img_506.bmp,Severely Obese
536,44.7040863177,Female,1,aug_24b574ab_img_536.bmp,Severely Obese
538,42.9525887721,Female,1,aug_61eee4b0_img_538.bmp,Severely Obese
544,57.387755102,Male,1,aug_2d0b9bcb_img_544.bmp,Severely Obese
545,53.0836734694,Male,1,aug_6d9a428a_img_545.bmp,Severely Obese
554,51.5810650888,Female,1,aug_737e0463_img_554.bmp,Severely Obese
560,40.3466483012,Female,1,aug_b406295d_img_560.bmp,Severely Obese
580,41.8090397924,Female,1,aug_a79b0057_img_580.bmp,Severely Obese
582,41.5547006943,Male,1,aug_16b93161_img_582.bmp,Severely Obese
594,42.214299118,Male,1,aug_86106412_img_594.bmp,Severely Obese
606,40.3466483012,Female,1,aug_61cd6eda_img_606.bmp,Severely Obese
612,40.2341311134,Male,1,aug_59d5f0db_img_612.bmp,Severely Obese
616,48.860770773,Female,1,aug_1efd6f2e_img_616.bmp,Severely Obese
620,68.2029024456,Female,1,aug_b9f0cd09_img_620.bmp,Severely Obese
626,49.378251821,Female,1,aug_b5ef1ab3_img_626.bmp,Severely Obese
638,41.722972973,Male,1,aug_414ccf70_img_638.bmp,Severely Obese
646,43.8494096681,Female,1,aug_ba977f3f_img_646.bmp,Severely Obese
648,41.7365491651,Male,1,aug_7b789c56_img_648.bmp,Severely Obese
652,47.4633487654,Male,1,aug_d41a0e2d_img_652.bmp,Severely Obese
656,56.5269387755,Male,1,aug_0afd092b_img_656.bmp,Severely Obese
658,48.5773645546,Female,1,aug_de257b9b_img_658.bmp,Severely Obese
660,47.5876923077,Female,1,aug_238c186f_img_660.bmp,Severely Obese
672,40.3466483012,Female,1,aug_f376968b_img_672.bmp,Severely Obese
676,45.462804999,Male,1,aug_23e6818f_img_676.bmp,Severely Obese
678,46.1565656566,Male,1,aug_62c5fdde_img_678.bmp,Severely Obese
688,60.5199724518,Male,1,aug_9581adcc_img_688.bmp,Severely Obese
690,61.5644970414,Female,1,aug_7995b930_img_690.bmp,Severely Obese
691,46.5893491124,Female,1,aug_6beeffbb_img_691.bmp,Severely Obese
692,43.8494096681,Male,1,aug_da07a174_img_692.bmp,Severely Obese
704,42.564453125,Female,1,aug_0f65d846_img_704.bmp,Severely Obese
712,48.5475607039,Female,1,aug_8c8aa427_img_712.bmp,Severely Obese
716,47.8903546713,Male,1,aug_d13d734a_img_716.bmp,Severely Obese
738,43.5743801653,Female,1,aug_a9a8e39f_img_738.bmp,Severely Obese
740,49.6131064902,Male,1,aug_a9a7d443_img_740.bmp,Severely Obese
756,44.7040863177,Female,1,aug_fa07378a_img_756.bmp,Severely Obese
766,52.4186095358,Female,1,aug_c9ebd0fc_img_766.bmp,Severely Obese
767,45.7739970594,Female,1,aug_cd7ff16b_img_767.bmp,Severely Obese
768,43.0663844954,Female,1,aug_af6e999d_img_768.bmp,Severely Obese
769,40.2474938739,Female,1,aug_5d075625_img_769.bmp,Severely Obese
770,43.5743801653,Female,1,aug_5ceb3d0c_img_770.bmp,Severely Obese
772,41.19140625,Female,1,aug_7f8a76f9_img_772.bmp,Severely Obese
782,47.4633487654,Male,1,aug_c5312e31_img_782.bmp,Severely Obese
783,40.8184799383,Male,1,aug_c47f3542_img_783.bmp,Severely Obese
788,40.2887110727,Female,1,aug_c73e21c9_img_788.bmp,Severely Obese
792,42.5342194009,Male,1,aug_0c7e99dd_img_792.bmp,Severely Obese
796,40.6828703704,Male,1,aug_7e781366_img_796.bmp,Severely Obese
800,40.6828703704,Male,1,aug_4f7e8b69_img_800.bmp,Severely Obese
806,41.5547006943,Male,1,aug_56691ca9_img_806.bmp,Severely Obese
808,42.4924444444,Male,1,aug_ed397547_img_808.bmp,Severely Obese
810,45.5743243243,Male,1,aug_b1ee6048_img_810.bmp,Severely Obese
826,44.9890738814,Female,1,aug_dc1f8a74_img_826.bmp,Severely Obese
834,40.1714285714,Male,1,aug_613259ef_img_834.bmp,Severely Obese
836,54.7697368421,Male,1,aug_02fb8a0f_img_836.bmp,Severely Obese
844,44.7040863177,Female,1,aug_c673b31d_img_844.bmp,Severely Obese
856,50.853587963,Male,1,aug_ffe555eb_img_856.bmp,Severely Obese
864,42.5342194009,Male,1,aug_b6ec2cec_img_864.bmp,Severely Obese
868,44.7040863177,Female,1,aug_1d57aa2e_img_868.bmp,Severely Obese
878,41.5976331361,Male,1,aug_d849a5f8_img_878.bmp,Severely Obese
884,50.0298438935,Female,1,aug_2d16f5af_img_884.bmp,Severely Obese
896,42.5965693918,Female,1,aug_b77ef05d_img_896.bmp,Severely Obese
900,40.9012812434,Male,1,aug_65a1c0f3_img_900.bmp,Severely Obese
902,40.2665088757,Female,1,aug_a99429d7_img_902.bmp,Severely Obese
910,51.3655832703,Female,1,aug_b0cd9cf9_img_910.bmp,Severely Obese
911,40.5610985135,Female,1,aug_b0a99c37_img_911.bmp,Severely Obese
912,43.536199599,Male,1,aug_4736a8d7_img_912.bmp,Severely Obese
922,40.4423725451,Male,1,aug_fa795d19_img_922.bmp,Severely Obese
928,46.8076034447,Female,1,aug_52767abc_img_928.bmp,Severely Obese
932,40.3466483012,Female,1,aug_01753a91_img_932.bmp,Severely Obese
946,41.6569391847,Female,1,aug_ffa065ea_img_946.bmp,Severely Obese
948,45.5122912366,Male,1,aug_e6e7d4b7_img_948.bmp,Severely Obese
956,59.6144,Male,1,aug_9cf72365_img_956.bmp,Severely Obese
960,44.7040863177,Female,1,aug_454f6515_img_960.bmp,Severely Obese
966,41.5346679688,Female,1,aug_22036ef6_img_966.bmp,Severely Obese
974,40.2341311134,Female,1,aug_f7d71bef_img_974.bmp,Severely Obese
982,40.2341311134,Female,1,aug_2eec2f7c_img_982.bmp,Severely Obese
984,62.4091836735,Male,1,aug_38b66edf_img_984.bmp,Severely Obese
988,44.2806752331,Female,1,aug_be70a11f_img_988.bmp,Severely Obese
992,40.1714285714,Male,1,aug_5a689858_img_992.bmp,Severely Obese
998,40.8481445312,Female,1,aug_1d75ce06_img_998.bmp,Severely Obese
1000,42.2408267906,Male,1,aug_5eb563ea_img_1000.bmp,Severely Obese
1004,43.22298953,Female,1,aug_4d323eec_img_1004.bmp,Severely Obese
1008,46.6275510204,Female,1,aug_14e227d7_img_1008.bmp,Severely Obese
1010,56.277970679,Male,1,aug_9b616ecc_img_1010.bmp,Severely Obese
1012,40.7631825859,Male,1,aug_47dbe28f_img_1012.bmp,Severely Obese
1024,40.8243243243,Male,1,aug_fe1aa910_img_1024.bmp,Severely Obese
1028,41.8369371157,Male,1,aug_6468b606_img_1028.bmp,Severely Obese
1032,40.2887110727,Female,1,aug_8a256ef4_img_1032.bmp,Severely Obese
1038,45.1537629758,Male,1,aug_8dbe814d_img_1038.bmp,Severely Obese
1042,40.8951022706,Male,1,aug_f7c52aec_img_1042.bmp,Severely Obese
1048,52.1082754738,Male,1,aug_a350451d_img_1048.bmp,Severely Obese
1049,41.6866203791,Male,1,aug_762b8e98_img_1049.bmp,Severely Obese
1062,47.2416,Male,1,aug_386e38b6_img_1062.bmp,Severely Obese
1066,41.19140625,Female,1,aug_608d3ca9_img_1066.bmp,Severely Obese
1068,63.9090909091,Female,1,aug_e05bfefe_img_1068.bmp,Severely Obese
1069,44.7040863177,Female,1,aug_f97071c4_img_1069.bmp,Severely Obese
1074,44.1809210526,Male,1,aug_586c40ce_img_1074.bmp,Severely Obese
1078,47.1248852158,Female,1,aug_b6b959aa_img_1078.bmp,Severely Obese
1088,42.9611111111,Female,1,aug_93644876_img_1088.bmp,Severely Obese
1090,42.8738975418,Male,1,aug_b8bc313a_img_1090.bmp,Severely Obese
1092,48.860770773,Female,1,aug_df24ed73_img_1092.bmp,Severely Obese
1106,41.5346679688,Female,1,aug_17b78f39_img_1106.bmp,Severely Obese
1108,40.6177777778,Male,1,aug_92034950_img_1108.bmp,Severely Obese
1112,40.7212854592,Male,1,aug_1267c840_img_1112.bmp,Severely Obese
1116,47.5494276795,Female,1,aug_f178959b_img_1116.bmp,Severely Obese
1117,41.1485431842,Female,1,aug_a7d3b77c_img_1117.bmp,Severely Obese
1118,44.2090835797,Female,1,aug_5909be8a_img_1118.bmp,Severely Obese
1119,40.8083848428,Female,1,aug_6df00896_img_1119.bmp,Severely Obese
1122,56.5269387755,Male,1,aug_b100cc9c_img_1122.bmp,Severely Obese
1124,78.9081632653,Male,1,aug_7ff83d7b_img_1124.bmp,Severely Obese
1125,48.2057142857,Male,1,aug_c4a2b444_img_1125.bmp,Severely Obese
1128,40.8243243243,Male,1,aug_1df3ec87_img_1128.bmp,Severely Obese
1132,41.5346679688,Female,1,aug_ecf34f9d_img_1132.bmp,Severely Obese
1134,42.2408267906,Male,1,aug_8972b07c_img_1134.bmp,Severely Obese
1140,46.0206308272,Male,1,aug_88f4e0f1_img_1140.bmp,Severely Obese
1154,41.3191836735,Male,1,aug_95b4ea99_img_1154.bmp,Severely Obese
1156,40.4423725451,Male,1,aug_ab19eb36_img_1156.bmp,Severely Obese
1158,44.1930943892,Male,1,aug_1c0a4c12_img_1158.bmp,Severely Obese
1160,56.24,Male,1,aug_a5e73973_img_1160.bmp,Severely Obese
1174,40.6177777778,Male,1,aug_83e50a81_img_1174.bmp,Severely Obese
1176,47.8231292517,Female,1,aug_ceb1cc4f_img_1176.bmp,Severely Obese
1180,47.4671052632,Male,1,aug_3b256cfa_img_1180.bmp,Severely Obese
1181,41.3815789474,Male,1,aug_901111da_img_1181.bmp,Severely Obese
1182,44.9456449098,Female,1,aug_4a2debfe_img_1182.bmp,Severely Obese
1192,40.024003174,Male,1,aug_b80b958c_img_1192.bmp,Severely Obese
1200,45.1389160156,Female,1,aug_0d211a99_img_1200.bmp,Severely Obese
1201,41.7062988281,Female,1,aug_b7d05f6f_img_1201.bmp,Severely Obese
1204,42.3752777778,Female,1,aug_2f778a59_img_1204.bmp,Severely Obese
1210,40.3466483012,Female,1,aug_f45e4854_img_1210.bmp,Severely Obese
1212,40.1001183432,Female,1,aug_573ea9a1_img_1212.bmp,Severely Obese
1220,49.3305858766,Female,1,aug_78afa806_img_1220.bmp,Severely Obese
1230,44.5888534434,Male,1,aug_2973dd47_img_1230.bmp,Severely Obese
1240,41.8369371157,Male,1,aug_c912cb4c_img_1240.bmp,Severely Obese
1248,42.4781384875,Male,1,aug_5dc2f811_img_1248.bmp,Severely Obese
1258,61.9587402344,Female,1,aug_8f234715_img_1258.bmp,Severely Obese
1259,46.5119628906,Female,1,aug_dcd34bcc_img_1259.bmp,Severely Obese
1270,52.4130177515,Female,1,aug_1311e827_img_1270.bmp,Severely Obese
1280,48.8194444444,Male,1,aug_1b401a50_img_1280.bmp,Severely Obese
1292,53.8951900861,Male,1,aug_f6a2c3f1_img_1292.bmp,Severely Obese
1293,46.5122873346,Male,1,aug_c927d699_img_1293.bmp,Severely Obese
1296,45.1882460973,Female,1,aug_abeb067d_img_1296.bmp,Severely Obese
1298,41.3529411765,Male,1,aug_1f8d126c_img_1298.bmp,Severely Obese
1302,44.9891660368,Female,1,aug_f6adc753_img_1302.bmp,Severely Obese
1308,40.992194674,Female,1,aug_55305efc_img_1308.bmp,Severely Obese
1318,51.3513513514,Male,1,aug_0b8ff1bd_img_1318.bmp,Severely Obese
1322,47.4910865078,Male,1,aug_24567dd1_img_1322.bmp,Severely Obese
1328,40.3466483012,Female,1,aug_485bd550_img_1328.bmp,Severely Obese
1330,47.2947204277,Female,1,aug_eb7a6ab4_img_1330.bmp,Severely Obese
1332,40.7173089775,Male,1,aug_99e51c60_img_1332.bmp,Severely Obese
1340,43.5743801653,Male,1,aug_a5c35f47_img_1340.bmp,Severely Obese
1344,40.0540540541,Male,1,aug_09fc48ca_img_1344.bmp,Severely Obese
1348,45.0565019396,Male,1,aug_c7707cb0_img_1348.bmp,Severely Obese
1354,43.8917793965,Female,1,aug_b8462dc8_img_1354.bmp,Severely Obese
1360,58.2366863905,Female,1,aug_20692f7a_img_1360.bmp,Severely Obese
1368,46.9634986226,Female,1,aug_7ff06876_img_1368.bmp,Severely Obese
1374,43.0067567568,Male,1,aug_d93e05ee_img_1374.bmp,Severely Obese
1376,48.8097599683,Male,1,aug_d7cb2ff4_img_1376.bmp,Severely Obese
1377,41.6974806586,Male,1,aug_7b747085_img_1377.bmp,Severely Obese
1388,51.2482840237,Female,1,aug_18aee3d7_img_1388.bmp,Severely Obese
1389,45.2582248521,Female,1,aug_45f40aac_img_1389.bmp,Severely Obese
1406,55.9079973268,Female,1,aug_73b38ead_img_1406.bmp,Severely Obese
1407,46.5116952551,Female,1,aug_3b29c61a_img_1407.bmp,Severely Obese
1410,50.0298438935,Male,1,aug_333e099a_img_1410.bmp,Severely Obese
1416,40.1644736842,Male,1,aug_2458e3c0_img_1416.bmp,Severely Obese
1420,44.6240234375,Female,1,aug_785c3b86_img_1420.bmp,Severely Obese
1442,44.925443787,Female,1,aug_6e7c4ae7_img_1442.bmp,Severely Obese
1444,46.8076034447,Female,1,aug_781cb41f_img_1444.bmp,Severely Obese
1448,41.8675555556,Male,1,aug_c0e669d8_img_1448.bmp,Severely Obese
1456,45.5743243243,Male,1,aug_18462f63_img_1456.bmp,Severely Obese
1458,44.7511574074,Male,1,aug_fc9c2c3c_img_1458.bmp,Severely Obese
1486,40.1644736842,Male,1,aug_a5fd594a_img_1486.bmp,Severely Obese
1504,51.6437098255,Female,1,aug_a05b4d6e_img_1504.bmp,Severely Obese
1526,44.7040863177,Female,1,aug_b724af42_img_1526.bmp,Severely Obese
1528,40.2887110727,Male,1,aug_1dee84d2_img_1528.bmp,Severely Obese
1542,43.5743801653,Female,1,aug_2bcb0842_img_1542.bmp,Severely Obese
1550,42.9077148438,Female,1,aug_3afd0644_img_1550.bmp,Severely Obese
1558,44.6240234375,Female,1,aug_20c32876_img_1558.bmp,Severely Obese
1564,40.2341311134,Female,1,aug_83312773_img_1564.bmp,Severely Obese
1566,40.8481445312,Female,1,aug_7b4be8f8_img_1566.bmp,Severely Obese
1586,69.7282285261,Male,1,aug_9338e1e3_img_1586.bmp,Severely Obese
1587,56.200952192,Male,1,aug_72766194_img_1587.bmp,Severely Obese
1594,49.3250126497,Male,1,aug_537e5574_img_1594.bmp,Severely Obese
1606,41.606122449,Male,1,aug_522f9eb4_img_1606.bmp,Severely Obese
1614,40.1714285714,Male,1,aug_4d7b4af1_img_1614.bmp,Severely Obese
1636,51.9763557891,Male,1,aug_7de479d0_img_1636.bmp,Severely Obese
1640,40.6059651334,Male,1,aug_2d9f319d_img_1640.bmp,Severely Obese
1642,44.0731095679,Male,1,aug_146d5e11_img_1642.bmp,Severely Obese
1644,41.19140625,Female,1,aug_73336ecc_img_1644.bmp,Severely Obese
1646,41.19140625,Female,1,aug_f77d27b9_img_1646.bmp,Severely Obese
1648,59.6873636183,Male,1,aug_0cd28c24_img_1648.bmp,Severely Obese
1649,47.9730212259,Male,1,aug_242b3c95_img_1649.bmp,Severely Obese
1654,44.7511574074,Male,1,aug_07f555c5_img_1654.bmp,Severely Obese
1664,47.2505776097,Male,1,aug_63f5cc84_img_1664.bmp,Severely Obese
1672,54.1237024221,Female,1,aug_b05331ff_img_1672.bmp,Severely Obese
1674,57.427843524,Male,1,aug_7c4c700a_img_1674.bmp,Severely Obese
1684,48.7271581601,Male,1,aug_708a1b82_img_1684.bmp,Severely Obese
1686,42.0629552549,Female,1,aug_24d98867_img_1686.bmp,Severely Obese
1688,42.3648648649,Male,1,aug_50fcee43_img_1688.bmp,Severely Obese
1696,40.8607419163,Male,1,aug_09394508_img_1696.bmp,Severely Obese
1706,44.7040863177,Female,1,aug_547540c4_img_1706.bmp,Severely Obese
1714,50.9743652344,Female,1,aug_f1cccf05_img_1714.bmp,Severely Obese
1730,43.0408163265,Male,1,aug_8e2103a2_img_1730.bmp,Severely Obese
1732,49.2927631579,Male,1,aug_e35fbfa9_img_1732.bmp,Severely Obese
1738,43.8494096681,Female,1,aug_f2ec4f06_img_1738.bmp,Severely Obese
1748,52.3355263158,Male,1,aug_d4bd2c0e_img_1748.bmp,Severely Obese
1749,43.6940789474,Male,1,aug_aa10c0d1_img_1749.bmp,Severely Obese
1754,44.1497584541,Female,1,aug_fa6fd512_img_1754.bmp,Severely Obese
1774,46.4934210526,Male,1,aug_3abbbb72_img_1774.bmp,Severely Obese
1776,41.0488754325,Male,1,aug_e2be0f2a_img_1776.bmp,Severely Obese
1784,41.5346679688,Female,1,aug_c86d27cd_img_1784.bmp,Severely Obese
1798,43.5743801653,Female,1,aug_4d5a2169_img_1798.bmp,Severely Obese
1800,50.4832374529,Male,1,aug_ce223d8c_img_1800.bmp,Severely Obese
1804,43.8917793965,Female,1,aug_cc4a60ef_img_1804.bmp,Severely Obese
1808,44.3813131313,Female,1,aug_8b1d8bbc_img_1808.bmp,Severely Obese
1818,59.874426079,Female,1,aug_8acd5450_img_1818.bmp,Severely Obese
1819,48.7387511478,Female,1,aug_4d755902_img_1819.bmp,Severely Obese
1828,40.7382212144,Female,1,aug_3dd822a7_img_1828.bmp,Severely Obese
1832,43.5260145682,Female,1,aug_4e876394_img_1832.bmp,Severely Obese
1844,41.7872295736,Male,1,aug_e54b7222_img_1844.bmp,Severely Obese
1858,62.2635135135,Male,1,aug_be2c9768_img_1858.bmp,Severely Obese
1876,58.9061065197,Male,1,aug_60ed74f8_img_1876.bmp,Severely Obese
1882,41.5547006943,Male,1,aug_4928b53e_img_1882.bmp,Severely Obese
1896,40.3106490233,Male,1,aug_8f7df6b0_img_1896.bmp,Severely Obese
1906,45.9102040816,Male,1,aug_7e7745e7_img_1906.bmp,Severely Obese
1930,40.0908888394,Female,1,aug_c9c8488d_img_1930.bmp,Severely Obese
1934,40.2341311134,Female,1,aug_2803050d_img_1934.bmp,Severely Obese
1936,40.2760416667,Male,1,aug_1703d2b6_img_1936.bmp,Severely Obese
1944,43.8018904321,Male,1,aug_cff7473c_img_1944.bmp,Severely Obese
1946,46.8666666667,Male,1,aug_fc0330a2_img_1946.bmp,Severely Obese
1947,41.2426666667,Male,1,aug_4fc6bdd5_img_1947.bmp,Severely Obese
1950,52.4809027778,Male,1,aug_9f38e904_img_1950.bmp,Severely Obese
1956,41.722972973,Male,1,aug_82b2df43_img_1956.bmp,Severely Obese
1974,41.4185677445,Female,1,aug_8da48335_img_1974.bmp,Severely Obese
1978,45.8864901332,Male,1,aug_f4319cb4_img_1978.bmp,Severely Obese
1988,41.8090397924,Female,1,aug_51989390_img_1988.bmp,Severely Obese
1992,55.3717706364,Male,1,aug_8e762af8_img_1992.bmp,Severely Obese
1993,45.0357067843,Male,1,aug_7c8680d1_img_1993.bmp,Severely Obese
1996,42.9611111111,Female,1,aug_b912db82_img_1996.bmp,Severely Obese
2008,53.5526315789,Male,1,aug_fd68cd43_img_2008.bmp,Severely Obese
2009,40.8947368421,Male,1,aug_9494b7bf_img_2009.bmp,Severely Obese
2032,44.1497584541,Male,1,aug_24074210_img_2032.bmp,Severely Obese
2042,43.3950617284,Male,1,aug_292dae5c_img_2042.bmp,Severely Obese
2050,40.3106490233,Male,1,aug_c35c5819_img_2050.bmp,Severely Obese
2060,62.2635135135,Male,1,aug_d412023c_img_2060.bmp,Severely Obese
2064,58.3544921875,Female,1,aug_909effa7_img_2064.bmp,Severely Obese
2065,54.7502441406,Female,1,aug_de0959b1_img_2065.bmp,Severely Obese
2066,41.5032894737,Male,1,aug_2ef3ab50_img_2066.bmp,Severely Obese
2068,42.0389660494,Male,1,aug_43f48d4f_img_2068.bmp,Severely Obese
2074,42.9077148438,Female,1,aug_271cdb7f_img_2074.bmp,Severely Obese
2094,53.1368102797,Female,1,aug_d1bc1a73_img_2094.bmp,Severely Obese
2102,40.8607419163,Male,1,aug_688e53a6_img_2102.bmp,Severely Obese
2114,49.9273469388,Male,1,aug_20e1f910_img_2114.bmp,Severely Obese
2116,43.0067567568,Male,1,aug_109a1855_img_2116.bmp,Severely Obese
2120,51.4892578125,Female,1,aug_e7a56e98_img_2120.bmp,Severely Obese
2121,45.8254394531,Female,1,aug_3a8a7f0b_img_2121.bmp,Severely Obese
2122,50.6269463668,Female,1,aug_4b89167a_img_2122.bmp,Severely Obese
2126,57.3163927336,Female,1,aug_350d3e80_img_2126.bmp,Severely Obese
2132,73.8750234566,Male,1,aug_454d9fbb_img_2132.bmp,Severely Obese
2133,58.176580972,Male,1,aug_bf035840_img_2133.bmp,Severely Obese
2154,41.1965973535,Male,1,aug_e8294432_img_2154.bmp,Severely Obese
2156,81.2119302668,Male,1,aug_229d3e8d_img_2156.bmp,Severely Obese
2157,42.0825456837,Male,1,aug_c1b0e88c_img_2157.bmp,Severely Obese
2162,57.3247070312,Female,1,aug_d344e684_img_2162.bmp,Severely Obese
2164,50.1136110492,Female,1,aug_2c08ceb0_img_2164.bmp,Severely Obese
2166,53.559392006,Male,1,aug_199f806d_img_2166.bmp,Severely Obese
2168,43.9016326531,Female,1,aug_7448c0c3_img_2168.bmp,Severely Obese
2172,43.3950617284,Male,1,aug_1ad7c65f_img_2172.bmp,Severely Obese
2176,43.2615384615,Female,1,aug_7582bcc7_img_2176.bmp,Severely Obese
2186,42.3234693878,Male,1,aug_a952e442_img_2186.bmp,Severely Obese
2190,45.4797959184,Female,1,aug_71bafa4a_img_2190.bmp,Severely Obese
2192,40.8607419163,Male,1,aug_2f17e751_img_2192.bmp,Severely Obese
2194,46.0206308272,Male,1,aug_3c8d5d9f_img_2194.bmp,Severely Obese
2200,58.5833333333,Male,1,aug_d5f47a7d_img_2200.bmp,Severely Obese
2201,40.6177777778,Male,1,aug_4ce37ef4_img_2201.bmp,Severely Obese
2208,44.3980112873,Female,1,aug_83eca1f6_img_2208.bmp,Severely Obese
2216,44.3671111111,Male,1,aug_808fdd07_img_2216.bmp,Severely Obese
2218,40.0048225309,Male,1,aug_f8b49ddf_img_2218.bmp,Severely Obese
2240,47.1984863281,Female,1,aug_edf7674f_img_2240.bmp,Severely Obese
2254,42.3234693878,Male,1,aug_15639db2_img_2254.bmp,Severely Obese
2264,43.0408163265,Male,1,aug_cb2d898c_img_2264.bmp,Severely Obese
2270,41.606122449,Male,1,aug_84320eee_img_2270.bmp,Severely Obese
2272,52.3474121094,Female,1,aug_4f981adc_img_2272.bmp,Severely Obese
2300,42.7944849116,Female,1,aug_642572c6_img_2300.bmp,Severely Obese
2304,41.0305190466,Male,1,aug_0968ba83_img_2304.bmp,Severely Obese
2336,46.5893491124,Female,1,aug_0a44f5b6_img_2336.bmp,Severely Obese
2344,41.0305190466,Female,1,aug_c0848f17_img_2344.bmp,Severely Obese
2356,53.8951900861,Male,1,aug_81f66f45_img_2356.bmp,Severely Obese
2362,44.0021003991,Male,1,aug_d0dcfdc1_img_2362.bmp,Severely Obese
2364,55.8711419753,Male,1,aug_fe553a01_img_2364.bmp,Severely Obese
2378,41.8043665613,Female,1,aug_2c474a11_img_2378.bmp,Severely Obese
2382,45.8310810811,Male,1,aug_4caa51b1_img_2382.bmp,Severely Obese
2388,40.163459631,Male,1,aug_8d916152_img_2388.bmp,Severely Obese
2390,46.1718896603,Male,1,aug_7516d651_img_2390.bmp,Severely Obese
2394,42.2832874197,Female,1,aug_786d31cb_img_2394.bmp,Severely Obese
2406,59.1967030519,Female,1,aug_18477240_img_2406.bmp,Severely Obese
2407,51.2098462909,Female,1,aug_56c7cd4e_img_2407.bmp,Severely Obese
2408,48.9147949219,Female,1,aug_354d032c_img_2408.bmp,Severely Obese
2428,55.5947872577,Female,1,aug_a4ad6e74_img_2428.bmp,Severely Obese
2429,43.8494096681,Female,1,aug_5edc2af8_img_2429.bmp,Severely Obese
2430,51.4892578125,Female,1,aug_24560e1d_img_2430.bmp,Severely Obese
2434,42.0389660494,Male,1,aug_47e5acd6_img_2434.bmp,Severely Obese
2436,57.6069444444,Male,1,aug_ae106f72_img_2436.bmp,Severely Obese
2438,45.4797959184,Female,1,aug_ecb48b7e_img_2438.bmp,Severely Obese
2448,43.2315016862,Male,1,aug_b79f5ce3_img_2448.bmp,Severely Obese
2450,48.8102833552,Male,1,aug_2979a3e1_img_2450.bmp,Severely Obese
2456,43.8494096681,Female,1,aug_896332a3_img_2456.bmp,Severely Obese
2458,43.9016326531,Female,1,aug_794da473_img_2458.bmp,Severely Obese
2470,44.4243421053,Male,1,aug_ee994d82_img_2470.bmp,Severely Obese
2480,53.8010204082,Male,1,aug_dcfc0511_img_2480.bmp,Severely Obese
2482,42.5692041522,Male,1,aug_9395da96_img_2482.bmp,Severely Obese
2488,41.032244898,Male,1,aug_d9c59b78_img_2488.bmp,Severely Obese
2492,45.9034859521,Female,1,aug_4033f479_img_2492.bmp,Severely Obese
2502,41.0488754325,Female,1,aug_ddfff75c_img_2502.bmp,Severely Obese
2504,46.3179522498,Female,1,aug_cc8831e1_img_2504.bmp,Severely Obese
2506,46.9815103587,Female,1,aug_9a846d41_img_2506.bmp,Severely Obese
2510,48.093204775,Female,1,aug_78847e96_img_2510.bmp,Severely Obese
2528,42.0968047337,Female,1,aug_c4cc66f7_img_2528.bmp,Severely Obese
2530,61.6496786042,Female,1,aug_e6ee3808_img_2530.bmp,Severely Obese
2538,41.3191836735,Female,1,aug_3dc53ae5_img_2538.bmp,Severely Obese
2552,66.203433923,Female,1,aug_54cc1ead_img_2552.bmp,Severely Obese
2553,54.8647242456,Female,1,aug_088fe5b0_img_2553.bmp,Severely Obese
2554,45.2936414235,Male,1,aug_d12ca008_img_2554.bmp,Severely Obese
2574,40.3106490233,Male,1,aug_eb90cab4_img_2574.bmp,Severely Obese
2588,49.3305858766,Female,1,aug_1c04b3b3_img_2588.bmp,Severely Obese
2598,40.3466483012,Female,1,aug_bc3b6971_img_2598.bmp,Severely Obese
2606,48.056640625,Female,1,aug_eb79aadc_img_2606.bmp,Severely Obese
2612,41.186240258,Female,1,aug_b3b7248e_img_2612.bmp,Severely Obese
2618,43.5743801653,Female,1,aug_31d347aa_img_2618.bmp,Severely Obese
2662,49.9911111111,Male,1,aug_3362d876_img_2662.bmp,Severely Obese
2674,50.9743652344,Female,1,aug_de2dd534_img_2674.bmp,Severely Obese
2676,48.0868639053,Female,1,aug_2a257390_img_2676.bmp,Severely Obese
2682,42.1267542883,Female,1,aug_3ac76993_img_2682.bmp,Severely Obese
2690,44.7040863177,Female,1,aug_5caa7027_img_2690.bmp,Severely Obese
2694,43.2638101239,Male,1,aug_08c57ce3_img_2694.bmp,Severely Obese
2696,50.2878417969,Female,1,aug_c7fdcda2_img_2696.bmp,Severely Obese
2698,42.3101851852,Male,1,aug_15ee4b85_img_2698.bmp,Severely Obese
2706,42.7170138889,Male,1,aug_92233909_img_2706.bmp,Severely Obese
2708,44.7040863177,Female,1,aug_d3ed0dab_img_2708.bmp,Severely Obese
2720,43.1773356401,Male,1,aug_9a0a877b_img_2720.bmp,Severely Obese
2728,43.9287839714,Male,1,aug_8c630da5_img_2728.bmp,Severely Obese
2736,45.1389160156,Female,1,aug_2cfc6c74_img_2736.bmp,Severely Obese
2748,42.9287573964,Female,1,aug_9b7035c6_img_2748.bmp,Severely Obese
2749,40.9320710059,Female,1,aug_a6a571ee_img_2749.bmp,Severely Obese
2756,41.0810810811,Male,1,aug_83c19e3f_img_2756.bmp,Severely Obese
2762,41.0488754325,Male,1,aug_735814ea_img_2762.bmp,Severely Obese
2766,40.3106490233,Male,1,aug_e31840b7_img_2766.bmp,Severely Obese
2768,46.8581081081,Male,1,aug_76a845c4_img_2768.bmp,Severely Obese
2770,46.2995437413,Male,1,aug_03173175_img_2770.bmp,Severely Obese
2772,44.3192247717,Female,1,aug_225e356e_img_2772.bmp,Severely Obese
2778,42.0389660494,Male,1,aug_e9a96408_img_2778.bmp,Severely Obese
2782,42.4171712803,Male,1,aug_4016d287_img_2782.bmp,Severely Obese
2788,53.8010204082,Male,1,aug_be0af8b6_img_2788.bmp,Severely Obese
2806,56.1100609116,Male,1,aug_b45c417b_img_2806.bmp,Severely Obese
2807,45.9216551145,Male,1,aug_74b1527a_img_2807.bmp,Severely Obese
2828,40.8951022706,Male,1,aug_06ef7d22_img_2828.bmp,Severely Obese
2844,47.2505776097,Male,1,aug_8de59381_img_2844.bmp,Severely Obese
2848,48.1413966049,Male,1,aug_47f020a6_img_2848.bmp,Severely Obese
2850,53.2449704142,Female,1,aug_3a7bbc80_img_2850.bmp,Severely Obese
2852,43.2615384615,Male,1,aug_8dec05b4_img_2852.bmp,Severely Obese
2854,49.7147491349,Male,1,aug_fcee469b_img_2854.bmp,Severely Obese
2855,45.0017301038,Male,1,aug_1ed33250_img_2855.bmp,Severely Obese
2858,48.2702702703,Male,1,aug_40ef9b1b_img_2858.bmp,Severely Obese
2862,48.7087427564,Female,1,aug_a41f368f_img_2862.bmp,Severely Obese
2870,40.8951022706,Male,1,aug_93789a01_img_2870.bmp,Severely Obese
2878,46.2428626543,Male,1,aug_771d01a3_img_2878.bmp,Severely Obese
2880,44.3813131313,Female,1,aug_cf0f30fe_img_2880.bmp,Severely Obese
2882,51.4486770501,Male,1,aug_3d064dd5_img_2882.bmp,Severely Obese
2890,40.6828703704,Male,1,aug_38c253c2_img_2890.bmp,Severely Obese
2894,44.4636532299,Male,1,aug_fb9ae49c_img_2894.bmp,Severely Obese
2902,46.8666666667,Male,1,aug_d49b5d62_img_2902.bmp,Severely Obese
2904,56.4853076217,Female,1,aug_e06af818_img_2904.bmp,Severely Obese
2905,41.1535812672,Female,1,aug_d0184507_img_2905.bmp,Severely Obese
2910,44.9324324324,Male,1,aug_23020eb2_img_2910.bmp,Severely Obese
2916,43.0663844954,Female,1,aug_a041e8ef_img_2916.bmp,Severely Obese
2936,55.1249721542,Female,1,aug_4270aded_img_2936.bmp,Severely Obese
2940,51.8657777778,Male,1,aug_8e6fed11_img_2940.bmp,Severely Obese
2942,42.7170138889,Male,1,aug_6076a3c6_img_2942.bmp,Severely Obese
2948,43.0408163265,Male,1,aug_6b11c75c_img_2948.bmp,Severely Obese
2964,56.1100609116,Male,1,aug_0ebd317c_img_2964.bmp,Severely Obese
2965,44.1497584541,Male,1,aug_5755715b_img_2965.bmp,Severely Obese
2980,46.8249053241,Female,1,aug_38502673_img_2980.bmp,Severely Obese
2990,40.2341311134,Female,1,aug_ceb69aea_img_2990.bmp,Severely Obese
2998,45.3426498253,Female,1,aug_99b2dbb9_img_2998.bmp,Severely Obese
3004,40.1644736842,Female,1,aug_b8331505_img_3004.bmp,Severely Obese
3008,49.7687114198,Male,1,aug_19eb0876_img_3008.bmp,Severely Obese
3010,46.8021120294,Female,1,aug_cae74962_img_3010.bmp,Severely Obese
3012,46.3179522498,Male,1,aug_1f9d2bfe_img_3012.bmp,Severely Obese
3018,48.005787037,Male,1,aug_4116a3a6_img_3018.bmp,Severely Obese
3022,42.0825456837,Male,1,aug_99eb42df_img_3022.bmp,Severely Obese
3024,45.4797959184,Female,1,aug_97fe2176_img_3024.bmp,Severely Obese
3026,49.5611342352,Female,1,aug_727fa7fd_img_3026.bmp,Severely Obese
3027,43.8917793965,Female,1,aug_d1d49839_img_3027.bmp,Severely Obese
3032,47.1301903114,Male,1,aug_f1c7159a_img_3032.bmp,Severely Obese
3040,58.3544921875,Female,1,aug_4c03d74a_img_3040.bmp,Severely Obese
3041,47.8850097656,Female,1,aug_058ee398_img_3041.bmp,Severely Obese
3042,42.6865709247,Female,1,aug_cf95344e_img_3042.bmp,Severely Obese
3046,45.1928571429,Male,1,aug_2f058b4d_img_3046.bmp,Severely Obese
3052,40.4328994083,Female,1,aug_08ee022e_img_3052.bmp,Severely Obese
3054,41.3191836735,Female,1,aug_f0cdec24_img_3054.bmp,Severely Obese
3060,45.2588549788,Female,1,aug_283cd2fb_img_3060.bmp,Severely Obese
3066,45.6442109214,Male,1,aug_2ace1c41_img_3066.bmp,Severely Obese
3068,46.8249053241,Female,1,aug_40af659d_img_3068.bmp,Severely Obese
3072,49.2229109275,Male,1,aug_14f21d53_img_3072.bmp,Severely Obese
3074,43.9016326531,Female,1,aug_49fc74db_img_3074.bmp,Severely Obese
3088,45.3310228943,Female,1,aug_d0838267_img_3088.bmp,Severely Obese
3092,43.2615384615,Male,1,aug_457dce55_img_3092.bmp,Severely Obese
3094,42.0825456837,Male,1,aug_f3ae0aaf_img_3094.bmp,Severely Obese
3104,40.3466483012,Female,1,aug_a0ac6fd5_img_3104.bmp,Severely Obese
3106,42.6100581723,Male,1,aug_e114d149_img_3106.bmp,Severely Obese
3112,47.2505776097,Male,1,aug_e09bdf6e_img_3112.bmp,Severely Obese
3113,40.6059651334,Male,1,aug_83844c86_img_3113.bmp,Severely Obese
3116,41.7062988281,Female,1,aug_ef267795_img_3116.bmp,Severely Obese
3118,40.4993432164,Male,1,aug_69c709f2_img_3118.bmp,Severely Obese
3122,42.5255198488,Female,1,aug_a4515f03_img_3122.bmp,Severely Obese
3124,46.8249053241,Female,1,aug_df4dfe2b_img_3124.bmp,Severely Obese
3126,40.8308080808,Female,1,aug_46de62f9_img_3126.bmp,Severely Obese
3128,43.8494096681,Female,1,aug_8ca72cd4_img_3128.bmp,Severely Obese
3134,44.3671111111,Male,1,aug_10dc7b35_img_3134.bmp,Severely Obese
3142,48.4159779614,Female,1,aug_eda1be8f_img_3142.bmp,Severely Obese
3150,49.4052777778,Female,1,aug_0f9284ca_img_3150.bmp,Severely Obese
3151,45.3044444444,Female,1,aug_cb437e55_img_3151.bmp,Severely Obese
3164,43.0663844954,Female,1,aug_ba2aa6e9_img_3164.bmp,Severely Obese
3166,53.5155709343,Female,1,aug_ac36727d_img_3166.bmp,Severely Obese
3174,51.9952422145,Male,1,aug_2d610ddb_img_3174.bmp,Severely Obese
3194,45.4154600134,Female,1,aug_c57c457d_img_3194.bmp,Severely Obese
3200,43.1773356401,Male,1,aug_49223e64_img_3200.bmp,Severely Obese
3206,43.7607100592,Female,1,aug_95038c7a_img_3206.bmp,Severely Obese
3214,40.8308080808,Male,1,aug_e5e8c4f3_img_3214.bmp,Severely Obese
3216,51.1184210526,Male,1,aug_3f2370b6_img_3216.bmp,Severely Obese
3224,46.0693131695,Male,1,aug_d00eb874_img_3224.bmp,Severely Obese
3230,49.9171597633,Female,1,aug_65c1c0dd_img_3230.bmp,Severely Obese
3242,50.0298438935,Female,1,aug_316a0d09_img_3242.bmp,Severely Obese
3250,41.0896990741,Male,1,aug_25d45f2e_img_3250.bmp,Severely Obese
3252,45.6098615917,Male,1,aug_51c47c86_img_3252.bmp,Severely Obese
3256,46.6407254362,Male,1,aug_4b2458b6_img_3256.bmp,Severely Obese
3258,49.9171597633,Female,1,aug_93046fcf_img_3258.bmp,Severely Obese
3262,58.5717119619,Male,1,aug_c9ca1a5e_img_3262.bmp,Severely Obese
3270,57.9438627757,Female,1,aug_4d6f718e_img_3270.bmp,Severely Obese
3271,46.8249053241,Female,1,aug_9f3626ef_img_3271.bmp,Severely Obese
3280,51.3664513255,Male,1,aug_9342dcae_img_3280.bmp,Severely Obese
3281,43.536199599,Male,1,aug_ccfa5595_img_3281.bmp,Severely Obese
3282,46.8249053241,Female,1,aug_47bced1f_img_3282.bmp,Severely Obese
3286,40.6059651334,Male,1,aug_682ad10a_img_3286.bmp,Severely Obese
3288,44.2199265381,Female,1,aug_83d60d8e_img_3288.bmp,Severely Obese
3290,43.9375,Female,1,aug_87f52cff_img_3290.bmp,Severely Obese
3294,48.7837837838,Male,1,aug_08bfae58_img_3294.bmp,Severely Obese
3300,49.9911111111,Male,1,aug_b3e92b8a_img_3300.bmp,Severely Obese
3322,42.0825456837,Male,1,aug_9dec6317_img_3322.bmp,Severely Obese
3324,42.6100581723,Male,1,aug_bc16f022_img_3324.bmp,Severely Obese
3350,41.186240258,Female,1,aug_7651ae2b_img_3350.bmp,Severely Obese
3378,60.0968283974,Male,1,aug_89716f34_img_3378.bmp,Severely Obese
3386,41.19140625,Female,1,aug_79875435_img_3386.bmp,Severely Obese
3390,41.19140625,Female,1,aug_e258ab9e_img_3390.bmp,Severely Obese
3392,40.1644736842,Male,1,aug_0ce21ac9_img_3392.bmp,Severely Obese
3402,44.7511574074,Male,1,aug_3e7b87fd_img_3402.bmp,Severely Obese
3406,45.4578287197,Male,1,aug_cab2e1d0_img_3406.bmp,Severely Obese
3414,59.1824324324,Male,1,aug_fb373b17_img_3414.bmp,Severely Obese
3418,48.5475607039,Male,1,aug_5f4785f9_img_3418.bmp,Severely Obese
3420,41.0083333333,Male,1,aug_2e5857c3_img_3420.bmp,Severely Obese
3428,45.3669333333,Male,1,aug_97a17cf1_img_3428.bmp,Severely Obese
3440,41.9605142332,Female,1,aug_16b2d880_img_3440.bmp,Severely Obese
3442,41.606122449,Male,1,aug_b39f85e3_img_3442.bmp,Severely Obese
3448,45.6098615917,Female,1,aug_5c1370d2_img_3448.bmp,Severely Obese
3456,44.1930943892,Male,1,aug_ab13325d_img_3456.bmp,Severely Obese
3464,42.6100581723,Male,1,aug_45c0b2ec_img_3464.bmp,Severely Obese
3472,43.9304598622,Male,1,aug_e09952cb_img_3472.bmp,Severely Obese
3474,42.9923555556,Male,1,aug_03c5e493_img_3474.bmp,Severely Obese
3476,64.8923076923,Female,1,aug_764f7b52_img_3476.bmp,Severely Obese
3477,44.0934911243,Female,1,aug_eb4232bb_img_3477.bmp,Severely Obese
3482,41.2426666667,Male,1,aug_5891e817_img_3482.bmp,Severely Obese
3484,48.7795918367,Male,1,aug_330340b2_img_3484.bmp,Severely Obese
3485,41.606122449,Male,1,aug_d4e340af_img_3485.bmp,Severely Obese
3486,41.3149678604,Female,1,aug_b9b6bd89_img_3486.bmp,Severely Obese
3490,50.5012244898,Male,1,aug_f085365e_img_3490.bmp,Severely Obese
3492,53.0339355469,Female,1,aug_64129d8e_img_3492.bmp,Severely Obese
3500,54.2438271605,Male,1,aug_9cac5aca_img_3500.bmp,Severely Obese
3501,40.6828703704,Male,1,aug_45cd44d5_img_3501.bmp,Severely Obese
3502,41.3149678604,Female,1,aug_32bc26ef_img_3502.bmp,Severely Obese
3506,44.6260662567,Male,1,aug_e2cd2757_img_3506.bmp,Severely Obese
3514,43.6486486486,Male,1,aug_096466e5_img_3514.bmp,Severely Obese
3528,53.2055664062,Female,1,aug_41334f7c_img_3528.bmp,Severely Obese
3538,40.6059651334,Male,1,aug_cecdda36_img_3538.bmp,Severely Obese
3544,45.4292052469,Male,1,aug_ddf353d9_img_3544.bmp,Severely Obese
3546,49.9911111111,Male,1,aug_e333601e_img_3546.bmp,Severely Obese
3550,57.4897777778,Male,1,aug_2ee3b56e_img_3550.bmp,Severely Obese
3551,51.8657777778,Male,1,aug_59ed08e8_img_3551.bmp,Severely Obese
3558,45.4154600134,Male,1,aug_82d55d0f_img_3558.bmp,Severely Obese
3566,40.3466483012,Male,1,aug_2f66371c_img_3566.bmp,Severely Obese
3580,45.4797959184,Female,1,aug_fd3759eb_img_3580.bmp,Severely Obese
3588,48.005787037,Male,1,aug_09026069_img_3588.bmp,Severely Obese
3589,43.9375,Male,1,aug_7c12feea_img_3589.bmp,Severely Obese
3598,44.0060147026,Female,1,aug_5e27bc12_img_3598.bmp,Severely Obese
3600,45.2588549788,Male,1,aug_3452502c_img_3600.bmp,Severely Obese
3602,43.0663844954,Female,1,aug_f9bb4a05_img_3602.bmp,Severely Obese
3606,40.2341311134,Female,1,aug_b6561cbc_img_3606.bmp,Severely Obese
3612,43.2315016862,Male,1,aug_7bdc16dc_img_3612.bmp,Severely Obese
3616,40.4391891892,Male,1,aug_dac8a0e2_img_3616.bmp,Severely Obese
3622,63.0936418685,Female,1,aug_3a35d8f3_img_3622.bmp,Severely Obese
3624,46.2162162162,Male,1,aug_89d7160f_img_3624.bmp,Severely Obese
3628,46.1718896603,Male,1,aug_d9a8c2b7_img_3628.bmp,Severely Obese
3638,56.6305555556,Male,1,aug_3663132f_img_3638.bmp,Severely Obese
3639,43.9375,Male,1,aug_d35469c1_img_3639.bmp,Severely Obese
3640,46.0659602076,Female,1,aug_bdd7bbe3_img_3640.bmp,Severely Obese
3644,42.9525887721,Male,1,aug_51d3ff40_img_3644.bmp,Severely Obese
3648,68.618441358,Male,1,aug_322ea4ab_img_3648.bmp,Severely Obese
3658,46.6407254362,Male,1,aug_ae6928b9_img_3658.bmp,Severely Obese
3664,45.7286700824,Male,1,aug_9009ed77_img_3664.bmp,Severely Obese
3666,49.7729492188,Female,1,aug_d54c7079_img_3666.bmp,Severely Obese
3667,40.6765136719,Female,1,aug_bbf7b3ab_img_3667.bmp,Severely Obese
3668,41.9605142332,Female,1,aug_f0d9ec9d_img_3668.bmp,Severely Obese
3672,41.3149678604,Male,1,aug_51463f8c_img_3672.bmp,Severely Obese
3678,52.7678738975,Male,1,aug_b8c72024_img_3678.bmp,Severely Obese
3679,44.7207731282,Male,1,aug_8cfb97f2_img_3679.bmp,Severely Obese
3686,50.853587963,Male,1,aug_434e4f62_img_3686.bmp,Severely Obese
3692,45.4578287197,Male,1,aug_a97b0572_img_3692.bmp,Severely Obese
3696,46.5119628906,Female,1,aug_fdee3608_img_3696.bmp,Severely Obese
3700,48.2770061728,Male,1,aug_4331a7f6_img_3700.bmp,Severely Obese
3704,48.7795918367,Male,1,aug_4b34d915_img_3704.bmp,Severely Obese
3710,41.5547006943,Male,1,aug_b17ab31b_img_3710.bmp,Severely Obese
3712,40.4328994083,Female,1,aug_499fff77_img_3712.bmp,Severely Obese
3718,43.9287839714,Male,1,aug_3684e2fe_img_3718.bmp,Severely Obese
3724,40.3466483012,Male,1,aug_8b017ce4_img_3724.bmp,Severely Obese
3734,45.9970703125,Male,1,aug_36ad658d_img_3734.bmp,Severely Obese
3735,44.2807617188,Male,1,aug_c99e748e_img_3735.bmp,Severely Obese
3736,43.0408163265,Male,1,aug_20126078_img_3736.bmp,Severely Obese
3738,44.7655227137,Male,1,aug_95c4c5c0_img_3738.bmp,Severely Obese
3744,50.9743652344,Female,1,aug_6f08dc88_img_3744.bmp,Severely Obese
3760,46.5122873346,Female,1,aug_7c32e4d3_img_3760.bmp,Severely Obese
3761,40.6059651334,Female,1,aug_5ab3bbdd_img_3761.bmp,Severely Obese
3766,53.0836734694,Male,1,aug_0ae0a8d2_img_3766.bmp,Severely Obese
3768,53.0836734694,Male,1,aug_ec011b10_img_3768.bmp,Severely Obese
3769,43.0408163265,Male,1,aug_1f41c6e2_img_3769.bmp,Severely Obese
3782,45.6098615917,Male,1,aug_8937fc09_img_3782.bmp,Severely Obese
3800,42.8783783784,Male,1,aug_20b58fd6_img_3800.bmp,Severely Obese
3804,42.8208359588,Female,1,aug_bb708a33_img_3804.bmp,Severely Obese
3806,40.3466483012,Male,1,aug_6915e7d8_img_3806.bmp,Severely Obese
3810,41.1535812672,Female,1,aug_1347942f_img_3810.bmp,Severely Obese
3814,40.8308080808,Female,1,aug_57505ff0_img_3814.bmp,Severely Obese
3818,45.4578287197,Female,1,aug_b21ccab1_img_3818.bmp,Severely Obese
3822,40.4423725451,Male,1,aug_0d950c24_img_3822.bmp,Severely Obese
3824,52.3663265306,Male,1,aug_c991810b_img_3824.bmp,Severely Obese
3836,50.2142857143,Male,1,aug_ce87d366_img_3836.bmp,Severely Obese
3842,46.0693131695,Male,1,aug_d0c2ea41_img_3842.bmp,Severely Obese
3844,51.6796613945,Female,1,aug_faa485ed_img_3844.bmp,Severely Obese
3858,72.6043184183,Female,1,aug_93625da0_img_3858.bmp,Severely Obese
3859,47.000780437,Female,1,aug_f6a66c3d_img_3859.bmp,Severely Obese
3860,49.3379620942,Male,1,aug_4fea15c1_img_3860.bmp,Severely Obese
3862,42.7623668639,Female,1,aug_87ec4e67_img_3862.bmp,Severely Obese
3864,41.6238347191,Female,1,aug_172be74a_img_3864.bmp,Severely Obese
3866,44.2974165091,Female,1,aug_dd381fea_img_3866.bmp,Severely Obese
3868,40.4328994083,Female,1,aug_eb4f0e84_img_3868.bmp,Severely Obese
3872,46.1718896603,Male,1,aug_99a178b5_img_3872.bmp,Severely Obese
3873,40.2355038469,Male,1,aug_bb5841bf_img_3873.bmp,Severely Obese
3876,47.4633487654,Male,1,aug_97750bd6_img_3876.bmp,Severely Obese
3882,56.5491898148,Male,1,aug_b08f605e_img_3882.bmp,Severely Obese
3883,43.1238425926,Male,1,aug_9d655fd4_img_3883.bmp,Severely Obese
3884,45.6098615917,Male,1,aug_0ebf5885_img_3884.bmp,Severely Obese
3885,41.8090397924,Male,1,aug_e8f1e938_img_3885.bmp,Severely Obese
3894,42.9923555556,Male,1,aug_b9293055_img_3894.bmp,Severely Obese
3896,45.4786809494,Male,1,aug_a24b9222_img_3896.bmp,Severely Obese
3914,44.2199265381,Female,1,aug_c4820e08_img_3914.bmp,Severely Obese
3934,52.3060815326,Female,1,aug_97dc2f3f_img_3934.bmp,Severely Obese
3940,46.8249053241,Female,1,aug_69d66151_img_3940.bmp,Severely Obese
3944,45.6168888889,Male,1,aug_9c1a30b2_img_3944.bmp,Severely Obese
3946,44.7511574074,Male,1,aug_c8e198b1_img_3946.bmp,Severely Obese
3964,49.7607645453,Male,1,aug_9fa0e05a_img_3964.bmp,Severely Obese
3978,41.3815789474,Male,1,aug_7fe95676_img_3978.bmp,Severely Obese
3984,46.1718896603,Male,1,aug_e8336cbe_img_3984.bmp,Severely Obese
3986,48.5715332031,Female,1,aug_0a46f1c5_img_3986.bmp,Severely Obese
3988,40.7448096886,Male,1,aug_7cbcd625_img_3988.bmp,Severely Obese
3992,40.7656804734,Female,1,aug_ffbf8d17_img_3992.bmp,Severely Obese
3998,41.2426666667,Male,1,aug_8be468ee_img_3998.bmp,Severely Obese
4000,43.5743801653,Female,1,aug_a3602f87_img_4000.bmp,Severely Obese
4002,40.0297304107,Female,1,aug_0b73d20c_img_4002.bmp,Severely Obese
4006,48.8097599683,Male,1,aug_7e28b1fb_img_4006.bmp,Severely Obese
4008,84.9848888889,Male,1,aug_070f869d_img_4008.bmp,Severely Obese
4009,41.8675555556,Male,1,aug_56925a47_img_4009.bmp,Severely Obese
4010,41.3314255983,Female,1,aug_e161bd69_img_4010.bmp,Severely Obese
4020,46.2162162162,Male,1,aug_bf2d940c_img_4020.bmp,Severely Obese
4024,40.6018367347,Male,1,aug_d29ceb9c_img_4024.bmp,Severely Obese
4030,43.0408163265,Female,1,aug_62d0ebb2_img_4030.bmp,Severely Obese
4032,66.5562130178,Male,1,aug_058fea43_img_4032.bmp,Severely Obese
4033,42.4295857988,Male,1,aug_2c0f8de1_img_4033.bmp,Severely Obese
4038,40.4225,Female,1,aug_07364072_img_4038.bmp,Severely Obese
4040,61.6496786042,Female,1,aug_103e259b_img_4040.bmp,Severely Obese
4041,53.7417355372,Female,1,aug_772dc13d_img_4041.bmp,Severely Obese
4042,44.0201558721,Female,1,aug_6aa89164_img_4042.bmp,Severely Obese
4044,43.2615384615,Female,1,aug_9941214d_img_4044.bmp,Severely Obese
4050,48.1765654394,Female,1,aug_144a2906_img_4050.bmp,Severely Obese
4051,43.2644450417,Female,1,aug_4a468943_img_4051.bmp,Severely Obese
4054,53.5998739761,Female,1,aug_e883048d_img_4054.bmp,Severely Obese
4056,41.186240258,Female,1,aug_fd414433_img_4056.bmp,Severely Obese
4058,46.0693131695,Female,1,aug_397fafe6_img_4058.bmp,Severely Obese
4060,40.4328994083,Female,1,aug_20219c56_img_4060.bmp,Severely Obese
4064,60.1057329895,Male,1,aug_4ed4dc0b_img_4064.bmp,Severely Obese
4065,57.7349732196,Male,1,aug_62c95099_img_4065.bmp,Severely Obese
4070,44.2199265381,Female,1,aug_45c9c77e_img_4070.bmp,Severely Obese
4084,64.1899414062,Female,1,aug_ea79ffc8_img_4084.bmp,Severely Obese
4085,47.7133789062,Female,1,aug_cb0fcdd8_img_4085.bmp,Severely Obese
4090,44.1930943892,Male,1,aug_c7b78f0d_img_4090.bmp,Severely Obese
4096,41.1396548304,Male,1,aug_d3f624b6_img_4096.bmp,Severely Obese
4110,46.0693131695,Female,1,aug_f981a014_img_4110.bmp,Severely Obese
4112,42.8208359588,Male,1,aug_c4c6a28b_img_4112.bmp,Severely Obese
4124,57.387755102,Male,1,aug_e439d702_img_4124.bmp,Severely Obese
4136,42.8208359588,Male,1,aug_42bfabb6_img_4136.bmp,Severely Obese
4144,41.8675555556,Male,1,aug_d9d74fa5_img_4144.bmp,Severely Obese
4148,40.6194571352,Female,1,aug_ff7aa48b_img_4148.bmp,Severely Obese
4150,40.9320710059,Female,1,aug_4f5ad635_img_4150.bmp,Severely Obese
4156,46.6350156087,Female,1,aug_9896440e_img_4156.bmp,Severely Obese
4157,40.2341311134,Female,1,aug_04caa232_img_4157.bmp,Severely Obese
4162,48.1413966049,Male,1,aug_ad83afda_img_4162.bmp,Severely Obese
4163,40.9540895062,Male,1,aug_a36f0589_img_4163.bmp,Severely Obese
4172,40.6828703704,Male,1,aug_18d7571b_img_4172.bmp,Severely Obese
4178,49.9445800781,Female,1,aug_da4b9751_img_4178.bmp,Severely Obese
4179,40.8481445312,Female,1,aug_14db35b1_img_4179.bmp,Severely Obese
4180,85.9870605469,Female,1,aug_612d12a2_img_4180.bmp,Severely Obese
4181,72.0849609375,Female,1,aug_ebcdcd27_img_4181.bmp,Severely Obese
4184,44.3320408163,Male,1,aug_defa4a1f_img_4184.bmp,Severely Obese
4190,51.6911764706,Female,1,aug_85cad15b_img_4190.bmp,Severely Obese
4191,42.5692041522,Female,1,aug_55a8761f_img_4191.bmp,Severely Obese
4200,47.4671052632,Male,1,aug_ee1d60fc_img_4200.bmp,Severely Obese
4204,40.4928,Male,1,aug_c90b3e9b_img_4204.bmp,Severely Obese
12,41.3988888889,Male,1,aug_a91229ab_img_12.bmp,Severely Obese
18,41.2094594595,Male,1,aug_56e40f00_img_18.bmp,Severely Obese
22,41.8090397924,Male,1,aug_1c62ad29_img_22.bmp,Severely Obese
38,41.6866203791,Male,1,aug_019dc5ac_img_38.bmp,Severely Obese
42,43.5334959655,Male,1,aug_cd1fbd2e_img_42.bmp,Severely Obese
48,44.0731095679,Male,1,aug_9b73e123_img_48.bmp,Severely Obese
49,40.6828703704,Male,1,aug_d440f880_img_49.bmp,Severely Obese
66,51.4892578125,Female,1,aug_bc78c69e_img_66.bmp,Severely Obese
68,41.6866203791,Male,1,aug_44f77147_img_68.bmp,Severely Obese
72,41.9701492537,Male,1,aug_1b7a8927_img_72.bmp,Severely Obese
74,51.4892578125,Female,1,aug_cb76b68e_img_74.bmp,Severely Obese
82,46.25,Male,1,aug_8b09b3ae_img_82.bmp,Severely Obese
84,41.5003341501,Female,1,aug_3a626e97_img_84.bmp,Severely Obese
88,53.6907359651,Male,1,aug_b39fe66e_img_88.bmp,Severely Obese
90,49.7411555556,Male,1,aug_b0b9733d_img_90.bmp,Severely Obese
91,40.3678222222,Male,1,aug_f56daf21_img_91.bmp,Severely Obese
96,42.2631952663,Male,1,aug_6ae85c43_img_96.bmp,Severely Obese
104,42.2408267906,Male,1,aug_8947dce5_img_104.bmp,Severely Obese
128,43.2315016862,Male,1,aug_c99ff2c0_img_128.bmp,Severely Obese
134,47.0565200617,Male,1,aug_3b368620_img_134.bmp,Severely Obese
136,42.0825456837,Male,1,aug_cb240f19_img_136.bmp,Severely Obese
138,54.0287369125,Female,1,aug_8c9688ef_img_138.bmp,Severely Obese
139,46.5116952551,Female,1,aug_0970f38c_img_139.bmp,Severely Obese
142,43.3293685121,Female,1,aug_562051ef_img_142.bmp,Severely Obese
148,47.4633487654,Male,1,aug_d0b2694c_img_148.bmp,Severely Obese
154,59.4894222222,Male,1,aug_5e62b9ff_img_154.bmp,Severely Obese
234,47.2014285714,Female,1,aug_eb559977_img_234.bmp,Severely Obese
242,41.6238347191,Female,1,aug_802df8bf_img_242.bmp,Severely Obese
244,44.3471533426,Male,1,aug_7949130a_img_244.bmp,Severely Obese
252,43.3950617284,Male,1,aug_a6e82926_img_252.bmp,Severely Obese
254,44.7511574074,Male,1,aug_67f169b9_img_254.bmp,Severely Obese
256,42.0629552549,Male,1,aug_39944bce_img_256.bmp,Severely Obese
274,46.3700259516,Male,1,aug_aa2e191f_img_274.bmp,Severely Obese
280,48.8102833552,Male,1,aug_19ee2af5_img_280.bmp,Severely Obese
282,44.6240234375,Female,1,aug_bcf2a505_img_282.bmp,Severely Obese
296,40.7730263158,Male,1,aug_2c1bee46_img_296.bmp,Severely Obese
298,40.0540540541,Male,1,aug_361efdb2_img_298.bmp,Severely Obese
304,51.7125164196,Male,1,aug_bf45e95b_img_304.bmp,Severely Obese
310,51.4892578125,Female,1,aug_734af6a9_img_310.bmp,Severely Obese
316,44.6756756757,Male,1,aug_2cf61b41_img_316.bmp,Severely Obese
322,40.8243243243,Male,1,aug_48383b70_img_322.bmp,Severely Obese
326,43.7422222222,Male,1,aug_9295859c_img_326.bmp,Severely Obese
330,43.8917793965,Female,1,aug_442444fc_img_330.bmp,Severely Obese
336,42.0823794333,Male,1,aug_2bd0dbf2_img_336.bmp,Severely Obese
348,42.214299118,Male,1,aug_e6bbbf94_img_348.bmp,Severely Obese
350,43.8494096681,Female,1,aug_a8673dd1_img_350.bmp,Severely Obese
356,42.4924444444,Male,1,aug_3e817142_img_356.bmp,Severely Obese
358,47.2014285714,Female,1,aug_938769b8_img_358.bmp,Severely Obese
359,40.3148979592,Female,1,aug_d463aec5_img_359.bmp,Severely Obese
362,49.1701323251,Male,1,aug_94fa1963_img_362.bmp,Severely Obese
364,42.564453125,Female,1,aug_fa3a6429_img_364.bmp,Severely Obese
370,46.1168,Male,1,aug_2576b6fa_img_370.bmp,Severely Obese
371,41.4926222222,Male,1,aug_6b56edcc_img_371.bmp,Severely Obese
374,41.1757142857,Male,1,aug_d0050650_img_374.bmp,Severely Obese
376,40.1644736842,Male,1,aug_8044a886_img_376.bmp,Severely Obese
380,45.1891891892,Male,1,aug_087ad489_img_380.bmp,Severely Obese
382,52.7554065744,Female,1,aug_650be104_img_382.bmp,Severely Obese
390,45.8360339506,Male,1,aug_bc58f776_img_390.bmp,Severely Obese
400,43.8494096681,Female,1,aug_a2330d6e_img_400.bmp,Severely Obese
408,44.6976643599,Male,1,aug_c6cb6490_img_408.bmp,Severely Obese
410,40.1644736842,Male,1,aug_f242cf81_img_410.bmp,Severely Obese
414,55.9079973268,Female,1,aug_445ae085_img_414.bmp,Severely Obese
416,44.3320408163,Male,1,aug_92138c5c_img_416.bmp,Severely Obese
418,47.1381153932,Female,1,aug_16b8efb1_img_418.bmp,Severely Obese
419,40.873914012,Female,1,aug_1bea16b5_img_419.bmp,Severely Obese
432,44.7040863177,Female,1,aug_d5afc211_img_432.bmp,Severely Obese
434,61.7023533951,Male,1,aug_f30bfd14_img_434.bmp,Severely Obese
440,54.8714416896,Female,1,aug_4562f226_img_440.bmp,Severely Obese
444,50.1708477509,Female,1,aug_344711f9_img_444.bmp,Severely Obese
470,40.4116512346,Male,1,aug_34482979_img_470.bmp,Severely Obese
472,42.4924444444,Male,1,aug_166b3e66_img_472.bmp,Severely Obese
482,51.6911764706,Male,1,aug_48e084c8_img_482.bmp,Severely Obese
498,50.9891975309,Male,1,aug_c8880ce0_img_498.bmp,Severely Obese
504,44.089532872,Male,1,aug_a093c66f_img_504.bmp,Severely Obese
506,44.0731095679,Male,1,aug_3ae05a47_img_506.bmp,Severely Obese
536,44.7040863177,Female,1,aug_a2804772_img_536.bmp,Severely Obese
538,42.9525887721,Female,1,aug_db432d49_img_538.bmp,Severely Obese
544,57.387755102,Male,1,aug_d70e3091_img_544.bmp,Severely Obese
545,53.0836734694,Male,1,aug_f8655b9d_img_545.bmp,Severely Obese
554,51.5810650888,Female,1,aug_c71d6a1e_img_554.bmp,Severely Obese
560,40.3466483012,Female,1,aug_37e78f73_img_560.bmp,Severely Obese
580,41.8090397924,Female,1,aug_69bbe47f_img_580.bmp,Severely Obese
582,41.5547006943,Male,1,aug_39d4b923_img_582.bmp,Severely Obese
594,42.214299118,Male,1,aug_3dba3039_img_594.bmp,Severely Obese
606,40.3466483012,Female,1,aug_5d90970e_img_606.bmp,Severely Obese
612,40.2341311134,Male,1,aug_ae145e06_img_612.bmp,Severely Obese
616,48.860770773,Female,1,aug_62c17064_img_616.bmp,Severely Obese
620,68.2029024456,Female,1,aug_5073c7a2_img_620.bmp,Severely Obese
626,49.378251821,Female,1,aug_a0c6bb47_img_626.bmp,Severely Obese
638,41.722972973,Male,1,aug_f0d7e1df_img_638.bmp,Severely Obese
646,43.8494096681,Female,1,aug_4d61ee47_img_646.bmp,Severely Obese
648,41.7365491651,Male,1,aug_78786f30_img_648.bmp,Severely Obese
652,47.4633487654,Male,1,aug_4ac54795_img_652.bmp,Severely Obese
656,56.5269387755,Male,1,aug_127be72f_img_656.bmp,Severely Obese
658,48.5773645546,Female,1,aug_cc067f90_img_658.bmp,Severely Obese
660,47.5876923077,Female,1,aug_76d0c992_img_660.bmp,Severely Obese
672,40.3466483012,Female,1,aug_152734e3_img_672.bmp,Severely Obese
676,45.462804999,Male,1,aug_e09b28b6_img_676.bmp,Severely Obese
678,46.1565656566,Male,1,aug_2b1ce821_img_678.bmp,Severely Obese
688,60.5199724518,Male,1,aug_e726cb8b_img_688.bmp,Severely Obese
690,61.5644970414,Female,1,aug_160ec924_img_690.bmp,Severely Obese
691,46.5893491124,Female,1,aug_b2e44d00_img_691.bmp,Severely Obese
692,43.8494096681,Male,1,aug_e11d104e_img_692.bmp,Severely Obese
704,42.564453125,Female,1,aug_d1c495fd_img_704.bmp,Severely Obese
712,48.5475607039,Female,1,aug_cc5cc2eb_img_712.bmp,Severely Obese
716,47.8903546713,Male,1,aug_a3bb2abd_img_716.bmp,Severely Obese
738,43.5743801653,Female,1,aug_93e58c0b_img_738.bmp,Severely Obese
740,49.6131064902,Male,1,aug_d1929335_img_740.bmp,Severely Obese
756,44.7040863177,Female,1,aug_d6da9055_img_756.bmp,Severely Obese
766,52.4186095358,Female,1,aug_d8be6401_img_766.bmp,Severely Obese
767,45.7739970594,Female,1,aug_a240249c_img_767.bmp,Severely Obese
768,43.0663844954,Female,1,aug_6c385327_img_768.bmp,Severely Obese
769,40.2474938739,Female,1,aug_15b7abd0_img_769.bmp,Severely Obese
770,43.5743801653,Female,1,aug_afc90bc4_img_770.bmp,Severely Obese
772,41.19140625,Female,1,aug_6e6e9c16_img_772.bmp,Severely Obese
782,47.4633487654,Male,1,aug_9f59396a_img_782.bmp,Severely Obese
783,40.8184799383,Male,1,aug_690e699b_img_783.bmp,Severely Obese
788,40.2887110727,Female,1,aug_23ee280a_img_788.bmp,Severely Obese
792,42.5342194009,Male,1,aug_a5b4344d_img_792.bmp,Severely Obese
796,40.6828703704,Male,1,aug_53b4c1fc_img_796.bmp,Severely Obese
800,40.6828703704,Male,1,aug_c16b0967_img_800.bmp,Severely Obese
806,41.5547006943,Male,1,aug_ff5555bd_img_806.bmp,Severely Obese
808,42.4924444444,Male,1,aug_d59990de_img_808.bmp,Severely Obese
810,45.5743243243,Male,1,aug_d11c5278_img_810.bmp,Severely Obese
826,44.9890738814,Female,1,aug_e5fb6ed1_img_826.bmp,Severely Obese
834,40.1714285714,Male,1,aug_10d8e571_img_834.bmp,Severely Obese
287,17.7189666037,Female,1,aug_3434d5d5_img_287.bmp,Underweight
1491,17.7189666037,Female,1,aug_020e4767_img_1491.bmp,Underweight
1767,18.4572568788,Male,1,aug_911fb548_img_1767.bmp,Underweight
1825,18.1293394168,Male,1,aug_de7835ec_img_1825.bmp,Underweight
2491,18.3072916667,Female,1,aug_c006326f_img_2491.bmp,Underweight
2631,18.2439446367,Female,1,aug_924e3133_img_2631.bmp,Underweight
2655,17.7162162162,Female,1,aug_156c6617_img_2655.bmp,Underweight
287,17.7189666037,Female,1,aug_8af6c184_img_287.bmp,Underweight
1491,17.7189666037,Female,1,aug_9e51882f_img_1491.bmp,Underweight
1767,18.4572568788,Male,1,aug_be91a895_img_1767.bmp,Underweight
1825,18.1293394168,Male,1,aug_90377032_img_1825.bmp,Underweight
2491,18.3072916667,Female,1,aug_2cafcb01_img_2491.bmp,Underweight
2631,18.2439446367,Female,1,aug_d10190e1_img_2631.bmp,Underweight
2655,17.7162162162,Female,1,aug_a8f080ab_img_2655.bmp,Underweight
287,17.7189666037,Female,1,aug_a05bda19_img_287.bmp,Underweight
1491,17.7189666037,Female,1,aug_c93deca9_img_1491.bmp,Underweight
1767,18.4572568788,Male,1,aug_0b4f9baa_img_1767.bmp,Underweight
1825,18.1293394168,Male,1,aug_db5e62ac_img_1825.bmp,Underweight
2491,18.3072916667,Female,1,aug_a061ffbe_img_2491.bmp,Underweight
2631,18.2439446367,Female,1,aug_e369182f_img_2631.bmp,Underweight
2655,17.7162162162,Female,1,aug_69f65e91_img_2655.bmp,Underweight
287,17.7189666037,Female,1,aug_eb110123_img_287.bmp,Underweight
1491,17.7189666037,Female,1,aug_8bb32af3_img_1491.bmp,Underweight
1767,18.4572568788,Male,1,aug_6663c7b8_img_1767.bmp,Underweight
1825,18.1293394168,Male,1,aug_f89df668_img_1825.bmp,Underweight
2491,18.3072916667,Female,1,aug_d1615f8c_img_2491.bmp,Underweight
2631,18.2439446367,Female,1,aug_7634e87e_img_2631.bmp,Underweight
2655,17.7162162162,Female,1,aug_20f04fcc_img_2655.bmp,Underweight
287,17.7189666037,Female,1,aug_0d774b84_img_287.bmp,Underweight
1491,17.7189666037,Female,1,aug_09d33483_img_1491.bmp,Underweight
1767,18.4572568788,Male,1,aug_7599fb2b_img_1767.bmp,Underweight
1825,18.1293394168,Male,1,aug_7f1725e7_img_1825.bmp,Underweight
2491,18.3072916667,Female,1,aug_2479d2fe_img_2491.bmp,Underweight
2631,18.2439446367,Female,1,aug_49262bd7_img_2631.bmp,Underweight
2655,17.7162162162,Female,1,aug_fd2cbec5_img_2655.bmp,Underweight
287,17.7189666037,Female,1,aug_bd7288dd_img_287.bmp,Underweight
1491,17.7189666037,Female,1,aug_b10971a7_img_1491.bmp,Underweight
1767,18.4572568788,Male,1,aug_1288ce69_img_1767.bmp,Underweight
1825,18.1293394168,Male,1,aug_2ff087f9_img_1825.bmp,Underweight
2491,18.3072916667,Female,1,aug_c27f74a0_img_2491.bmp,Underweight
2631,18.2439446367,Female,1,aug_978ab026_img_2631.bmp,Underweight
2655,17.7162162162,Female,1,aug_a17c5d82_img_2655.bmp,Underweight
287,17.7189666037,Female,1,aug_b6da3b72_img_287.bmp,Underweight
1491,17.7189666037,Female,1,aug_ad13dc41_img_1491.bmp,Underweight
1767,18.4572568788,Male,1,aug_9088c3db_img_1767.bmp,Underweight
1825,18.1293394168,Male,1,aug_a4ee10df_img_1825.bmp,Underweight
2491,18.3072916667,Female,1,aug_7fdb6080_img_2491.bmp,Underweight
2631,18.2439446367,Female,1,aug_c3bb9444_img_2631.bmp,Underweight
2655,17.7162162162,Female,1,aug_23ffa20b_img_2655.bmp,Underweight
287,17.7189666037,Female,1,aug_8cd2879d_img_287.bmp,Underweight
1491,17.7189666037,Female,1,aug_b11e2558_img_1491.bmp,Underweight
1767,18.4572568788,Male,1,aug_003c329c_img_1767.bmp,Underweight
1825,18.1293394168,Male,1,aug_60539d6e_img_1825.bmp,Underweight
2491,18.3072916667,Female,1,aug_af9d557c_img_2491.bmp,Underweight
2631,18.2439446367,Female,1,aug_daba6c61_img_2631.bmp,Underweight
2655,17.7162162162,Female,1,aug_d5e463c0_img_2655.bmp,Underweight
287,17.7189666037,Female,1,aug_303b6761_img_287.bmp,Underweight
1491,17.7189666037,Female,1,aug_cddc9274_img_1491.bmp,Underweight
1767,18.4572568788,Male,1,aug_239a8a8c_img_1767.bmp,Underweight
1825,18.1293394168,Male,1,aug_e6652df8_img_1825.bmp,Underweight
2491,18.3072916667,Female,1,aug_f716c0d4_img_2491.bmp,Underweight
2631,18.2439446367,Female,1,aug_5f7b51dd_img_2631.bmp,Underweight
2655,17.7162162162,Female,1,aug_f14bb333_img_2655.bmp,Underweight
287,17.7189666037,Female,1,aug_57a27615_img_287.bmp,Underweight
1491,17.7189666037,Female,1,aug_73d6aa5f_img_1491.bmp,Underweight
1767,18.4572568788,Male,1,aug_36881e79_img_1767.bmp,Underweight
1825,18.1293394168,Male,1,aug_ba720151_img_1825.bmp,Underweight
2491,18.3072916667,Female,1,aug_1522c590_img_2491.bmp,Underweight
2631,18.2439446367,Female,1,aug_c7be226a_img_2631.bmp,Underweight
2655,17.7162162162,Female,1,aug_f930485d_img_2655.bmp,Underweight
287,17.7189666037,Female,1,aug_fe7ba2e8_img_287.bmp,Underweight
1491,17.7189666037,Female,1,aug_f964adcf_img_1491.bmp,Underweight
1767,18.4572568788,Male,1,aug_52f50cfd_img_1767.bmp,Underweight
1825,18.1293394168,Male,1,aug_214b36ce_img_1825.bmp,Underweight
2491,18.3072916667,Female,1,aug_014c7206_img_2491.bmp,Underweight
2631,18.2439446367,Female,1,aug_b49fc19d_img_2631.bmp,Underweight
2655,17.7162162162,Female,1,aug_ac726dc2_img_2655.bmp,Underweight
287,17.7189666037,Female,1,aug_ba469fe3_img_287.bmp,Underweight
1491,17.7189666037,Female,1,aug_7212737a_img_1491.bmp,Underweight
1767,18.4572568788,Male,1,aug_2ee998ae_img_1767.bmp,Underweight
1825,18.1293394168,Male,1,aug_f376b611_img_1825.bmp,Underweight
2491,18.3072916667,Female,1,aug_a02881c8_img_2491.bmp,Underweight
2631,18.2439446367,Female,1,aug_070b1073_img_2631.bmp,Underweight
2655,17.7162162162,Female,1,aug_add86079_img_2655.bmp,Underweight
287,17.7189666037,Female,1,aug_355b40d7_img_287.bmp,Underweight
1491,17.7189666037,Female,1,aug_12da059c_img_1491.bmp,Underweight
1767,18.4572568788,Male,1,aug_1938b49e_img_1767.bmp,Underweight
1825,18.1293394168,Male,1,aug_5bbf6997_img_1825.bmp,Underweight
2491,18.3072916667,Female,1,aug_78e2b6ab_img_2491.bmp,Underweight
2631,18.2439446367,Female,1,aug_5334cb52_img_2631.bmp,Underweight
2655,17.7162162162,Female,1,aug_7c09da1d_img_2655.bmp,Underweight
287,17.7189666037,Female,1,aug_a293443e_img_287.bmp,Underweight
1491,17.7189666037,Female,1,aug_20a7ad03_img_1491.bmp,Underweight
1767,18.4572568788,Male,1,aug_f0b8ca41_img_1767.bmp,Underweight
1825,18.1293394168,Male,1,aug_db277ebb_img_1825.bmp,Underweight
2491,18.3072916667,Female,1,aug_305220c0_img_2491.bmp,Underweight
2631,18.2439446367,Female,1,aug_f54a0e7a_img_2631.bmp,Underweight
2655,17.7162162162,Female,1,aug_2fe7b5e8_img_2655.bmp,Underweight
287,17.7189666037,Female,1,aug_69200d52_img_287.bmp,Underweight
1491,17.7189666037,Female,1,aug_fdd25233_img_1491.bmp,Underweight
1767,18.4572568788,Male,1,aug_cc5fff58_img_1767.bmp,Underweight
1825,18.1293394168,Male,1,aug_26aaf237_img_1825.bmp,Underweight
2491,18.3072916667,Female,1,aug_859a5b0b_img_2491.bmp,Underweight
2631,18.2439446367,Female,1,aug_fd6bc76e_img_2631.bmp,Underweight
2655,17.7162162162,Female,1,aug_e928c7c4_img_2655.bmp,Underweight
287,17.7189666037,Female,1,aug_f4a0ba18_img_287.bmp,Underweight
1491,17.7189666037,Female,1,aug_db0b5503_img_1491.bmp,Underweight
1767,18.4572568788,Male,1,aug_cb3fffea_img_1767.bmp,Underweight
1825,18.1293394168,Male,1,aug_e1c11583_img_1825.bmp,Underweight
2491,18.3072916667,Female,1,aug_731cab28_img_2491.bmp,Underweight
2631,18.2439446367,Female,1,aug_af69eb74_img_2631.bmp,Underweight
2655,17.7162162162,Female,1,aug_0b1220ea_img_2655.bmp,Underweight
287,17.7189666037,Female,1,aug_da7a35c9_img_287.bmp,Underweight
1491,17.7189666037,Female,1,aug_a4721de9_img_1491.bmp,Underweight
1767,18.4572568788,Male,1,aug_b4451571_img_1767.bmp,Underweight
1825,18.1293394168,Male,1,aug_fe4d7c76_img_1825.bmp,Underweight
2491,18.3072916667,Female,1,aug_a94f9330_img_2491.bmp,Underweight
2631,18.2439446367,Female,1,aug_d8259c7d_img_2631.bmp,Underweight
2655,17.7162162162,Female,1,aug_c1ff6cb4_img_2655.bmp,Underweight
287,17.7189666037,Female,1,aug_dc90f651_img_287.bmp,Underweight
1491,17.7189666037,Female,1,aug_262e8eb5_img_1491.bmp,Underweight
1767,18.4572568788,Male,1,aug_2c3ab2c4_img_1767.bmp,Underweight
1825,18.1293394168,Male,1,aug_76563db8_img_1825.bmp,Underweight
2491,18.3072916667,Female,1,aug_0071f07f_img_2491.bmp,Underweight
2631,18.2439446367,Female,1,aug_32fd3977_img_2631.bmp,Underweight
2655,17.7162162162,Female,1,aug_477bfc0d_img_2655.bmp,Underweight
287,17.7189666037,Female,1,aug_2af451bd_img_287.bmp,Underweight
1491,17.7189666037,Female,1,aug_7340f16e_img_1491.bmp,Underweight
1767,18.4572568788,Male,1,aug_99f21cc2_img_1767.bmp,Underweight
1825,18.1293394168,Male,1,aug_40f1ab21_img_1825.bmp,Underweight
2491,18.3072916667,Female,1,aug_4c472b0a_img_2491.bmp,Underweight
2631,18.2439446367,Female,1,aug_3d67b06d_img_2631.bmp,Underweight
2655,17.7162162162,Female,1,aug_dbaf29d4_img_2655.bmp,Underweight
287,17.7189666037,Female,1,aug_1978c2a9_img_287.bmp,Underweight
1491,17.7189666037,Female,1,aug_450fc6c7_img_1491.bmp,Underweight
1767,18.4572568788,Male,1,aug_678f2453_img_1767.bmp,Underweight
1825,18.1293394168,Male,1,aug_5f27544b_img_1825.bmp,Underweight
2491,18.3072916667,Female,1,aug_c03f5b38_img_2491.bmp,Underweight
2631,18.2439446367,Female,1,aug_5b3fdd78_img_2631.bmp,Underweight
2655,17.7162162162,Female,1,aug_6e4fc428_img_2655.bmp,Underweight
287,17.7189666037,Female,1,aug_09be162f_img_287.bmp,Underweight
1491,17.7189666037,Female,1,aug_1b9cb1e1_img_1491.bmp,Underweight
1767,18.4572568788,Male,1,aug_b5796efa_img_1767.bmp,Underweight
1825,18.1293394168,Male,1,aug_942c382c_img_1825.bmp,Underweight
2491,18.3072916667,Female,1,aug_d87c180c_img_2491.bmp,Underweight
2631,18.2439446367,Female,1,aug_c3f27d50_img_2631.bmp,Underweight
2655,17.7162162162,Female,1,aug_5ac4cc78_img_2655.bmp,Underweight
287,17.7189666037,Female,1,aug_a910e207_img_287.bmp,Underweight
1491,17.7189666037,Female,1,aug_dfaf4974_img_1491.bmp,Underweight
1767,18.4572568788,Male,1,aug_502f17b4_img_1767.bmp,Underweight
1825,18.1293394168,Male,1,aug_b827c9b1_img_1825.bmp,Underweight
2491,18.3072916667,Female,1,aug_a5023095_img_2491.bmp,Underweight
2631,18.2439446367,Female,1,aug_5d267626_img_2631.bmp,Underweight
2655,17.7162162162,Female,1,aug_ba64d507_img_2655.bmp,Underweight
287,17.7189666037,Female,1,aug_881a99ba_img_287.bmp,Underweight
1491,17.7189666037,Female,1,aug_86757c7e_img_1491.bmp,Underweight
1767,18.4572568788,Male,1,aug_2359fc85_img_1767.bmp,Underweight
1825,18.1293394168,Male,1,aug_83f22186_img_1825.bmp,Underweight
2491,18.3072916667,Female,1,aug_3b62d6b9_img_2491.bmp,Underweight
2631,18.2439446367,Female,1,aug_f500874f_img_2631.bmp,Underweight
2655,17.7162162162,Female,1,aug_7b4a0c41_img_2655.bmp,Underweight
287,17.7189666037,Female,1,aug_2d058926_img_287.bmp,Underweight
1491,17.7189666037,Female,1,aug_0f8fb9da_img_1491.bmp,Underweight
1767,18.4572568788,Male,1,aug_d6f273b0_img_1767.bmp,Underweight
1825,18.1293394168,Male,1,aug_68464a97_img_1825.bmp,Underweight
2491,18.3072916667,Female,1,aug_cd2c42b7_img_2491.bmp,Underweight
2631,18.2439446367,Female,1,aug_da256c70_img_2631.bmp,Underweight
2655,17.7162162162,Female,1,aug_7aa8f7c3_img_2655.bmp,Underweight
287,17.7189666037,Female,1,aug_3222d687_img_287.bmp,Underweight
1491,17.7189666037,Female,1,aug_a0f04742_img_1491.bmp,Underweight
1767,18.4572568788,Male,1,aug_b460a762_img_1767.bmp,Underweight
1825,18.1293394168,Male,1,aug_8f0104d9_img_1825.bmp,Underweight
2491,18.3072916667,Female,1,aug_412a28f2_img_2491.bmp,Underweight
2631,18.2439446367,Female,1,aug_6138ee3f_img_2631.bmp,Underweight
2655,17.7162162162,Female,1,aug_50e75837_img_2655.bmp,Underweight
287,17.7189666037,Female,1,aug_4a01ceb9_img_287.bmp,Underweight
1491,17.7189666037,Female,1,aug_a080acfb_img_1491.bmp,Underweight
1767,18.4572568788,Male,1,aug_eecbffec_img_1767.bmp,Underweight
1825,18.1293394168,Male,1,aug_cd107335_img_1825.bmp,Underweight
2491,18.3072916667,Female,1,aug_2bf841f3_img_2491.bmp,Underweight
2631,18.2439446367,Female,1,aug_7dfefd46_img_2631.bmp,Underweight
2655,17.7162162162,Female,1,aug_175047d4_img_2655.bmp,Underweight
287,17.7189666037,Female,1,aug_c4debd2b_img_287.bmp,Underweight
1491,17.7189666037,Female,1,aug_a5b17f33_img_1491.bmp,Underweight
1767,18.4572568788,Male,1,aug_d4df5074_img_1767.bmp,Underweight
1825,18.1293394168,Male,1,aug_d16cb991_img_1825.bmp,Underweight
2491,18.3072916667,Female,1,aug_155d14b6_img_2491.bmp,Underweight
2631,18.2439446367,Female,1,aug_f02c0f42_img_2631.bmp,Underweight
2655,17.7162162162,Female,1,aug_82078171_img_2655.bmp,Underweight
287,17.7189666037,Female,1,aug_9c17560a_img_287.bmp,Underweight
1491,17.7189666037,Female,1,aug_aa01ad68_img_1491.bmp,Underweight
1767,18.4572568788,Male,1,aug_634b42a3_img_1767.bmp,Underweight
1825,18.1293394168,Male,1,aug_8ba22fbb_img_1825.bmp,Underweight
2491,18.3072916667,Female,1,aug_0668748c_img_2491.bmp,Underweight
2631,18.2439446367,Female,1,aug_fa9693d4_img_2631.bmp,Underweight
2655,17.7162162162,Female,1,aug_fae802be_img_2655.bmp,Underweight
287,17.7189666037,Female,1,aug_6983d2ff_img_287.bmp,Underweight
1491,17.7189666037,Female,1,aug_89d96fde_img_1491.bmp,Underweight
1767,18.4572568788,Male,1,aug_782e1f0d_img_1767.bmp,Underweight
1825,18.1293394168,Male,1,aug_2605d0bb_img_1825.bmp,Underweight
2491,18.3072916667,Female,1,aug_2dda0eb6_img_2491.bmp,Underweight
2631,18.2439446367,Female,1,aug_edf1c376_img_2631.bmp,Underweight
2655,17.7162162162,Female,1,aug_8ebc84cb_img_2655.bmp,Underweight
287,17.7189666037,Female,1,aug_e1491824_img_287.bmp,Underweight
1491,17.7189666037,Female,1,aug_9ffe4ac7_img_1491.bmp,Underweight
1767,18.4572568788,Male,1,aug_6ca9f10b_img_1767.bmp,Underweight
1825,18.1293394168,Male,1,aug_bf2d20a3_img_1825.bmp,Underweight
2491,18.3072916667,Female,1,aug_93b141c0_img_2491.bmp,Underweight
2631,18.2439446367,Female,1,aug_eeca1e10_img_2631.bmp,Underweight
2655,17.7162162162,Female,1,aug_2b4130cc_img_2655.bmp,Underweight
287,17.7189666037,Female,1,aug_d92c0bc3_img_287.bmp,Underweight
1491,17.7189666037,Female,1,aug_ede8ccc0_img_1491.bmp,Underweight
1767,18.4572568788,Male,1,aug_79788ec1_img_1767.bmp,Underweight
1825,18.1293394168,Male,1,aug_61a495e7_img_1825.bmp,Underweight
2491,18.3072916667,Female,1,aug_06d7edbe_img_2491.bmp,Underweight
2631,18.2439446367,Female,1,aug_8580042e_img_2631.bmp,Underweight
2655,17.7162162162,Female,1,aug_ab74211b_img_2655.bmp,Underweight
287,17.7189666037,Female,1,aug_fdc7dfe8_img_287.bmp,Underweight
1491,17.7189666037,Female,1,aug_58ab3ddb_img_1491.bmp,Underweight
1767,18.4572568788,Male,1,aug_be4697ca_img_1767.bmp,Underweight
1825,18.1293394168,Male,1,aug_ee2df266_img_1825.bmp,Underweight
2491,18.3072916667,Female,1,aug_df95c83e_img_2491.bmp,Underweight
2631,18.2439446367,Female,1,aug_56a541c9_img_2631.bmp,Underweight
2655,17.7162162162,Female,1,aug_57185a82_img_2655.bmp,Underweight
287,17.7189666037,Female,1,aug_ac2f7348_img_287.bmp,Underweight
1491,17.7189666037,Female,1,aug_d65cc98d_img_1491.bmp,Underweight
1767,18.4572568788,Male,1,aug_02e1887a_img_1767.bmp,Underweight
1825,18.1293394168,Male,1,aug_bade12b0_img_1825.bmp,Underweight
2491,18.3072916667,Female,1,aug_bc483c60_img_2491.bmp,Underweight
2631,18.2439446367,Female,1,aug_cda62b8c_img_2631.bmp,Underweight
2655,17.7162162162,Female,1,aug_912900ee_img_2655.bmp,Underweight
287,17.7189666037,Female,1,aug_b1d11950_img_287.bmp,Underweight
1491,17.7189666037,Female,1,aug_addf77b3_img_1491.bmp,Underweight
1767,18.4572568788,Male,1,aug_8e9e6a62_img_1767.bmp,Underweight
1825,18.1293394168,Male,1,aug_d29579b5_img_1825.bmp,Underweight
2491,18.3072916667,Female,1,aug_335798fa_img_2491.bmp,Underweight
2631,18.2439446367,Female,1,aug_614d14f5_img_2631.bmp,Underweight
2655,17.7162162162,Female,1,aug_53a2b37f_img_2655.bmp,Underweight
287,17.7189666037,Female,1,aug_b8e8278d_img_287.bmp,Underweight
1491,17.7189666037,Female,1,aug_ee372f07_img_1491.bmp,Underweight
1767,18.4572568788,Male,1,aug_50506b38_img_1767.bmp,Underweight
1825,18.1293394168,Male,1,aug_dd027533_img_1825.bmp,Underweight
2491,18.3072916667,Female,1,aug_628537c4_img_2491.bmp,Underweight
2631,18.2439446367,Female,1,aug_875f0766_img_2631.bmp,Underweight
2655,17.7162162162,Female,1,aug_c65fbe7c_img_2655.bmp,Underweight
287,17.7189666037,Female,1,aug_50377829_img_287.bmp,Underweight
1491,17.7189666037,Female,1,aug_6155b8fa_img_1491.bmp,Underweight
1767,18.4572568788,Male,1,aug_d61ff6fa_img_1767.bmp,Underweight
1825,18.1293394168,Male,1,aug_b73c5e96_img_1825.bmp,Underweight
2491,18.3072916667,Female,1,aug_da0076df_img_2491.bmp,Underweight
2631,18.2439446367,Female,1,aug_9ba58b08_img_2631.bmp,Underweight
2655,17.7162162162,Female,1,aug_98eb452a_img_2655.bmp,Underweight
287,17.7189666037,Female,1,aug_af1ca5c8_img_287.bmp,Underweight
1491,17.7189666037,Female,1,aug_c6b7af1c_img_1491.bmp,Underweight
1767,18.4572568788,Male,1,aug_f3662215_img_1767.bmp,Underweight
1825,18.1293394168,Male,1,aug_14258688_img_1825.bmp,Underweight
2491,18.3072916667,Female,1,aug_7fd02778_img_2491.bmp,Underweight
2631,18.2439446367,Female,1,aug_cf7ba502_img_2631.bmp,Underweight
2655,17.7162162162,Female,1,aug_e78bcd69_img_2655.bmp,Underweight
287,17.7189666037,Female,1,aug_9196a1c3_img_287.bmp,Underweight
1491,17.7189666037,Female,1,aug_c9fe7c3b_img_1491.bmp,Underweight
1767,18.4572568788,Male,1,aug_faf7d1eb_img_1767.bmp,Underweight
1825,18.1293394168,Male,1,aug_e4a4a86b_img_1825.bmp,Underweight
2491,18.3072916667,Female,1,aug_6dce27c4_img_2491.bmp,Underweight
2631,18.2439446367,Female,1,aug_9720825c_img_2631.bmp,Underweight
2655,17.7162162162,Female,1,aug_2337095c_img_2655.bmp,Underweight
287,17.7189666037,Female,1,aug_8fd8850c_img_287.bmp,Underweight
1491,17.7189666037,Female,1,aug_f882ea9b_img_1491.bmp,Underweight
1767,18.4572568788,Male,1,aug_e5ead33d_img_1767.bmp,Underweight
1825,18.1293394168,Male,1,aug_bc55aa5f_img_1825.bmp,Underweight
2491,18.3072916667,Female,1,aug_352de19a_img_2491.bmp,Underweight
2631,18.2439446367,Female,1,aug_b0e88054_img_2631.bmp,Underweight
2655,17.7162162162,Female,1,aug_c0b44c5c_img_2655.bmp,Underweight
287,17.7189666037,Female,1,aug_4f1b3044_img_287.bmp,Underweight
1491,17.7189666037,Female,1,aug_5c5d4074_img_1491.bmp,Underweight
1767,18.4572568788,Male,1,aug_a3a31a6d_img_1767.bmp,Underweight
1825,18.1293394168,Male,1,aug_ce103b82_img_1825.bmp,Underweight
2491,18.3072916667,Female,1,aug_367cda32_img_2491.bmp,Underweight
2631,18.2439446367,Female,1,aug_bb69c09a_img_2631.bmp,Underweight
2655,17.7162162162,Female,1,aug_0244551e_img_2655.bmp,Underweight
287,17.7189666037,Female,1,aug_1c202008_img_287.bmp,Underweight
1491,17.7189666037,Female,1,aug_4ea0e314_img_1491.bmp,Underweight
1767,18.4572568788,Male,1,aug_ce56fef4_img_1767.bmp,Underweight
1825,18.1293394168,Male,1,aug_f74d5613_img_1825.bmp,Underweight
2491,18.3072916667,Female,1,aug_bc31d607_img_2491.bmp,Underweight
2631,18.2439446367,Female,1,aug_9aa7dd00_img_2631.bmp,Underweight
2655,17.7162162162,Female,1,aug_1126d940_img_2655.bmp,Underweight
287,17.7189666037,Female,1,aug_5240d4ed_img_287.bmp,Underweight
1491,17.7189666037,Female,1,aug_f0bf795b_img_1491.bmp,Underweight
1767,18.4572568788,Male,1,aug_b1784ec1_img_1767.bmp,Underweight
1825,18.1293394168,Male,1,aug_f7808e44_img_1825.bmp,Underweight
2491,18.3072916667,Female,1,aug_0f3f12d7_img_2491.bmp,Underweight
2631,18.2439446367,Female,1,aug_ee7badaa_img_2631.bmp,Underweight
2655,17.7162162162,Female,1,aug_dba3869b_img_2655.bmp,Underweight
287,17.7189666037,Female,1,aug_1179ca72_img_287.bmp,Underweight
1491,17.7189666037,Female,1,aug_be0bd7c5_img_1491.bmp,Underweight
1767,18.4572568788,Male,1,aug_6be32149_img_1767.bmp,Underweight
1825,18.1293394168,Male,1,aug_1128c8de_img_1825.bmp,Underweight
2491,18.3072916667,Female,1,aug_1ad1ecf3_img_2491.bmp,Underweight
2631,18.2439446367,Female,1,aug_6f6a7806_img_2631.bmp,Underweight
2655,17.7162162162,Female,1,aug_228bceda_img_2655.bmp,Underweight
287,17.7189666037,Female,1,aug_7a1ca4ab_img_287.bmp,Underweight
1491,17.7189666037,Female,1,aug_557f59dd_img_1491.bmp,Underweight
1767,18.4572568788,Male,1,aug_4fa37bac_img_1767.bmp,Underweight
1825,18.1293394168,Male,1,aug_4e4ae82c_img_1825.bmp,Underweight
2491,18.3072916667,Female,1,aug_775bb356_img_2491.bmp,Underweight
2631,18.2439446367,Female,1,aug_f4ac2dd5_img_2631.bmp,Underweight
2655,17.7162162162,Female,1,aug_0cc7f4a6_img_2655.bmp,Underweight
287,17.7189666037,Female,1,aug_d03ea32b_img_287.bmp,Underweight
1491,17.7189666037,Female,1,aug_846e9da1_img_1491.bmp,Underweight
1767,18.4572568788,Male,1,aug_58a84e4e_img_1767.bmp,Underweight
1825,18.1293394168,Male,1,aug_9f58b21d_img_1825.bmp,Underweight
2491,18.3072916667,Female,1,aug_7814a2a0_img_2491.bmp,Underweight
2631,18.2439446367,Female,1,aug_f603c7bf_img_2631.bmp,Underweight
2655,17.7162162162,Female,1,aug_2f87893b_img_2655.bmp,Underweight
287,17.7189666037,Female,1,aug_37a54ea8_img_287.bmp,Underweight
1491,17.7189666037,Female,1,aug_92aa057a_img_1491.bmp,Underweight
1767,18.4572568788,Male,1,aug_7a4e3666_img_1767.bmp,Underweight
1825,18.1293394168,Male,1,aug_9c52fc36_img_1825.bmp,Underweight
2491,18.3072916667,Female,1,aug_42b9db00_img_2491.bmp,Underweight
2631,18.2439446367,Female,1,aug_3d27d092_img_2631.bmp,Underweight
2655,17.7162162162,Female,1,aug_03aca2cc_img_2655.bmp,Underweight
287,17.7189666037,Female,1,aug_7c270bfc_img_287.bmp,Underweight
1491,17.7189666037,Female,1,aug_ea80bc8b_img_1491.bmp,Underweight
1767,18.4572568788,Male,1,aug_57ab7a85_img_1767.bmp,Underweight
1825,18.1293394168,Male,1,aug_590ba11e_img_1825.bmp,Underweight
2491,18.3072916667,Female,1,aug_146557a0_img_2491.bmp,Underweight
2631,18.2439446367,Female,1,aug_b44902ff_img_2631.bmp,Underweight
2655,17.7162162162,Female,1,aug_7fa29120_img_2655.bmp,Underweight
287,17.7189666037,Female,1,aug_27f4754f_img_287.bmp,Underweight
1491,17.7189666037,Female,1,aug_6324f2e8_img_1491.bmp,Underweight
1767,18.4572568788,Male,1,aug_8b9e88f3_img_1767.bmp,Underweight
1825,18.1293394168,Male,1,aug_3b920427_img_1825.bmp,Underweight
2491,18.3072916667,Female,1,aug_81d3e3c3_img_2491.bmp,Underweight
2631,18.2439446367,Female,1,aug_50c10ae9_img_2631.bmp,Underweight
2655,17.7162162162,Female,1,aug_343b1d86_img_2655.bmp,Underweight
287,17.7189666037,Female,1,aug_831d4872_img_287.bmp,Underweight
1491,17.7189666037,Female,1,aug_e945b096_img_1491.bmp,Underweight
1767,18.4572568788,Male,1,aug_fc92b870_img_1767.bmp,Underweight
1825,18.1293394168,Male,1,aug_d094d28f_img_1825.bmp,Underweight
2491,18.3072916667,Female,1,aug_952cacc1_img_2491.bmp,Underweight
2631,18.2439446367,Female,1,aug_b390d96d_img_2631.bmp,Underweight
2655,17.7162162162,Female,1,aug_237c5d58_img_2655.bmp,Underweight
287,17.7189666037,Female,1,aug_bac9af72_img_287.bmp,Underweight
1491,17.7189666037,Female,1,aug_96264697_img_1491.bmp,Underweight
1767,18.4572568788,Male,1,aug_02e819de_img_1767.bmp,Underweight
1825,18.1293394168,Male,1,aug_b69f7347_img_1825.bmp,Underweight
2491,18.3072916667,Female,1,aug_b408382d_img_2491.bmp,Underweight
2631,18.2439446367,Female,1,aug_7e956fbf_img_2631.bmp,Underweight
2655,17.7162162162,Female,1,aug_be1f4f9b_img_2655.bmp,Underweight
287,17.7189666037,Female,1,aug_4d6a33f8_img_287.bmp,Underweight
1491,17.7189666037,Female,1,aug_fe50fb73_img_1491.bmp,Underweight
1767,18.4572568788,Male,1,aug_51fb36e3_img_1767.bmp,Underweight
1825,18.1293394168,Male,1,aug_188a1947_img_1825.bmp,Underweight
2491,18.3072916667,Female,1,aug_ded2bf5b_img_2491.bmp,Underweight
2631,18.2439446367,Female,1,aug_26f5aaa8_img_2631.bmp,Underweight
2655,17.7162162162,Female,1,aug_31bbd37d_img_2655.bmp,Underweight
287,17.7189666037,Female,1,aug_1750b9fb_img_287.bmp,Underweight
1491,17.7189666037,Female,1,aug_042049da_img_1491.bmp,Underweight
1767,18.4572568788,Male,1,aug_6436f35a_img_1767.bmp,Underweight
1825,18.1293394168,Male,1,aug_b2f7e81b_img_1825.bmp,Underweight
2491,18.3072916667,Female,1,aug_98541066_img_2491.bmp,Underweight
2631,18.2439446367,Female,1,aug_0263435d_img_2631.bmp,Underweight
2655,17.7162162162,Female,1,aug_a314f261_img_2655.bmp,Underweight
287,17.7189666037,Female,1,aug_d0881f0e_img_287.bmp,Underweight
1491,17.7189666037,Female,1,aug_d9215eab_img_1491.bmp,Underweight
1767,18.4572568788,Male,1,aug_c6f6ebe0_img_1767.bmp,Underweight
1825,18.1293394168,Male,1,aug_be1de1f4_img_1825.bmp,Underweight
2491,18.3072916667,Female,1,aug_6daed763_img_2491.bmp,Underweight
2631,18.2439446367,Female,1,aug_d6cd8612_img_2631.bmp,Underweight
2655,17.7162162162,Female,1,aug_049cebcd_img_2655.bmp,Underweight
287,17.7189666037,Female,1,aug_48da5f96_img_287.bmp,Underweight
1491,17.7189666037,Female,1,aug_1c59b822_img_1491.bmp,Underweight
1767,18.4572568788,Male,1,aug_340751e1_img_1767.bmp,Underweight
1825,18.1293394168,Male,1,aug_84422715_img_1825.bmp,Underweight
2491,18.3072916667,Female,1,aug_6cd484c3_img_2491.bmp,Underweight
2631,18.2439446367,Female,1,aug_7f00bbc9_img_2631.bmp,Underweight
2655,17.7162162162,Female,1,aug_17b297c5_img_2655.bmp,Underweight
287,17.7189666037,Female,1,aug_1c8ec15d_img_287.bmp,Underweight
1491,17.7189666037,Female,1,aug_dedaad7e_img_1491.bmp,Underweight
1767,18.4572568788,Male,1,aug_5aba53dc_img_1767.bmp,Underweight
1825,18.1293394168,Male,1,aug_a623fc11_img_1825.bmp,Underweight
2491,18.3072916667,Female,1,aug_946b2d33_img_2491.bmp,Underweight
2631,18.2439446367,Female,1,aug_641614b1_img_2631.bmp,Underweight
2655,17.7162162162,Female,1,aug_eec6ee2d_img_2655.bmp,Underweight
287,17.7189666037,Female,1,aug_0ec8e663_img_287.bmp,Underweight
1491,17.7189666037,Female,1,aug_50f83ee4_img_1491.bmp,Underweight
1767,18.4572568788,Male,1,aug_67153a00_img_1767.bmp,Underweight
1825,18.1293394168,Male,1,aug_39063206_img_1825.bmp,Underweight
2491,18.3072916667,Female,1,aug_759c67b8_img_2491.bmp,Underweight
2631,18.2439446367,Female,1,aug_6060056a_img_2631.bmp,Underweight
2655,17.7162162162,Female,1,aug_22e8fbc5_img_2655.bmp,Underweight
287,17.7189666037,Female,1,aug_3b07d40e_img_287.bmp,Underweight
1491,17.7189666037,Female,1,aug_4601eeb1_img_1491.bmp,Underweight
1767,18.4572568788,Male,1,aug_e6835b6b_img_1767.bmp,Underweight
1825,18.1293394168,Male,1,aug_ab996beb_img_1825.bmp,Underweight
2491,18.3072916667,Female,1,aug_67387a6a_img_2491.bmp,Underweight
2631,18.2439446367,Female,1,aug_0c09304c_img_2631.bmp,Underweight
2655,17.7162162162,Female,1,aug_2abe720d_img_2655.bmp,Underweight
287,17.7189666037,Female,1,aug_d274020b_img_287.bmp,Underweight
1491,17.7189666037,Female,1,aug_cbcf6afd_img_1491.bmp,Underweight
1767,18.4572568788,Male,1,aug_49ed9a75_img_1767.bmp,Underweight
1825,18.1293394168,Male,1,aug_28fbe41b_img_1825.bmp,Underweight
2491,18.3072916667,Female,1,aug_045cf79c_img_2491.bmp,Underweight
2631,18.2439446367,Female,1,aug_e740875d_img_2631.bmp,Underweight
2655,17.7162162162,Female,1,aug_99be9929_img_2655.bmp,Underweight
287,17.7189666037,Female,1,aug_7f04b781_img_287.bmp,Underweight
1491,17.7189666037,Female,1,aug_592b7239_img_1491.bmp,Underweight
1767,18.4572568788,Male,1,aug_64a929c5_img_1767.bmp,Underweight
1825,18.1293394168,Male,1,aug_cba2581a_img_1825.bmp,Underweight
2491,18.3072916667,Female,1,aug_858b8da1_img_2491.bmp,Underweight
2631,18.2439446367,Female,1,aug_294363aa_img_2631.bmp,Underweight
2655,17.7162162162,Female,1,aug_38a17819_img_2655.bmp,Underweight
287,17.7189666037,Female,1,aug_5fdf97d1_img_287.bmp,Underweight
1491,17.7189666037,Female,1,aug_3f2a3324_img_1491.bmp,Underweight
1767,18.4572568788,Male,1,aug_1175438c_img_1767.bmp,Underweight
1825,18.1293394168,Male,1,aug_4f4e6a8c_img_1825.bmp,Underweight
2491,18.3072916667,Female,1,aug_d424c5fa_img_2491.bmp,Underweight
2631,18.2439446367,Female,1,aug_0ad1d0f4_img_2631.bmp,Underweight
2655,17.7162162162,Female,1,aug_155d7ddc_img_2655.bmp,Underweight
287,17.7189666037,Female,1,aug_0f8fc81d_img_287.bmp,Underweight
1491,17.7189666037,Female,1,aug_87ee54db_img_1491.bmp,Underweight
1767,18.4572568788,Male,1,aug_285d0a82_img_1767.bmp,Underweight
1825,18.1293394168,Male,1,aug_8f00e6e5_img_1825.bmp,Underweight
2491,18.3072916667,Female,1,aug_e8fee69e_img_2491.bmp,Underweight
2631,18.2439446367,Female,1,aug_6ed34352_img_2631.bmp,Underweight
2655,17.7162162162,Female,1,aug_26a74cb8_img_2655.bmp,Underweight
287,17.7189666037,Female,1,aug_7c7c77bc_img_287.bmp,Underweight
1491,17.7189666037,Female,1,aug_1203b25d_img_1491.bmp,Underweight
1767,18.4572568788,Male,1,aug_dfac3dc3_img_1767.bmp,Underweight
1825,18.1293394168,Male,1,aug_546fa20e_img_1825.bmp,Underweight
2491,18.3072916667,Female,1,aug_89009f0c_img_2491.bmp,Underweight
2631,18.2439446367,Female,1,aug_eb708690_img_2631.bmp,Underweight
2655,17.7162162162,Female,1,aug_0f60db3e_img_2655.bmp,Underweight
287,17.7189666037,Female,1,aug_cd1aeb82_img_287.bmp,Underweight
1491,17.7189666037,Female,1,aug_948397ce_img_1491.bmp,Underweight
1767,18.4572568788,Male,1,aug_1055a2c8_img_1767.bmp,Underweight
1825,18.1293394168,Male,1,aug_444e7b7d_img_1825.bmp,Underweight
2491,18.3072916667,Female,1,aug_5d6acbc4_img_2491.bmp,Underweight
2631,18.2439446367,Female,1,aug_af9196d2_img_2631.bmp,Underweight
2655,17.7162162162,Female,1,aug_3aaf0c50_img_2655.bmp,Underweight
287,17.7189666037,Female,1,aug_bc715bfe_img_287.bmp,Underweight
1491,17.7189666037,Female,1,aug_5f613740_img_1491.bmp,Underweight
1767,18.4572568788,Male,1,aug_37a146ff_img_1767.bmp,Underweight
1825,18.1293394168,Male,1,aug_837498d5_img_1825.bmp,Underweight
2491,18.3072916667,Female,1,aug_b37746ea_img_2491.bmp,Underweight
2631,18.2439446367,Female,1,aug_a0da9507_img_2631.bmp,Underweight
2655,17.7162162162,Female,1,aug_d05902b3_img_2655.bmp,Underweight
287,17.7189666037,Female,1,aug_0f6396a2_img_287.bmp,Underweight
1491,17.7189666037,Female,1,aug_44e346c6_img_1491.bmp,Underweight
1767,18.4572568788,Male,1,aug_5281ac33_img_1767.bmp,Underweight
1825,18.1293394168,Male,1,aug_e42b59ea_img_1825.bmp,Underweight
2491,18.3072916667,Female,1,aug_97e5b0c6_img_2491.bmp,Underweight
2631,18.2439446367,Female,1,aug_a3f0f39a_img_2631.bmp,Underweight
2655,17.7162162162,Female,1,aug_3c29c67a_img_2655.bmp,Underweight
287,17.7189666037,Female,1,aug_325493ec_img_287.bmp,Underweight
1491,17.7189666037,Female,1,aug_e6307db4_img_1491.bmp,Underweight
1767,18.4572568788,Male,1,aug_ae29b5df_img_1767.bmp,Underweight
1825,18.1293394168,Male,1,aug_d63862a3_img_1825.bmp,Underweight
2491,18.3072916667,Female,1,aug_84698809_img_2491.bmp,Underweight
2631,18.2439446367,Female,1,aug_48017e23_img_2631.bmp,Underweight
2655,17.7162162162,Female,1,aug_d4fa5627_img_2655.bmp,Underweight
287,17.7189666037,Female,1,aug_1ea43edd_img_287.bmp,Underweight
1491,17.7189666037,Female,1,aug_df56b50f_img_1491.bmp,Underweight
1767,18.4572568788,Male,1,aug_17ae18a9_img_1767.bmp,Underweight
1825,18.1293394168,Male,1,aug_6fc78c2c_img_1825.bmp,Underweight
2491,18.3072916667,Female,1,aug_948907bf_img_2491.bmp,Underweight
2631,18.2439446367,Female,1,aug_c11f3e7f_img_2631.bmp,Underweight
2655,17.7162162162,Female,1,aug_b4ac6482_img_2655.bmp,Underweight
287,17.7189666037,Female,1,aug_9603290f_img_287.bmp,Underweight
1491,17.7189666037,Female,1,aug_340e57cb_img_1491.bmp,Underweight
1767,18.4572568788,Male,1,aug_f3e55499_img_1767.bmp,Underweight
1825,18.1293394168,Male,1,aug_5f4a04b7_img_1825.bmp,Underweight
2491,18.3072916667,Female,1,aug_92bd4639_img_2491.bmp,Underweight
2631,18.2439446367,Female,1,aug_91947663_img_2631.bmp,Underweight
2655,17.7162162162,Female,1,aug_7426c119_img_2655.bmp,Underweight
287,17.7189666037,Female,1,aug_0649baee_img_287.bmp,Underweight
1491,17.7189666037,Female,1,aug_d5d5f105_img_1491.bmp,Underweight
1767,18.4572568788,Male,1,aug_24b098c2_img_1767.bmp,Underweight
1825,18.1293394168,Male,1,aug_b8b5b725_img_1825.bmp,Underweight
2491,18.3072916667,Female,1,aug_82966105_img_2491.bmp,Underweight
2631,18.2439446367,Female,1,aug_bd018d30_img_2631.bmp,Underweight
2655,17.7162162162,Female,1,aug_6854d55a_img_2655.bmp,Underweight
287,17.7189666037,Female,1,aug_3f73410b_img_287.bmp,Underweight
1491,17.7189666037,Female,1,aug_cb7e6727_img_1491.bmp,Underweight
1767,18.4572568788,Male,1,aug_5c196d92_img_1767.bmp,Underweight
1825,18.1293394168,Male,1,aug_ee4ff870_img_1825.bmp,Underweight
2491,18.3072916667,Female,1,aug_0534b3b9_img_2491.bmp,Underweight
2631,18.2439446367,Female,1,aug_5614971d_img_2631.bmp,Underweight
2655,17.7162162162,Female,1,aug_ce713e54_img_2655.bmp,Underweight
287,17.7189666037,Female,1,aug_7bee12e3_img_287.bmp,Underweight
1491,17.7189666037,Female,1,aug_235ee2ae_img_1491.bmp,Underweight
1767,18.4572568788,Male,1,aug_236c1af6_img_1767.bmp,Underweight
1825,18.1293394168,Male,1,aug_793a0fad_img_1825.bmp,Underweight
2491,18.3072916667,Female,1,aug_f56c775f_img_2491.bmp,Underweight
2631,18.2439446367,Female,1,aug_46c797f9_img_2631.bmp,Underweight
2655,17.7162162162,Female,1,aug_d1fa434b_img_2655.bmp,Underweight
287,17.7189666037,Female,1,aug_6d5b7d4f_img_287.bmp,Underweight
1491,17.7189666037,Female,1,aug_7d93f440_img_1491.bmp,Underweight
1767,18.4572568788,Male,1,aug_fab2e8a4_img_1767.bmp,Underweight
1825,18.1293394168,Male,1,aug_5d9e5fce_img_1825.bmp,Underweight
2491,18.3072916667,Female,1,aug_fa51ead3_img_2491.bmp,Underweight
2631,18.2439446367,Female,1,aug_8e52c094_img_2631.bmp,Underweight
2655,17.7162162162,Female,1,aug_f4944d06_img_2655.bmp,Underweight
287,17.7189666037,Female,1,aug_d9758e70_img_287.bmp,Underweight
1491,17.7189666037,Female,1,aug_ef3955aa_img_1491.bmp,Underweight
1767,18.4572568788,Male,1,aug_b5f10b2f_img_1767.bmp,Underweight
1825,18.1293394168,Male,1,aug_91d17ea9_img_1825.bmp,Underweight
2491,18.3072916667,Female,1,aug_914bf867_img_2491.bmp,Underweight
2631,18.2439446367,Female,1,aug_1943dfb8_img_2631.bmp,Underweight
2655,17.7162162162,Female,1,aug_96d6a77d_img_2655.bmp,Underweight
287,17.7189666037,Female,1,aug_d160d663_img_287.bmp,Underweight
1491,17.7189666037,Female,1,aug_d1d4b805_img_1491.bmp,Underweight
1767,18.4572568788,Male,1,aug_378987c8_img_1767.bmp,Underweight
1825,18.1293394168,Male,1,aug_9ceed82c_img_1825.bmp,Underweight
2491,18.3072916667,Female,1,aug_1df7a30d_img_2491.bmp,Underweight
2631,18.2439446367,Female,1,aug_7d2002f0_img_2631.bmp,Underweight
2655,17.7162162162,Female,1,aug_56d402e8_img_2655.bmp,Underweight
287,17.7189666037,Female,1,aug_e9e2d3ce_img_287.bmp,Underweight
1491,17.7189666037,Female,1,aug_2dbbe31e_img_1491.bmp,Underweight
1767,18.4572568788,Male,1,aug_075df7de_img_1767.bmp,Underweight
1825,18.1293394168,Male,1,aug_a5fe94e8_img_1825.bmp,Underweight
2491,18.3072916667,Female,1,aug_10942948_img_2491.bmp,Underweight
2631,18.2439446367,Female,1,aug_c328187d_img_2631.bmp,Underweight
2655,17.7162162162,Female,1,aug_4897951e_img_2655.bmp,Underweight
287,17.7189666037,Female,1,aug_fab6cd38_img_287.bmp,Underweight
1491,17.7189666037,Female,1,aug_6c7ba18c_img_1491.bmp,Underweight
1767,18.4572568788,Male,1,aug_e8f38d7c_img_1767.bmp,Underweight
1825,18.1293394168,Male,1,aug_05ac6c7c_img_1825.bmp,Underweight
2491,18.3072916667,Female,1,aug_3750269c_img_2491.bmp,Underweight
2631,18.2439446367,Female,1,aug_f25ab1ca_img_2631.bmp,Underweight
2655,17.7162162162,Female,1,aug_56b8f4dc_img_2655.bmp,Underweight
287,17.7189666037,Female,1,aug_38da6cf0_img_287.bmp,Underweight
1491,17.7189666037,Female,1,aug_48b57cf2_img_1491.bmp,Underweight
1767,18.4572568788,Male,1,aug_aaa4c929_img_1767.bmp,Underweight
1825,18.1293394168,Male,1,aug_59c0ae70_img_1825.bmp,Underweight
2491,18.3072916667,Female,1,aug_7c6f6a33_img_2491.bmp,Underweight
2631,18.2439446367,Female,1,aug_2247de05_img_2631.bmp,Underweight
2655,17.7162162162,Female,1,aug_109adb5f_img_2655.bmp,Underweight
287,17.7189666037,Female,1,aug_098702cf_img_287.bmp,Underweight
1491,17.7189666037,Female,1,aug_6671355f_img_1491.bmp,Underweight
1767,18.4572568788,Male,1,aug_045fe407_img_1767.bmp,Underweight
1825,18.1293394168,Male,1,aug_8618c466_img_1825.bmp,Underweight
2491,18.3072916667,Female,1,aug_2abad51b_img_2491.bmp,Underweight
2631,18.2439446367,Female,1,aug_b3a9c689_img_2631.bmp,Underweight
2655,17.7162162162,Female,1,aug_70724d01_img_2655.bmp,Underweight
287,17.7189666037,Female,1,aug_badeb276_img_287.bmp,Underweight
1491,17.7189666037,Female,1,aug_1ac42058_img_1491.bmp,Underweight
1767,18.4572568788,Male,1,aug_d11e63a6_img_1767.bmp,Underweight
1825,18.1293394168,Male,1,aug_1d326114_img_1825.bmp,Underweight
2491,18.3072916667,Female,1,aug_3e31a59d_img_2491.bmp,Underweight
2631,18.2439446367,Female,1,aug_7a921e2f_img_2631.bmp,Underweight
2655,17.7162162162,Female,1,aug_fd495b6a_img_2655.bmp,Underweight
287,17.7189666037,Female,1,aug_43658ccd_img_287.bmp,Underweight
1491,17.7189666037,Female,1,aug_c0810c7c_img_1491.bmp,Underweight
1767,18.4572568788,Male,1,aug_48f6f011_img_1767.bmp,Underweight
1825,18.1293394168,Male,1,aug_8c369f14_img_1825.bmp,Underweight
2491,18.3072916667,Female,1,aug_eba82849_img_2491.bmp,Underweight
2631,18.2439446367,Female,1,aug_fee020fa_img_2631.bmp,Underweight
2655,17.7162162162,Female,1,aug_643a28b0_img_2655.bmp,Underweight
287,17.7189666037,Female,1,aug_5e2489c4_img_287.bmp,Underweight
1491,17.7189666037,Female,1,aug_cdf4036e_img_1491.bmp,Underweight
1767,18.4572568788,Male,1,aug_945575c2_img_1767.bmp,Underweight
1825,18.1293394168,Male,1,aug_67d83220_img_1825.bmp,Underweight
2491,18.3072916667,Female,1,aug_cbf3292e_img_2491.bmp,Underweight
2631,18.2439446367,Female,1,aug_21c4e28b_img_2631.bmp,Underweight
2655,17.7162162162,Female,1,aug_63d84a16_img_2655.bmp,Underweight
287,17.7189666037,Female,1,aug_c63a92f0_img_287.bmp,Underweight
1491,17.7189666037,Female,1,aug_047ed140_img_1491.bmp,Underweight
1767,18.4572568788,Male,1,aug_2afa4ce8_img_1767.bmp,Underweight
1825,18.1293394168,Male,1,aug_058797fa_img_1825.bmp,Underweight
2491,18.3072916667,Female,1,aug_58056c94_img_2491.bmp,Underweight
2631,18.2439446367,Female,1,aug_bb6c3d74_img_2631.bmp,Underweight
2655,17.7162162162,Female,1,aug_d871d00f_img_2655.bmp,Underweight
287,17.7189666037,Female,1,aug_f1b86192_img_287.bmp,Underweight
1491,17.7189666037,Female,1,aug_9c033f1a_img_1491.bmp,Underweight
1767,18.4572568788,Male,1,aug_3df3c6e3_img_1767.bmp,Underweight
1825,18.1293394168,Male,1,aug_ccdac4fd_img_1825.bmp,Underweight
2491,18.3072916667,Female,1,aug_2cab8942_img_2491.bmp,Underweight
2631,18.2439446367,Female,1,aug_b04c1350_img_2631.bmp,Underweight
2655,17.7162162162,Female,1,aug_3f1d9bd7_img_2655.bmp,Underweight
287,17.7189666037,Female,1,aug_29452101_img_287.bmp,Underweight
1491,17.7189666037,Female,1,aug_498e454a_img_1491.bmp,Underweight
1767,18.4572568788,Male,1,aug_78c96813_img_1767.bmp,Underweight
1825,18.1293394168,Male,1,aug_a96e9f0e_img_1825.bmp,Underweight
2491,18.3072916667,Female,1,aug_e44d3a43_img_2491.bmp,Underweight
2631,18.2439446367,Female,1,aug_6f1a198b_img_2631.bmp,Underweight
2655,17.7162162162,Female,1,aug_b7edd286_img_2655.bmp,Underweight
287,17.7189666037,Female,1,aug_ea76ddcf_img_287.bmp,Underweight
1491,17.7189666037,Female,1,aug_6b2976d5_img_1491.bmp,Underweight
1767,18.4572568788,Male,1,aug_19730c8f_img_1767.bmp,Underweight
1825,18.1293394168,Male,1,aug_8d00d098_img_1825.bmp,Underweight
2491,18.3072916667,Female,1,aug_6419abd9_img_2491.bmp,Underweight
2631,18.2439446367,Female,1,aug_d1523c83_img_2631.bmp,Underweight
2655,17.7162162162,Female,1,aug_d29a132c_img_2655.bmp,Underweight
287,17.7189666037,Female,1,aug_815e0305_img_287.bmp,Underweight
1491,17.7189666037,Female,1,aug_4d960f5b_img_1491.bmp,Underweight
1767,18.4572568788,Male,1,aug_1d68460b_img_1767.bmp,Underweight
1825,18.1293394168,Male,1,aug_0e9adf97_img_1825.bmp,Underweight
2491,18.3072916667,Female,1,aug_9eee9b90_img_2491.bmp,Underweight
2631,18.2439446367,Female,1,aug_5ac5da6f_img_2631.bmp,Underweight
2655,17.7162162162,Female,1,aug_fc3c61d7_img_2655.bmp,Underweight
287,17.7189666037,Female,1,aug_8265f034_img_287.bmp,Underweight
1491,17.7189666037,Female,1,aug_05bc6126_img_1491.bmp,Underweight
1767,18.4572568788,Male,1,aug_29332dcd_img_1767.bmp,Underweight
1825,18.1293394168,Male,1,aug_89e1ba10_img_1825.bmp,Underweight
2491,18.3072916667,Female,1,aug_79f93b99_img_2491.bmp,Underweight
2631,18.2439446367,Female,1,aug_8c98662e_img_2631.bmp,Underweight
2655,17.7162162162,Female,1,aug_3365cfe8_img_2655.bmp,Underweight
287,17.7189666037,Female,1,aug_8980d940_img_287.bmp,Underweight
1491,17.7189666037,Female,1,aug_6ee0ed28_img_1491.bmp,Underweight
1767,18.4572568788,Male,1,aug_0d488d8c_img_1767.bmp,Underweight
1825,18.1293394168,Male,1,aug_c9b2b1ef_img_1825.bmp,Underweight
2491,18.3072916667,Female,1,aug_c33ddeda_img_2491.bmp,Underweight
2631,18.2439446367,Female,1,aug_3426130e_img_2631.bmp,Underweight
2655,17.7162162162,Female,1,aug_e1ca0681_img_2655.bmp,Underweight
287,17.7189666037,Female,1,aug_98bbbf33_img_287.bmp,Underweight
1491,17.7189666037,Female,1,aug_f8bc9099_img_1491.bmp,Underweight
1767,18.4572568788,Male,1,aug_1cb96ff9_img_1767.bmp,Underweight
1825,18.1293394168,Male,1,aug_c4bd2da4_img_1825.bmp,Underweight
2491,18.3072916667,Female,1,aug_349296eb_img_2491.bmp,Underweight
2631,18.2439446367,Female,1,aug_c23ac321_img_2631.bmp,Underweight
2655,17.7162162162,Female,1,aug_aa11b1a3_img_2655.bmp,Underweight
287,17.7189666037,Female,1,aug_da83694e_img_287.bmp,Underweight
1491,17.7189666037,Female,1,aug_bffc2539_img_1491.bmp,Underweight
1767,18.4572568788,Male,1,aug_a436855f_img_1767.bmp,Underweight
1825,18.1293394168,Male,1,aug_6a375c6c_img_1825.bmp,Underweight
2491,18.3072916667,Female,1,aug_f115d978_img_2491.bmp,Underweight
2631,18.2439446367,Female,1,aug_3105c0ab_img_2631.bmp,Underweight
2655,17.7162162162,Female,1,aug_bb408d4a_img_2655.bmp,Underweight
287,17.7189666037,Female,1,aug_2b066cf8_img_287.bmp,Underweight
1491,17.7189666037,Female,1,aug_17666d25_img_1491.bmp,Underweight
1767,18.4572568788,Male,1,aug_67f1bc42_img_1767.bmp,Underweight
1825,18.1293394168,Male,1,aug_edb6b501_img_1825.bmp,Underweight
2491,18.3072916667,Female,1,aug_386c4915_img_2491.bmp,Underweight
2631,18.2439446367,Female,1,aug_fe6487f7_img_2631.bmp,Underweight
2655,17.7162162162,Female,1,aug_f8560704_img_2655.bmp,Underweight
287,17.7189666037,Female,1,aug_12cb9ea8_img_287.bmp,Underweight
1491,17.7189666037,Female,1,aug_5752f530_img_1491.bmp,Underweight
1767,18.4572568788,Male,1,aug_64733059_img_1767.bmp,Underweight
1825,18.1293394168,Male,1,aug_616209ba_img_1825.bmp,Underweight
2491,18.3072916667,Female,1,aug_f5c30802_img_2491.bmp,Underweight
2631,18.2439446367,Female,1,aug_3a448f0d_img_2631.bmp,Underweight
2655,17.7162162162,Female,1,aug_92f59955_img_2655.bmp,Underweight
287,17.7189666037,Female,1,aug_3095936e_img_287.bmp,Underweight
1491,17.7189666037,Female,1,aug_2697f433_img_1491.bmp,Underweight
1767,18.4572568788,Male,1,aug_39eeec8b_img_1767.bmp,Underweight
1825,18.1293394168,Male,1,aug_1a3a903f_img_1825.bmp,Underweight
2491,18.3072916667,Female,1,aug_4ee0153b_img_2491.bmp,Underweight
2631,18.2439446367,Female,1,aug_befdfd05_img_2631.bmp,Underweight
2655,17.7162162162,Female,1,aug_4e0b676a_img_2655.bmp,Underweight
287,17.7189666037,Female,1,aug_f1a65902_img_287.bmp,Underweight
1491,17.7189666037,Female,1,aug_ec5ca1d3_img_1491.bmp,Underweight
1767,18.4572568788,Male,1,aug_81279421_img_1767.bmp,Underweight
1825,18.1293394168,Male,1,aug_57798f19_img_1825.bmp,Underweight
2491,18.3072916667,Female,1,aug_091272bf_img_2491.bmp,Underweight
2631,18.2439446367,Female,1,aug_14766b73_img_2631.bmp,Underweight
2655,17.7162162162,Female,1,aug_01bd6695_img_2655.bmp,Underweight
287,17.7189666037,Female,1,aug_f69ecd88_img_287.bmp,Underweight
1491,17.7189666037,Female,1,aug_36221b4c_img_1491.bmp,Underweight
1767,18.4572568788,Male,1,aug_d82aaab5_img_1767.bmp,Underweight
1825,18.1293394168,Male,1,aug_be25b331_img_1825.bmp,Underweight
2491,18.3072916667,Female,1,aug_c9b67caa_img_2491.bmp,Underweight
2631,18.2439446367,Female,1,aug_30c4a915_img_2631.bmp,Underweight
2655,17.7162162162,Female,1,aug_8c588e9c_img_2655.bmp,Underweight
287,17.7189666037,Female,1,aug_8d07b917_img_287.bmp,Underweight
1491,17.7189666037,Female,1,aug_40a74285_img_1491.bmp,Underweight
1767,18.4572568788,Male,1,aug_0fdca153_img_1767.bmp,Underweight
1825,18.1293394168,Male,1,aug_3d152731_img_1825.bmp,Underweight
2491,18.3072916667,Female,1,aug_d31afbdd_img_2491.bmp,Underweight
2631,18.2439446367,Female,1,aug_53ca6744_img_2631.bmp,Underweight
2655,17.7162162162,Female,1,aug_be5b4ff3_img_2655.bmp,Underweight
287,17.7189666037,Female,1,aug_fdd11121_img_287.bmp,Underweight
1491,17.7189666037,Female,1,aug_5897460a_img_1491.bmp,Underweight
1767,18.4572568788,Male,1,aug_e88fa817_img_1767.bmp,Underweight
1825,18.1293394168,Male,1,aug_203dcb30_img_1825.bmp,Underweight
2491,18.3072916667,Female,1,aug_b76e62dd_img_2491.bmp,Underweight
2631,18.2439446367,Female,1,aug_6eda5551_img_2631.bmp,Underweight
2655,17.7162162162,Female,1,aug_afb580f3_img_2655.bmp,Underweight
287,17.7189666037,Female,1,aug_58366887_img_287.bmp,Underweight
1491,17.7189666037,Female,1,aug_efd22a60_img_1491.bmp,Underweight
1767,18.4572568788,Male,1,aug_38bdbf09_img_1767.bmp,Underweight
1825,18.1293394168,Male,1,aug_7a94a85f_img_1825.bmp,Underweight
2491,18.3072916667,Female,1,aug_93c0ce14_img_2491.bmp,Underweight
2631,18.2439446367,Female,1,aug_31ebbcee_img_2631.bmp,Underweight
2655,17.7162162162,Female,1,aug_19326f86_img_2655.bmp,Underweight
287,17.7189666037,Female,1,aug_377a8680_img_287.bmp,Underweight
1491,17.7189666037,Female,1,aug_c6084a8b_img_1491.bmp,Underweight
1767,18.4572568788,Male,1,aug_a78e1948_img_1767.bmp,Underweight
1825,18.1293394168,Male,1,aug_a91367c9_img_1825.bmp,Underweight
2491,18.3072916667,Female,1,aug_44112663_img_2491.bmp,Underweight
2631,18.2439446367,Female,1,aug_84fd0e43_img_2631.bmp,Underweight
2655,17.7162162162,Female,1,aug_f5a1d90b_img_2655.bmp,Underweight
287,17.7189666037,Female,1,aug_2fa633c9_img_287.bmp,Underweight
1491,17.7189666037,Female,1,aug_7530d57a_img_1491.bmp,Underweight
1767,18.4572568788,Male,1,aug_01bb93c0_img_1767.bmp,Underweight
1825,18.1293394168,Male,1,aug_00968916_img_1825.bmp,Underweight
2491,18.3072916667,Female,1,aug_4ac23295_img_2491.bmp,Underweight
2631,18.2439446367,Female,1,aug_16f919dd_img_2631.bmp,Underweight
2655,17.7162162162,Female,1,aug_06534d32_img_2655.bmp,Underweight
287,17.7189666037,Female,1,aug_5979149d_img_287.bmp,Underweight
1491,17.7189666037,Female,1,aug_821a050b_img_1491.bmp,Underweight
1767,18.4572568788,Male,1,aug_304d575c_img_1767.bmp,Underweight
1825,18.1293394168,Male,1,aug_ccfe1af9_img_1825.bmp,Underweight
2491,18.3072916667,Female,1,aug_9e1d82f8_img_2491.bmp,Underweight
2631,18.2439446367,Female,1,aug_278ba40c_img_2631.bmp,Underweight
2655,17.7162162162,Female,1,aug_e475f90c_img_2655.bmp,Underweight
287,17.7189666037,Female,1,aug_e5b7bf04_img_287.bmp,Underweight
1491,17.7189666037,Female,1,aug_905fe421_img_1491.bmp,Underweight
1767,18.4572568788,Male,1,aug_b4feef44_img_1767.bmp,Underweight
1825,18.1293394168,Male,1,aug_6c58255a_img_1825.bmp,Underweight
2491,18.3072916667,Female,1,aug_52613af0_img_2491.bmp,Underweight
2631,18.2439446367,Female,1,aug_bc4d3dc8_img_2631.bmp,Underweight
2655,17.7162162162,Female,1,aug_0fe8a188_img_2655.bmp,Underweight
287,17.7189666037,Female,1,aug_87a84180_img_287.bmp,Underweight
1491,17.7189666037,Female,1,aug_9f614030_img_1491.bmp,Underweight
1767,18.4572568788,Male,1,aug_5a91fc3c_img_1767.bmp,Underweight
1825,18.1293394168,Male,1,aug_b7d477c5_img_1825.bmp,Underweight
2491,18.3072916667,Female,1,aug_cb345545_img_2491.bmp,Underweight
2631,18.2439446367,Female,1,aug_3e9d53d0_img_2631.bmp,Underweight
2655,17.7162162162,Female,1,aug_38fbf847_img_2655.bmp,Underweight
287,17.7189666037,Female,1,aug_eee6e5bb_img_287.bmp,Underweight
1491,17.7189666037,Female,1,aug_fa484c2f_img_1491.bmp,Underweight
1767,18.4572568788,Male,1,aug_b83c99f0_img_1767.bmp,Underweight
1825,18.1293394168,Male,1,aug_838294f8_img_1825.bmp,Underweight
2491,18.3072916667,Female,1,aug_21082643_img_2491.bmp,Underweight
2631,18.2439446367,Female,1,aug_43a5c1d6_img_2631.bmp,Underweight
2655,17.7162162162,Female,1,aug_87589e08_img_2655.bmp,Underweight
287,17.7189666037,Female,1,aug_d8508508_img_287.bmp,Underweight
1491,17.7189666037,Female,1,aug_af247898_img_1491.bmp,Underweight
1767,18.4572568788,Male,1,aug_8667c5bb_img_1767.bmp,Underweight
1825,18.1293394168,Male,1,aug_04f702ea_img_1825.bmp,Underweight
2491,18.3072916667,Female,1,aug_f4b98db0_img_2491.bmp,Underweight
2631,18.2439446367,Female,1,aug_4b5d5b79_img_2631.bmp,Underweight
2655,17.7162162162,Female,1,aug_5d70d3b1_img_2655.bmp,Underweight
287,17.7189666037,Female,1,aug_ca345cf0_img_287.bmp,Underweight
1491,17.7189666037,Female,1,aug_68862c39_img_1491.bmp,Underweight
1767,18.4572568788,Male,1,aug_ff6f2f50_img_1767.bmp,Underweight
1825,18.1293394168,Male,1,aug_c7faf4cc_img_1825.bmp,Underweight
2491,18.3072916667,Female,1,aug_837b094a_img_2491.bmp,Underweight
2631,18.2439446367,Female,1,aug_8cb8a46d_img_2631.bmp,Underweight
2655,17.7162162162,Female,1,aug_17227c2f_img_2655.bmp,Underweight
287,17.7189666037,Female,1,aug_1614844e_img_287.bmp,Underweight
1491,17.7189666037,Female,1,aug_c71ec926_img_1491.bmp,Underweight
1767,18.4572568788,Male,1,aug_a47cb295_img_1767.bmp,Underweight
1825,18.1293394168,Male,1,aug_ce44c3eb_img_1825.bmp,Underweight
2491,18.3072916667,Female,1,aug_36f29e1d_img_2491.bmp,Underweight
2631,18.2439446367,Female,1,aug_c8e93ab2_img_2631.bmp,Underweight
2655,17.7162162162,Female,1,aug_1ecc5872_img_2655.bmp,Underweight
287,17.7189666037,Female,1,aug_b93d4ee7_img_287.bmp,Underweight
1491,17.7189666037,Female,1,aug_0d11c8d5_img_1491.bmp,Underweight
1767,18.4572568788,Male,1,aug_7c6e801f_img_1767.bmp,Underweight
1825,18.1293394168,Male,1,aug_0baa00d2_img_1825.bmp,Underweight
2491,18.3072916667,Female,1,aug_69709694_img_2491.bmp,Underweight
2631,18.2439446367,Female,1,aug_212afcce_img_2631.bmp,Underweight
2655,17.7162162162,Female,1,aug_a12bfaf9_img_2655.bmp,Underweight
287,17.7189666037,Female,1,aug_59e3d95f_img_287.bmp,Underweight
1491,17.7189666037,Female,1,aug_39fe2146_img_1491.bmp,Underweight
1767,18.4572568788,Male,1,aug_2a985d13_img_1767.bmp,Underweight
1825,18.1293394168,Male,1,aug_982d1f60_img_1825.bmp,Underweight
2491,18.3072916667,Female,1,aug_2e8165aa_img_2491.bmp,Underweight
2631,18.2439446367,Female,1,aug_8a2930ea_img_2631.bmp,Underweight
2655,17.7162162162,Female,1,aug_50f13095_img_2655.bmp,Underweight
287,17.7189666037,Female,1,aug_9606d49e_img_287.bmp,Underweight
1491,17.7189666037,Female,1,aug_aad84c84_img_1491.bmp,Underweight
1767,18.4572568788,Male,1,aug_cbb4d6e7_img_1767.bmp,Underweight
1825,18.1293394168,Male,1,aug_35b1f9f8_img_1825.bmp,Underweight
2491,18.3072916667,Female,1,aug_5f1cfc60_img_2491.bmp,Underweight
2631,18.2439446367,Female,1,aug_155fe588_img_2631.bmp,Underweight
2655,17.7162162162,Female,1,aug_b86de032_img_2655.bmp,Underweight
287,17.7189666037,Female,1,aug_39dabd12_img_287.bmp,Underweight
1491,17.7189666037,Female,1,aug_99ab2fb4_img_1491.bmp,Underweight
1767,18.4572568788,Male,1,aug_994d5064_img_1767.bmp,Underweight
1825,18.1293394168,Male,1,aug_000f085a_img_1825.bmp,Underweight
2491,18.3072916667,Female,1,aug_983acafc_img_2491.bmp,Underweight
2631,18.2439446367,Female,1,aug_d799180e_img_2631.bmp,Underweight
2655,17.7162162162,Female,1,aug_d1135a0c_img_2655.bmp,Underweight
287,17.7189666037,Female,1,aug_62a232ce_img_287.bmp,Underweight
1491,17.7189666037,Female,1,aug_331fd99d_img_1491.bmp,Underweight
1767,18.4572568788,Male,1,aug_cac32aed_img_1767.bmp,Underweight
1825,18.1293394168,Male,1,aug_fa284cb1_img_1825.bmp,Underweight
2491,18.3072916667,Female,1,aug_c80f1f8f_img_2491.bmp,Underweight
2631,18.2439446367,Female,1,aug_1dc436da_img_2631.bmp,Underweight
2655,17.7162162162,Female,1,aug_5b2011ab_img_2655.bmp,Underweight
287,17.7189666037,Female,1,aug_e6fb1060_img_287.bmp,Underweight
1491,17.7189666037,Female,1,aug_7e1d76c5_img_1491.bmp,Underweight
1767,18.4572568788,Male,1,aug_e0fb4231_img_1767.bmp,Underweight
1825,18.1293394168,Male,1,aug_18b40753_img_1825.bmp,Underweight
2491,18.3072916667,Female,1,aug_01149860_img_2491.bmp,Underweight
2631,18.2439446367,Female,1,aug_87472563_img_2631.bmp,Underweight
2655,17.7162162162,Female,1,aug_2c2f6816_img_2655.bmp,Underweight
287,17.7189666037,Female,1,aug_fa2aea59_img_287.bmp,Underweight
1491,17.7189666037,Female,1,aug_dd0a43d9_img_1491.bmp,Underweight
1767,18.4572568788,Male,1,aug_1ab88e93_img_1767.bmp,Underweight
1825,18.1293394168,Male,1,aug_99cde6cd_img_1825.bmp,Underweight
2491,18.3072916667,Female,1,aug_101e949a_img_2491.bmp,Underweight
2631,18.2439446367,Female,1,aug_30069252_img_2631.bmp,Underweight
2655,17.7162162162,Female,1,aug_91a36067_img_2655.bmp,Underweight
287,17.7189666037,Female,1,aug_cfbef684_img_287.bmp,Underweight
1491,17.7189666037,Female,1,aug_85bea3cd_img_1491.bmp,Underweight
1767,18.4572568788,Male,1,aug_faa6fc2b_img_1767.bmp,Underweight
1825,18.1293394168,Male,1,aug_4784d841_img_1825.bmp,Underweight
2491,18.3072916667,Female,1,aug_0e31e9ce_img_2491.bmp,Underweight
2631,18.2439446367,Female,1,aug_95e4a31a_img_2631.bmp,Underweight
2655,17.7162162162,Female,1,aug_4394440d_img_2655.bmp,Underweight
287,17.7189666037,Female,1,aug_519ce194_img_287.bmp,Underweight
1491,17.7189666037,Female,1,aug_e40f9e21_img_1491.bmp,Underweight
1767,18.4572568788,Male,1,aug_a39a1faa_img_1767.bmp,Underweight
1825,18.1293394168,Male,1,aug_8a9b5479_img_1825.bmp,Underweight
2491,18.3072916667,Female,1,aug_e7c720c4_img_2491.bmp,Underweight
2631,18.2439446367,Female,1,aug_4ad8caf3_img_2631.bmp,Underweight
2655,17.7162162162,Female,1,aug_bb76948f_img_2655.bmp,Underweight
287,17.7189666037,Female,1,aug_320d2caa_img_287.bmp,Underweight
1491,17.7189666037,Female,1,aug_6c491689_img_1491.bmp,Underweight
1767,18.4572568788,Male,1,aug_c294b219_img_1767.bmp,Underweight
1825,18.1293394168,Male,1,aug_4694ff64_img_1825.bmp,Underweight
2491,18.3072916667,Female,1,aug_e1a3fdd9_img_2491.bmp,Underweight
2631,18.2439446367,Female,1,aug_b71ce484_img_2631.bmp,Underweight
2655,17.7162162162,Female,1,aug_7d1c2e51_img_2655.bmp,Underweight
287,17.7189666037,Female,1,aug_d23145d4_img_287.bmp,Underweight
1491,17.7189666037,Female,1,aug_df868a27_img_1491.bmp,Underweight
1767,18.4572568788,Male,1,aug_cc642c5b_img_1767.bmp,Underweight
1825,18.1293394168,Male,1,aug_30c9328f_img_1825.bmp,Underweight
2491,18.3072916667,Female,1,aug_121fb1b3_img_2491.bmp,Underweight
2631,18.2439446367,Female,1,aug_f0be08ec_img_2631.bmp,Underweight
2655,17.7162162162,Female,1,aug_1eafeb4c_img_2655.bmp,Underweight
287,17.7189666037,Female,1,aug_041107f1_img_287.bmp,Underweight
1491,17.7189666037,Female,1,aug_49ace8d9_img_1491.bmp,Underweight
1767,18.4572568788,Male,1,aug_0226b6d6_img_1767.bmp,Underweight
1825,18.1293394168,Male,1,aug_1728d460_img_1825.bmp,Underweight
2491,18.3072916667,Female,1,aug_3dd2f22b_img_2491.bmp,Underweight
2631,18.2439446367,Female,1,aug_eac061e1_img_2631.bmp,Underweight
2655,17.7162162162,Female,1,aug_b9ebcd63_img_2655.bmp,Underweight
287,17.7189666037,Female,1,aug_a33627f5_img_287.bmp,Underweight
1491,17.7189666037,Female,1,aug_7475056c_img_1491.bmp,Underweight
1767,18.4572568788,Male,1,aug_0287aeda_img_1767.bmp,Underweight
1825,18.1293394168,Male,1,aug_2f4dd573_img_1825.bmp,Underweight
2491,18.3072916667,Female,1,aug_0425bcb2_img_2491.bmp,Underweight
2631,18.2439446367,Female,1,aug_c0e1f0a7_img_2631.bmp,Underweight
2655,17.7162162162,Female,1,aug_d405318d_img_2655.bmp,Underweight
287,17.7189666037,Female,1,aug_7994cc66_img_287.bmp,Underweight
1491,17.7189666037,Female,1,aug_bbb83a97_img_1491.bmp,Underweight
1767,18.4572568788,Male,1,aug_9ff3b59d_img_1767.bmp,Underweight
1825,18.1293394168,Male,1,aug_3d29ef94_img_1825.bmp,Underweight
2491,18.3072916667,Female,1,aug_5ac44854_img_2491.bmp,Underweight
2631,18.2439446367,Female,1,aug_8db6c10d_img_2631.bmp,Underweight
2655,17.7162162162,Female,1,aug_92295b1b_img_2655.bmp,Underweight
287,17.7189666037,Female,1,aug_2379c6e7_img_287.bmp,Underweight
1491,17.7189666037,Female,1,aug_50e3cee5_img_1491.bmp,Underweight
1767,18.4572568788,Male,1,aug_be89410e_img_1767.bmp,Underweight
1825,18.1293394168,Male,1,aug_5233bbfe_img_1825.bmp,Underweight
2491,18.3072916667,Female,1,aug_f7b024c7_img_2491.bmp,Underweight
2631,18.2439446367,Female,1,aug_8a3bc8aa_img_2631.bmp,Underweight
2655,17.7162162162,Female,1,aug_ff994cb7_img_2655.bmp,Underweight
287,17.7189666037,Female,1,aug_0bae0115_img_287.bmp,Underweight
1491,17.7189666037,Female,1,aug_81458fa9_img_1491.bmp,Underweight
1767,18.4572568788,Male,1,aug_f4b89726_img_1767.bmp,Underweight
1825,18.1293394168,Male,1,aug_b167f9d1_img_1825.bmp,Underweight
2491,18.3072916667,Female,1,aug_7ccf7a37_img_2491.bmp,Underweight
2631,18.2439446367,Female,1,aug_3a96f6cf_img_2631.bmp,Underweight
2655,17.7162162162,Female,1,aug_01b8f459_img_2655.bmp,Underweight
287,17.7189666037,Female,1,aug_c7947571_img_287.bmp,Underweight
1491,17.7189666037,Female,1,aug_5d38aea3_img_1491.bmp,Underweight
1767,18.4572568788,Male,1,aug_628a7bfd_img_1767.bmp,Underweight
1825,18.1293394168,Male,1,aug_567ee81b_img_1825.bmp,Underweight
2491,18.3072916667,Female,1,aug_f86b858e_img_2491.bmp,Underweight
2631,18.2439446367,Female,1,aug_93170c14_img_2631.bmp,Underweight
2655,17.7162162162,Female,1,aug_eb789441_img_2655.bmp,Underweight
287,17.7189666037,Female,1,aug_7e85cc2c_img_287.bmp,Underweight
1491,17.7189666037,Female,1,aug_6c8cafd1_img_1491.bmp,Underweight
1767,18.4572568788,Male,1,aug_ac4c293c_img_1767.bmp,Underweight
1825,18.1293394168,Male,1,aug_f10d116c_img_1825.bmp,Underweight
2491,18.3072916667,Female,1,aug_36ef641a_img_2491.bmp,Underweight
2631,18.2439446367,Female,1,aug_bfe25d22_img_2631.bmp,Underweight
2655,17.7162162162,Female,1,aug_09fc7568_img_2655.bmp,Underweight
287,17.7189666037,Female,1,aug_8af2b4ad_img_287.bmp,Underweight
1491,17.7189666037,Female,1,aug_ed594335_img_1491.bmp,Underweight
1767,18.4572568788,Male,1,aug_b571e891_img_1767.bmp,Underweight
1825,18.1293394168,Male,1,aug_49a925df_img_1825.bmp,Underweight
2491,18.3072916667,Female,1,aug_2affbd8c_img_2491.bmp,Underweight
2631,18.2439446367,Female,1,aug_08e320a7_img_2631.bmp,Underweight
2655,17.7162162162,Female,1,aug_871c4c6b_img_2655.bmp,Underweight
287,17.7189666037,Female,1,aug_81b13de2_img_287.bmp,Underweight
1491,17.7189666037,Female,1,aug_9673a267_img_1491.bmp,Underweight
1767,18.4572568788,Male,1,aug_3294c9dc_img_1767.bmp,Underweight
1825,18.1293394168,Male,1,aug_b7484d8d_img_1825.bmp,Underweight
2491,18.3072916667,Female,1,aug_5a520065_img_2491.bmp,Underweight
2631,18.2439446367,Female,1,aug_236ca9a6_img_2631.bmp,Underweight
2655,17.7162162162,Female,1,aug_24abf9db_img_2655.bmp,Underweight
287,17.7189666037,Female,1,aug_fda6977b_img_287.bmp,Underweight
1491,17.7189666037,Female,1,aug_b463d034_img_1491.bmp,Underweight
1767,18.4572568788,Male,1,aug_04bf89bb_img_1767.bmp,Underweight
1825,18.1293394168,Male,1,aug_cca7a42e_img_1825.bmp,Underweight
2491,18.3072916667,Female,1,aug_e77e9cc4_img_2491.bmp,Underweight
2631,18.2439446367,Female,1,aug_61e51002_img_2631.bmp,Underweight
2655,17.7162162162,Female,1,aug_f7b2cc9e_img_2655.bmp,Underweight
287,17.7189666037,Female,1,aug_360e93cd_img_287.bmp,Underweight
1491,17.7189666037,Female,1,aug_e65ad55b_img_1491.bmp,Underweight
1767,18.4572568788,Male,1,aug_05dd5ff0_img_1767.bmp,Underweight
1825,18.1293394168,Male,1,aug_ee15de23_img_1825.bmp,Underweight
2491,18.3072916667,Female,1,aug_f141a37c_img_2491.bmp,Underweight
2631,18.2439446367,Female,1,aug_a79bedc1_img_2631.bmp,Underweight
2655,17.7162162162,Female,1,aug_567d33d6_img_2655.bmp,Underweight
287,17.7189666037,Female,1,aug_b85fdace_img_287.bmp,Underweight
1491,17.7189666037,Female,1,aug_79bd10dc_img_1491.bmp,Underweight
1767,18.4572568788,Male,1,aug_04a5b16b_img_1767.bmp,Underweight
1825,18.1293394168,Male,1,aug_7756f242_img_1825.bmp,Underweight
2491,18.3072916667,Female,1,aug_68d5a72e_img_2491.bmp,Underweight
2631,18.2439446367,Female,1,aug_edd335f9_img_2631.bmp,Underweight
2655,17.7162162162,Female,1,aug_dbbe6c2e_img_2655.bmp,Underweight
287,17.7189666037,Female,1,aug_ecdbf832_img_287.bmp,Underweight
1491,17.7189666037,Female,1,aug_ce857523_img_1491.bmp,Underweight
1767,18.4572568788,Male,1,aug_ae97a770_img_1767.bmp,Underweight
1825,18.1293394168,Male,1,aug_9767c3ac_img_1825.bmp,Underweight
2491,18.3072916667,Female,1,aug_518b7a9c_img_2491.bmp,Underweight
2631,18.2439446367,Female,1,aug_d62fa9b5_img_2631.bmp,Underweight
2655,17.7162162162,Female,1,aug_10a97e3d_img_2655.bmp,Underweight
287,17.7189666037,Female,1,aug_42965f7b_img_287.bmp,Underweight
1491,17.7189666037,Female,1,aug_742adb2a_img_1491.bmp,Underweight
1767,18.4572568788,Male,1,aug_55f79e64_img_1767.bmp,Underweight
1825,18.1293394168,Male,1,aug_7e16dd7a_img_1825.bmp,Underweight
2491,18.3072916667,Female,1,aug_ac1ce416_img_2491.bmp,Underweight
2631,18.2439446367,Female,1,aug_dd3fc962_img_2631.bmp,Underweight
2655,17.7162162162,Female,1,aug_1d4472c2_img_2655.bmp,Underweight
287,17.7189666037,Female,1,aug_bd938a0b_img_287.bmp,Underweight
1491,17.7189666037,Female,1,aug_e910fc87_img_1491.bmp,Underweight
1767,18.4572568788,Male,1,aug_4a963b4b_img_1767.bmp,Underweight
1825,18.1293394168,Male,1,aug_cb22dda2_img_1825.bmp,Underweight
2491,18.3072916667,Female,1,aug_842dec66_img_2491.bmp,Underweight
2631,18.2439446367,Female,1,aug_33f1363d_img_2631.bmp,Underweight
2655,17.7162162162,Female,1,aug_213307ed_img_2655.bmp,Underweight
287,17.7189666037,Female,1,aug_7366856c_img_287.bmp,Underweight
1491,17.7189666037,Female,1,aug_3eb29af3_img_1491.bmp,Underweight
1767,18.4572568788,Male,1,aug_1166965e_img_1767.bmp,Underweight
1825,18.1293394168,Male,1,aug_edba7876_img_1825.bmp,Underweight
2491,18.3072916667,Female,1,aug_3c8b655b_img_2491.bmp,Underweight
2631,18.2439446367,Female,1,aug_8ff88ecd_img_2631.bmp,Underweight
2655,17.7162162162,Female,1,aug_b21dd289_img_2655.bmp,Underweight
287,17.7189666037,Female,1,aug_faf7a952_img_287.bmp,Underweight
1491,17.7189666037,Female,1,aug_dd85a1c6_img_1491.bmp,Underweight
1767,18.4572568788,Male,1,aug_2039d546_img_1767.bmp,Underweight
1825,18.1293394168,Male,1,aug_70b1342e_img_1825.bmp,Underweight
2491,18.3072916667,Female,1,aug_39e09dac_img_2491.bmp,Underweight
2631,18.2439446367,Female,1,aug_f8cb863c_img_2631.bmp,Underweight
2655,17.7162162162,Female,1,aug_77cd372c_img_2655.bmp,Underweight
287,17.7189666037,Female,1,aug_326fe6a3_img_287.bmp,Underweight
1491,17.7189666037,Female,1,aug_ebb07086_img_1491.bmp,Underweight
1767,18.4572568788,Male,1,aug_292c8ae1_img_1767.bmp,Underweight
1825,18.1293394168,Male,1,aug_4f1ce21a_img_1825.bmp,Underweight
2491,18.3072916667,Female,1,aug_716845a2_img_2491.bmp,Underweight
2631,18.2439446367,Female,1,aug_5f5401bc_img_2631.bmp,Underweight
2655,17.7162162162,Female,1,aug_aee84a21_img_2655.bmp,Underweight
287,17.7189666037,Female,1,aug_cc03532d_img_287.bmp,Underweight
1491,17.7189666037,Female,1,aug_517a0c31_img_1491.bmp,Underweight
1767,18.4572568788,Male,1,aug_6f88d9c1_img_1767.bmp,Underweight
1825,18.1293394168,Male,1,aug_186e41e8_img_1825.bmp,Underweight
2491,18.3072916667,Female,1,aug_71345c45_img_2491.bmp,Underweight
2631,18.2439446367,Female,1,aug_16fbb886_img_2631.bmp,Underweight
2655,17.7162162162,Female,1,aug_34fe80b0_img_2655.bmp,Underweight
287,17.7189666037,Female,1,aug_8d659b7f_img_287.bmp,Underweight
1491,17.7189666037,Female,1,aug_f939f0e4_img_1491.bmp,Underweight
1767,18.4572568788,Male,1,aug_eb037359_img_1767.bmp,Underweight
1825,18.1293394168,Male,1,aug_55985844_img_1825.bmp,Underweight
2491,18.3072916667,Female,1,aug_632ba9ec_img_2491.bmp,Underweight
2631,18.2439446367,Female,1,aug_cf8b38a9_img_2631.bmp,Underweight
2655,17.7162162162,Female,1,aug_76c7fe71_img_2655.bmp,Underweight
287,17.7189666037,Female,1,aug_475dc25f_img_287.bmp,Underweight
1491,17.7189666037,Female,1,aug_d3f4a45d_img_1491.bmp,Underweight
1767,18.4572568788,Male,1,aug_d54522bf_img_1767.bmp,Underweight
1825,18.1293394168,Male,1,aug_e66a11b1_img_1825.bmp,Underweight
2491,18.3072916667,Female,1,aug_3aeb338d_img_2491.bmp,Underweight
2631,18.2439446367,Female,1,aug_48d2c183_img_2631.bmp,Underweight
2655,17.7162162162,Female,1,aug_ddfe324f_img_2655.bmp,Underweight
287,17.7189666037,Female,1,aug_aa369dfd_img_287.bmp,Underweight
1491,17.7189666037,Female,1,aug_908967e7_img_1491.bmp,Underweight
1767,18.4572568788,Male,1,aug_aaa3d0e6_img_1767.bmp,Underweight
1825,18.1293394168,Male,1,aug_9fd81b4e_img_1825.bmp,Underweight
2491,18.3072916667,Female,1,aug_9d0c974c_img_2491.bmp,Underweight
2631,18.2439446367,Female,1,aug_91de39a6_img_2631.bmp,Underweight
2655,17.7162162162,Female,1,aug_adbd15ab_img_2655.bmp,Underweight
287,17.7189666037,Female,1,aug_cbd60ab6_img_287.bmp,Underweight
1491,17.7189666037,Female,1,aug_eafa5243_img_1491.bmp,Underweight
1767,18.4572568788,Male,1,aug_fecc7566_img_1767.bmp,Underweight
1825,18.1293394168,Male,1,aug_3528a39c_img_1825.bmp,Underweight
2491,18.3072916667,Female,1,aug_f33d3134_img_2491.bmp,Underweight
2631,18.2439446367,Female,1,aug_7c28814a_img_2631.bmp,Underweight
2655,17.7162162162,Female,1,aug_d8a9b577_img_2655.bmp,Underweight
287,17.7189666037,Female,1,aug_719735e7_img_287.bmp,Underweight
1491,17.7189666037,Female,1,aug_82415ddb_img_1491.bmp,Underweight
1767,18.4572568788,Male,1,aug_e41ee15d_img_1767.bmp,Underweight
1825,18.1293394168,Male,1,aug_f2e705db_img_1825.bmp,Underweight
2491,18.3072916667,Female,1,aug_918057df_img_2491.bmp,Underweight
2631,18.2439446367,Female,1,aug_8bfee94d_img_2631.bmp,Underweight
2655,17.7162162162,Female,1,aug_59fedcdb_img_2655.bmp,Underweight
287,17.7189666037,Female,1,aug_4e42bc60_img_287.bmp,Underweight
1491,17.7189666037,Female,1,aug_64353bad_img_1491.bmp,Underweight
1767,18.4572568788,Male,1,aug_9a7ea305_img_1767.bmp,Underweight
1825,18.1293394168,Male,1,aug_966d5de1_img_1825.bmp,Underweight
2491,18.3072916667,Female,1,aug_cd677f22_img_2491.bmp,Underweight
2631,18.2439446367,Female,1,aug_ce6a0221_img_2631.bmp,Underweight
2655,17.7162162162,Female,1,aug_59ed4898_img_2655.bmp,Underweight
287,17.7189666037,Female,1,aug_cec879a9_img_287.bmp,Underweight
1491,17.7189666037,Female,1,aug_bf2cb228_img_1491.bmp,Underweight
1767,18.4572568788,Male,1,aug_8a83ab2b_img_1767.bmp,Underweight
1825,18.1293394168,Male,1,aug_96d2c46d_img_1825.bmp,Underweight
2491,18.3072916667,Female,1,aug_a2bb0da7_img_2491.bmp,Underweight
2631,18.2439446367,Female,1,aug_29848143_img_2631.bmp,Underweight
2655,17.7162162162,Female,1,aug_a3581d83_img_2655.bmp,Underweight
287,17.7189666037,Female,1,aug_0f2fcbc2_img_287.bmp,Underweight
1491,17.7189666037,Female,1,aug_d4e63b6a_img_1491.bmp,Underweight
1767,18.4572568788,Male,1,aug_a0387d2a_img_1767.bmp,Underweight
1825,18.1293394168,Male,1,aug_2781a270_img_1825.bmp,Underweight
2491,18.3072916667,Female,1,aug_726f82aa_img_2491.bmp,Underweight
2631,18.2439446367,Female,1,aug_95dc6b9e_img_2631.bmp,Underweight
2655,17.7162162162,Female,1,aug_a93f21a9_img_2655.bmp,Underweight
287,17.7189666037,Female,1,aug_f37e0439_img_287.bmp,Underweight
1491,17.7189666037,Female,1,aug_098b381f_img_1491.bmp,Underweight
1767,18.4572568788,Male,1,aug_0cc6f058_img_1767.bmp,Underweight
1825,18.1293394168,Male,1,aug_2a20a188_img_1825.bmp,Underweight
2491,18.3072916667,Female,1,aug_d758574f_img_2491.bmp,Underweight
2631,18.2439446367,Female,1,aug_3d9e58b0_img_2631.bmp,Underweight
2655,17.7162162162,Female,1,aug_1c8e5cf4_img_2655.bmp,Underweight
287,17.7189666037,Female,1,aug_fce429cc_img_287.bmp,Underweight
1491,17.7189666037,Female,1,aug_aaf617d9_img_1491.bmp,Underweight
1767,18.4572568788,Male,1,aug_83b3dca6_img_1767.bmp,Underweight
1825,18.1293394168,Male,1,aug_5e16eeb2_img_1825.bmp,Underweight
2491,18.3072916667,Female,1,aug_36ed4ef4_img_2491.bmp,Underweight
2631,18.2439446367,Female,1,aug_91e9fe44_img_2631.bmp,Underweight
2655,17.7162162162,Female,1,aug_031c59a6_img_2655.bmp,Underweight
287,17.7189666037,Female,1,aug_f205c5bd_img_287.bmp,Underweight
1491,17.7189666037,Female,1,aug_2645adb5_img_1491.bmp,Underweight
1767,18.4572568788,Male,1,aug_4de2a6c5_img_1767.bmp,Underweight
1825,18.1293394168,Male,1,aug_1da1222f_img_1825.bmp,Underweight
2491,18.3072916667,Female,1,aug_4e89c71a_img_2491.bmp,Underweight
2631,18.2439446367,Female,1,aug_85504fbf_img_2631.bmp,Underweight
2655,17.7162162162,Female,1,aug_3b3ef801_img_2655.bmp,Underweight
287,17.7189666037,Female,1,aug_a890a21e_img_287.bmp,Underweight
1491,17.7189666037,Female,1,aug_3145f694_img_1491.bmp,Underweight
1767,18.4572568788,Male,1,aug_de67b0fb_img_1767.bmp,Underweight
1825,18.1293394168,Male,1,aug_de77f53f_img_1825.bmp,Underweight
2491,18.3072916667,Female,1,aug_c121e465_img_2491.bmp,Underweight
2631,18.2439446367,Female,1,aug_186f62c7_img_2631.bmp,Underweight
2655,17.7162162162,Female,1,aug_acceb143_img_2655.bmp,Underweight
287,17.7189666037,Female,1,aug_076cde4f_img_287.bmp,Underweight
1491,17.7189666037,Female,1,aug_3336231d_img_1491.bmp,Underweight
1767,18.4572568788,Male,1,aug_2552eb3d_img_1767.bmp,Underweight
1825,18.1293394168,Male,1,aug_b543a7cc_img_1825.bmp,Underweight
2491,18.3072916667,Female,1,aug_48d880f1_img_2491.bmp,Underweight
2631,18.2439446367,Female,1,aug_d4178868_img_2631.bmp,Underweight
2655,17.7162162162,Female,1,aug_4aa34c61_img_2655.bmp,Underweight
287,17.7189666037,Female,1,aug_73c8c86f_img_287.bmp,Underweight
1491,17.7189666037,Female,1,aug_649318e3_img_1491.bmp,Underweight
1767,18.4572568788,Male,1,aug_6edbdc4e_img_1767.bmp,Underweight
1825,18.1293394168,Male,1,aug_1643f663_img_1825.bmp,Underweight
2491,18.3072916667,Female,1,aug_5294d9d4_img_2491.bmp,Underweight
2631,18.2439446367,Female,1,aug_ad697be4_img_2631.bmp,Underweight
2655,17.7162162162,Female,1,aug_7322719e_img_2655.bmp,Underweight
287,17.7189666037,Female,1,aug_f9d15c2c_img_287.bmp,Underweight
1491,17.7189666037,Female,1,aug_2b021786_img_1491.bmp,Underweight
1767,18.4572568788,Male,1,aug_d3744ec3_img_1767.bmp,Underweight
1825,18.1293394168,Male,1,aug_48c9177c_img_1825.bmp,Underweight
2491,18.3072916667,Female,1,aug_df0c2837_img_2491.bmp,Underweight
2631,18.2439446367,Female,1,aug_aee5425e_img_2631.bmp,Underweight
2655,17.7162162162,Female,1,aug_440a142d_img_2655.bmp,Underweight
287,17.7189666037,Female,1,aug_c1b7cf73_img_287.bmp,Underweight
1491,17.7189666037,Female,1,aug_8524f872_img_1491.bmp,Underweight
1767,18.4572568788,Male,1,aug_fc74dda3_img_1767.bmp,Underweight
1825,18.1293394168,Male,1,aug_747803f9_img_1825.bmp,Underweight
2491,18.3072916667,Female,1,aug_4d28c12d_img_2491.bmp,Underweight
2631,18.2439446367,Female,1,aug_ce6d438f_img_2631.bmp,Underweight
2655,17.7162162162,Female,1,aug_c3c2daf0_img_2655.bmp,Underweight
287,17.7189666037,Female,1,aug_417d90d7_img_287.bmp,Underweight
1491,17.7189666037,Female,1,aug_ce27695a_img_1491.bmp,Underweight
1767,18.4572568788,Male,1,aug_45c0c228_img_1767.bmp,Underweight
1825,18.1293394168,Male,1,aug_3375aa26_img_1825.bmp,Underweight
2491,18.3072916667,Female,1,aug_c5717ccf_img_2491.bmp,Underweight
2631,18.2439446367,Female,1,aug_43fe597e_img_2631.bmp,Underweight
2655,17.7162162162,Female,1,aug_9a2dbec5_img_2655.bmp,Underweight
287,17.7189666037,Female,1,aug_85927957_img_287.bmp,Underweight
1491,17.7189666037,Female,1,aug_5300df81_img_1491.bmp,Underweight
1767,18.4572568788,Male,1,aug_60c7144e_img_1767.bmp,Underweight
1825,18.1293394168,Male,1,aug_af1a98b7_img_1825.bmp,Underweight
2491,18.3072916667,Female,1,aug_f8193fe9_img_2491.bmp,Underweight
2631,18.2439446367,Female,1,aug_041b4470_img_2631.bmp,Underweight
2655,17.7162162162,Female,1,aug_aa73622b_img_2655.bmp,Underweight
287,17.7189666037,Female,1,aug_b27b9464_img_287.bmp,Underweight
1491,17.7189666037,Female,1,aug_9033e800_img_1491.bmp,Underweight
1767,18.4572568788,Male,1,aug_e845b74b_img_1767.bmp,Underweight
1825,18.1293394168,Male,1,aug_e8c347c1_img_1825.bmp,Underweight
2491,18.3072916667,Female,1,aug_d728f704_img_2491.bmp,Underweight
2631,18.2439446367,Female,1,aug_dfe651a1_img_2631.bmp,Underweight
2655,17.7162162162,Female,1,aug_3e2d23be_img_2655.bmp,Underweight
287,17.7189666037,Female,1,aug_9f23e759_img_287.bmp,Underweight
1491,17.7189666037,Female,1,aug_86737e9b_img_1491.bmp,Underweight
1767,18.4572568788,Male,1,aug_906dc200_img_1767.bmp,Underweight
1825,18.1293394168,Male,1,aug_75720024_img_1825.bmp,Underweight
2491,18.3072916667,Female,1,aug_f91a33ea_img_2491.bmp,Underweight
2631,18.2439446367,Female,1,aug_802e8afb_img_2631.bmp,Underweight
2655,17.7162162162,Female,1,aug_d44de494_img_2655.bmp,Underweight
287,17.7189666037,Female,1,aug_8db69113_img_287.bmp,Underweight
1491,17.7189666037,Female,1,aug_bf3ef915_img_1491.bmp,Underweight
1767,18.4572568788,Male,1,aug_5ca2565c_img_1767.bmp,Underweight
1825,18.1293394168,Male,1,aug_adbf9e5c_img_1825.bmp,Underweight
2491,18.3072916667,Female,1,aug_c03ef5d5_img_2491.bmp,Underweight
2631,18.2439446367,Female,1,aug_ad3a7a3a_img_2631.bmp,Underweight
2655,17.7162162162,Female,1,aug_df8df324_img_2655.bmp,Underweight
287,17.7189666037,Female,1,aug_e1cb2a5f_img_287.bmp,Underweight
1491,17.7189666037,Female,1,aug_4776b4a6_img_1491.bmp,Underweight
1767,18.4572568788,Male,1,aug_1b492d08_img_1767.bmp,Underweight
1825,18.1293394168,Male,1,aug_73075acb_img_1825.bmp,Underweight
2491,18.3072916667,Female,1,aug_f67721e6_img_2491.bmp,Underweight
2631,18.2439446367,Female,1,aug_0bd52a56_img_2631.bmp,Underweight
2655,17.7162162162,Female,1,aug_e91c99dd_img_2655.bmp,Underweight
287,17.7189666037,Female,1,aug_1896e4ea_img_287.bmp,Underweight
1491,17.7189666037,Female,1,aug_4f906828_img_1491.bmp,Underweight
1767,18.4572568788,Male,1,aug_0ee5feab_img_1767.bmp,Underweight
1825,18.1293394168,Male,1,aug_1416423d_img_1825.bmp,Underweight
2491,18.3072916667,Female,1,aug_7127d41f_img_2491.bmp,Underweight
2631,18.2439446367,Female,1,aug_b22b9193_img_2631.bmp,Underweight
2655,17.7162162162,Female,1,aug_0c8131aa_img_2655.bmp,Underweight
287,17.7189666037,Female,1,aug_ae975012_img_287.bmp,Underweight
1491,17.7189666037,Female,1,aug_f0c8530f_img_1491.bmp,Underweight
1767,18.4572568788,Male,1,aug_36e1b971_img_1767.bmp,Underweight
1825,18.1293394168,Male,1,aug_a1e2e780_img_1825.bmp,Underweight
2491,18.3072916667,Female,1,aug_30c8e32f_img_2491.bmp,Underweight
2631,18.2439446367,Female,1,aug_59d7d69e_img_2631.bmp,Underweight
2655,17.7162162162,Female,1,aug_6328ce50_img_2655.bmp,Underweight
287,17.7189666037,Female,1,aug_49c5224c_img_287.bmp,Underweight
1491,17.7189666037,Female,1,aug_9ec56d80_img_1491.bmp,Underweight
1767,18.4572568788,Male,1,aug_a55f36e4_img_1767.bmp,Underweight
1825,18.1293394168,Male,1,aug_077c7fd6_img_1825.bmp,Underweight
2491,18.3072916667,Female,1,aug_c7592a9d_img_2491.bmp,Underweight
2631,18.2439446367,Female,1,aug_aea534f0_img_2631.bmp,Underweight
2655,17.7162162162,Female,1,aug_ba2b5ae6_img_2655.bmp,Underweight
287,17.7189666037,Female,1,aug_805cd164_img_287.bmp,Underweight
1491,17.7189666037,Female,1,aug_b9e3662f_img_1491.bmp,Underweight
1767,18.4572568788,Male,1,aug_f047446d_img_1767.bmp,Underweight
1825,18.1293394168,Male,1,aug_c492c3db_img_1825.bmp,Underweight
2491,18.3072916667,Female,1,aug_07151e11_img_2491.bmp,Underweight
2631,18.2439446367,Female,1,aug_2e49e1f2_img_2631.bmp,Underweight
2655,17.7162162162,Female,1,aug_9e8baa30_img_2655.bmp,Underweight
287,17.7189666037,Female,1,aug_bb53e75a_img_287.bmp,Underweight
1491,17.7189666037,Female,1,aug_0f730a46_img_1491.bmp,Underweight
1767,18.4572568788,Male,1,aug_fa4a7d9a_img_1767.bmp,Underweight
1825,18.1293394168,Male,1,aug_28d0a4e3_img_1825.bmp,Underweight
2491,18.3072916667,Female,1,aug_9d6c00eb_img_2491.bmp,Underweight
2631,18.2439446367,Female,1,aug_88271038_img_2631.bmp,Underweight
2655,17.7162162162,Female,1,aug_8b2fedba_img_2655.bmp,Underweight
287,17.7189666037,Female,1,aug_0617e1f1_img_287.bmp,Underweight
1491,17.7189666037,Female,1,aug_5edd0028_img_1491.bmp,Underweight
1767,18.4572568788,Male,1,aug_61bbb61f_img_1767.bmp,Underweight
1825,18.1293394168,Male,1,aug_9526d71b_img_1825.bmp,Underweight
2491,18.3072916667,Female,1,aug_03b9c99f_img_2491.bmp,Underweight
2631,18.2439446367,Female,1,aug_e5b095fe_img_2631.bmp,Underweight
2655,17.7162162162,Female,1,aug_2eb39975_img_2655.bmp,Underweight
287,17.7189666037,Female,1,aug_164d4bb1_img_287.bmp,Underweight
1491,17.7189666037,Female,1,aug_9699dbcd_img_1491.bmp,Underweight
1767,18.4572568788,Male,1,aug_d463cd1b_img_1767.bmp,Underweight
1825,18.1293394168,Male,1,aug_bc039d8b_img_1825.bmp,Underweight
2491,18.3072916667,Female,1,aug_b31f2eb9_img_2491.bmp,Underweight
2631,18.2439446367,Female,1,aug_bccd7fcd_img_2631.bmp,Underweight
2655,17.7162162162,Female,1,aug_89ea1619_img_2655.bmp,Underweight
287,17.7189666037,Female,1,aug_76aaedad_img_287.bmp,Underweight
1491,17.7189666037,Female,1,aug_0c477208_img_1491.bmp,Underweight
1767,18.4572568788,Male,1,aug_c5c72aa3_img_1767.bmp,Underweight
1825,18.1293394168,Male,1,aug_718e5b19_img_1825.bmp,Underweight
2491,18.3072916667,Female,1,aug_551e555e_img_2491.bmp,Underweight
2631,18.2439446367,Female,1,aug_bb41decf_img_2631.bmp,Underweight
2655,17.7162162162,Female,1,aug_f4daac9b_img_2655.bmp,Underweight
287,17.7189666037,Female,1,aug_3aae6377_img_287.bmp,Underweight
1491,17.7189666037,Female,1,aug_8c040783_img_1491.bmp,Underweight
1767,18.4572568788,Male,1,aug_7e86b672_img_1767.bmp,Underweight
1825,18.1293394168,Male,1,aug_f54c55ca_img_1825.bmp,Underweight
2491,18.3072916667,Female,1,aug_f648f8ac_img_2491.bmp,Underweight
2631,18.2439446367,Female,1,aug_e85bf855_img_2631.bmp,Underweight
2655,17.7162162162,Female,1,aug_6f688a40_img_2655.bmp,Underweight
287,17.7189666037,Female,1,aug_1631121f_img_287.bmp,Underweight
1491,17.7189666037,Female,1,aug_3a0ef3ea_img_1491.bmp,Underweight
1767,18.4572568788,Male,1,aug_8f2fbd26_img_1767.bmp,Underweight
1825,18.1293394168,Male,1,aug_509ef67a_img_1825.bmp,Underweight
2491,18.3072916667,Female,1,aug_e3470a37_img_2491.bmp,Underweight
2631,18.2439446367,Female,1,aug_b4f63f5d_img_2631.bmp,Underweight
2655,17.7162162162,Female,1,aug_275cfdcd_img_2655.bmp,Underweight
287,17.7189666037,Female,1,aug_b06b1c79_img_287.bmp,Underweight
1491,17.7189666037,Female,1,aug_2002f374_img_1491.bmp,Underweight
1767,18.4572568788,Male,1,aug_c4e9250f_img_1767.bmp,Underweight
1825,18.1293394168,Male,1,aug_6a9c0b9f_img_1825.bmp,Underweight
2491,18.3072916667,Female,1,aug_af602e2c_img_2491.bmp,Underweight
2631,18.2439446367,Female,1,aug_f0d43504_img_2631.bmp,Underweight
2655,17.7162162162,Female,1,aug_9b6743d6_img_2655.bmp,Underweight
287,17.7189666037,Female,1,aug_c9e99941_img_287.bmp,Underweight
1491,17.7189666037,Female,1,aug_e6351a01_img_1491.bmp,Underweight
1767,18.4572568788,Male,1,aug_c5158e1c_img_1767.bmp,Underweight
1825,18.1293394168,Male,1,aug_491b648d_img_1825.bmp,Underweight
2491,18.3072916667,Female,1,aug_ba799ff9_img_2491.bmp,Underweight
2631,18.2439446367,Female,1,aug_05554966_img_2631.bmp,Underweight
2655,17.7162162162,Female,1,aug_2b28e9b4_img_2655.bmp,Underweight
287,17.7189666037,Female,1,aug_d461eea5_img_287.bmp,Underweight
1491,17.7189666037,Female,1,aug_ca5e3ba8_img_1491.bmp,Underweight
1767,18.4572568788,Male,1,aug_e75bebd4_img_1767.bmp,Underweight
1825,18.1293394168,Male,1,aug_77f69f2f_img_1825.bmp,Underweight
2491,18.3072916667,Female,1,aug_fb0a5bfd_img_2491.bmp,Underweight
2631,18.2439446367,Female,1,aug_21c88fe3_img_2631.bmp,Underweight
2655,17.7162162162,Female,1,aug_e20db1b1_img_2655.bmp,Underweight
287,17.7189666037,Female,1,aug_3df48653_img_287.bmp,Underweight
1491,17.7189666037,Female,1,aug_1ba9120d_img_1491.bmp,Underweight
1767,18.4572568788,Male,1,aug_d11ef193_img_1767.bmp,Underweight
1825,18.1293394168,Male,1,aug_6aa6e65c_img_1825.bmp,Underweight
2491,18.3072916667,Female,1,aug_bed41196_img_2491.bmp,Underweight
2631,18.2439446367,Female,1,aug_ec1627ce_img_2631.bmp,Underweight
2655,17.7162162162,Female,1,aug_9ba760ad_img_2655.bmp,Underweight
287,17.7189666037,Female,1,aug_54d49f93_img_287.bmp,Underweight
1491,17.7189666037,Female,1,aug_e5770a06_img_1491.bmp,Underweight
1767,18.4572568788,Male,1,aug_5b61c5cc_img_1767.bmp,Underweight
1825,18.1293394168,Male,1,aug_4c725278_img_1825.bmp,Underweight
2491,18.3072916667,Female,1,aug_9feaa640_img_2491.bmp,Underweight
2631,18.2439446367,Female,1,aug_f7867da4_img_2631.bmp,Underweight
2655,17.7162162162,Female,1,aug_16affab4_img_2655.bmp,Underweight
287,17.7189666037,Female,1,aug_b243dbb3_img_287.bmp,Underweight
1491,17.7189666037,Female,1,aug_ddddd2fd_img_1491.bmp,Underweight
1767,18.4572568788,Male,1,aug_0fb97f2e_img_1767.bmp,Underweight
1825,18.1293394168,Male,1,aug_e3d8d8b1_img_1825.bmp,Underweight
2491,18.3072916667,Female,1,aug_6f2c6896_img_2491.bmp,Underweight
2631,18.2439446367,Female,1,aug_b9b4c603_img_2631.bmp,Underweight
2655,17.7162162162,Female,1,aug_491b4708_img_2655.bmp,Underweight
287,17.7189666037,Female,1,aug_82c167db_img_287.bmp,Underweight
1491,17.7189666037,Female,1,aug_68841197_img_1491.bmp,Underweight
1767,18.4572568788,Male,1,aug_8f7b6fe8_img_1767.bmp,Underweight
1825,18.1293394168,Male,1,aug_8549b90e_img_1825.bmp,Underweight
2491,18.3072916667,Female,1,aug_0b0164c2_img_2491.bmp,Underweight
2631,18.2439446367,Female,1,aug_d59ef89d_img_2631.bmp,Underweight
2655,17.7162162162,Female,1,aug_460520a7_img_2655.bmp,Underweight
287,17.7189666037,Female,1,aug_cd7e71cd_img_287.bmp,Underweight
1491,17.7189666037,Female,1,aug_086c6cb0_img_1491.bmp,Underweight
1767,18.4572568788,Male,1,aug_53d641eb_img_1767.bmp,Underweight
1825,18.1293394168,Male,1,aug_3d1ef5b5_img_1825.bmp,Underweight
2491,18.3072916667,Female,1,aug_07583958_img_2491.bmp,Underweight
2631,18.2439446367,Female,1,aug_61a96418_img_2631.bmp,Underweight
2655,17.7162162162,Female,1,aug_ea3fdebf_img_2655.bmp,Underweight
287,17.7189666037,Female,1,aug_cce394e4_img_287.bmp,Underweight
1491,17.7189666037,Female,1,aug_a89f93a8_img_1491.bmp,Underweight
1767,18.4572568788,Male,1,aug_dfa09ba4_img_1767.bmp,Underweight
1825,18.1293394168,Male,1,aug_4702c2f2_img_1825.bmp,Underweight
2491,18.3072916667,Female,1,aug_a58dd5ca_img_2491.bmp,Underweight
2631,18.2439446367,Female,1,aug_a164bc5c_img_2631.bmp,Underweight
2655,17.7162162162,Female,1,aug_0332fd13_img_2655.bmp,Underweight
287,17.7189666037,Female,1,aug_8c9fa96f_img_287.bmp,Underweight
1491,17.7189666037,Female,1,aug_4887cfaf_img_1491.bmp,Underweight
1767,18.4572568788,Male,1,aug_4acef458_img_1767.bmp,Underweight
1825,18.1293394168,Male,1,aug_a76efcd6_img_1825.bmp,Underweight
2491,18.3072916667,Female,1,aug_1d224139_img_2491.bmp,Underweight
2631,18.2439446367,Female,1,aug_97aef2ab_img_2631.bmp,Underweight
2655,17.7162162162,Female,1,aug_e45f8509_img_2655.bmp,Underweight
287,17.7189666037,Female,1,aug_1bfea273_img_287.bmp,Underweight
1491,17.7189666037,Female,1,aug_3b0ff8e4_img_1491.bmp,Underweight
1767,18.4572568788,Male,1,aug_3f2eaeb7_img_1767.bmp,Underweight
1825,18.1293394168,Male,1,aug_9e47d42f_img_1825.bmp,Underweight
2491,18.3072916667,Female,1,aug_eb1b6d26_img_2491.bmp,Underweight
2631,18.2439446367,Female,1,aug_5ecbc176_img_2631.bmp,Underweight
2655,17.7162162162,Female,1,aug_173b4abc_img_2655.bmp,Underweight
287,17.7189666037,Female,1,aug_bbde9b0e_img_287.bmp,Underweight
1491,17.7189666037,Female,1,aug_064d51c1_img_1491.bmp,Underweight
1767,18.4572568788,Male,1,aug_acf5cae3_img_1767.bmp,Underweight
1825,18.1293394168,Male,1,aug_c36d41de_img_1825.bmp,Underweight
2491,18.3072916667,Female,1,aug_5acb6a8b_img_2491.bmp,Underweight
2631,18.2439446367,Female,1,aug_e7436f69_img_2631.bmp,Underweight
2655,17.7162162162,Female,1,aug_65c73d7d_img_2655.bmp,Underweight
287,17.7189666037,Female,1,aug_37c35e76_img_287.bmp,Underweight
1491,17.7189666037,Female,1,aug_d8f6c500_img_1491.bmp,Underweight
1767,18.4572568788,Male,1,aug_5d327b8a_img_1767.bmp,Underweight
1825,18.1293394168,Male,1,aug_0b273bf6_img_1825.bmp,Underweight
2491,18.3072916667,Female,1,aug_cde92a29_img_2491.bmp,Underweight
2631,18.2439446367,Female,1,aug_41823cbc_img_2631.bmp,Underweight
2655,17.7162162162,Female,1,aug_8286025b_img_2655.bmp,Underweight
287,17.7189666037,Female,1,aug_f9d435e3_img_287.bmp,Underweight
1491,17.7189666037,Female,1,aug_6f54b6bb_img_1491.bmp,Underweight
1767,18.4572568788,Male,1,aug_eb2a17be_img_1767.bmp,Underweight
1825,18.1293394168,Male,1,aug_0b92c663_img_1825.bmp,Underweight
2491,18.3072916667,Female,1,aug_08db79c7_img_2491.bmp,Underweight
2631,18.2439446367,Female,1,aug_b7ac9e14_img_2631.bmp,Underweight
2655,17.7162162162,Female,1,aug_49d785d8_img_2655.bmp,Underweight
287,17.7189666037,Female,1,aug_beece78d_img_287.bmp,Underweight
1491,17.7189666037,Female,1,aug_daf60888_img_1491.bmp,Underweight
1767,18.4572568788,Male,1,aug_0b2bdce1_img_1767.bmp,Underweight
1825,18.1293394168,Male,1,aug_740e7231_img_1825.bmp,Underweight
2491,18.3072916667,Female,1,aug_ebe46a74_img_2491.bmp,Underweight
2631,18.2439446367,Female,1,aug_be261547_img_2631.bmp,Underweight
2655,17.7162162162,Female,1,aug_0a9902d3_img_2655.bmp,Underweight
287,17.7189666037,Female,1,aug_88220ef6_img_287.bmp,Underweight
1491,17.7189666037,Female,1,aug_ae49f689_img_1491.bmp,Underweight
1767,18.4572568788,Male,1,aug_f5d194e4_img_1767.bmp,Underweight
1825,18.1293394168,Male,1,aug_cdfeef85_img_1825.bmp,Underweight
2491,18.3072916667,Female,1,aug_2bb7d2a2_img_2491.bmp,Underweight
2631,18.2439446367,Female,1,aug_1657bf1a_img_2631.bmp,Underweight
2655,17.7162162162,Female,1,aug_b3a9f233_img_2655.bmp,Underweight
287,17.7189666037,Female,1,aug_23f4e9bb_img_287.bmp,Underweight
1491,17.7189666037,Female,1,aug_771fd4c4_img_1491.bmp,Underweight
1767,18.4572568788,Male,1,aug_afe9dbf0_img_1767.bmp,Underweight
1825,18.1293394168,Male,1,aug_e5ca5830_img_1825.bmp,Underweight
2491,18.3072916667,Female,1,aug_4eafba81_img_2491.bmp,Underweight
2631,18.2439446367,Female,1,aug_53064166_img_2631.bmp,Underweight
2655,17.7162162162,Female,1,aug_0c50782c_img_2655.bmp,Underweight
287,17.7189666037,Female,1,aug_558b0c98_img_287.bmp,Underweight
1491,17.7189666037,Female,1,aug_904d3d81_img_1491.bmp,Underweight
1767,18.4572568788,Male,1,aug_fa5e47fb_img_1767.bmp,Underweight
1825,18.1293394168,Male,1,aug_053d0dc8_img_1825.bmp,Underweight
2491,18.3072916667,Female,1,aug_999a0f58_img_2491.bmp,Underweight
2631,18.2439446367,Female,1,aug_b831cf00_img_2631.bmp,Underweight
2655,17.7162162162,Female,1,aug_88c43c4e_img_2655.bmp,Underweight
287,17.7189666037,Female,1,aug_59bfd0ef_img_287.bmp,Underweight
1491,17.7189666037,Female,1,aug_fe39c039_img_1491.bmp,Underweight
1767,18.4572568788,Male,1,aug_dff5d6a6_img_1767.bmp,Underweight
1825,18.1293394168,Male,1,aug_4d5fbd01_img_1825.bmp,Underweight
2491,18.3072916667,Female,1,aug_023f3e3f_img_2491.bmp,Underweight
2631,18.2439446367,Female,1,aug_ce01eb17_img_2631.bmp,Underweight
2655,17.7162162162,Female,1,aug_181da846_img_2655.bmp,Underweight
287,17.7189666037,Female,1,aug_32dcfea0_img_287.bmp,Underweight
1491,17.7189666037,Female,1,aug_49e7e937_img_1491.bmp,Underweight
1767,18.4572568788,Male,1,aug_06173c40_img_1767.bmp,Underweight
1825,18.1293394168,Male,1,aug_57dcb155_img_1825.bmp,Underweight
2491,18.3072916667,Female,1,aug_8e608d96_img_2491.bmp,Underweight
2631,18.2439446367,Female,1,aug_14c67c42_img_2631.bmp,Underweight
2655,17.7162162162,Female,1,aug_0478f7a6_img_2655.bmp,Underweight
287,17.7189666037,Female,1,aug_8203f7b8_img_287.bmp,Underweight
1491,17.7189666037,Female,1,aug_9ff3db6c_img_1491.bmp,Underweight
1767,18.4572568788,Male,1,aug_7077ca63_img_1767.bmp,Underweight
1825,18.1293394168,Male,1,aug_e151ac63_img_1825.bmp,Underweight
2491,18.3072916667,Female,1,aug_51eb52a0_img_2491.bmp,Underweight
2631,18.2439446367,Female,1,aug_6b17ce54_img_2631.bmp,Underweight
2655,17.7162162162,Female,1,aug_50f4d009_img_2655.bmp,Underweight
287,17.7189666037,Female,1,aug_c2445ae1_img_287.bmp,Underweight
1491,17.7189666037,Female,1,aug_d7c8ed67_img_1491.bmp,Underweight
1767,18.4572568788,Male,1,aug_f5f4c60b_img_1767.bmp,Underweight
1825,18.1293394168,Male,1,aug_8f511434_img_1825.bmp,Underweight
2491,18.3072916667,Female,1,aug_60073a38_img_2491.bmp,Underweight
2631,18.2439446367,Female,1,aug_e0c2620c_img_2631.bmp,Underweight
2655,17.7162162162,Female,1,aug_72ad066f_img_2655.bmp,Underweight
287,17.7189666037,Female,1,aug_8c429c73_img_287.bmp,Underweight
1491,17.7189666037,Female,1,aug_eabb39f5_img_1491.bmp,Underweight
1767,18.4572568788,Male,1,aug_2aad216c_img_1767.bmp,Underweight
1825,18.1293394168,Male,1,aug_21bcfff2_img_1825.bmp,Underweight
2491,18.3072916667,Female,1,aug_362157e6_img_2491.bmp,Underweight
2631,18.2439446367,Female,1,aug_106e00f9_img_2631.bmp,Underweight
2655,17.7162162162,Female,1,aug_f1f92676_img_2655.bmp,Underweight
287,17.7189666037,Female,1,aug_a59d231c_img_287.bmp,Underweight
1491,17.7189666037,Female,1,aug_f83e98f9_img_1491.bmp,Underweight
1767,18.4572568788,Male,1,aug_80179499_img_1767.bmp,Underweight
1825,18.1293394168,Male,1,aug_ce63f8d3_img_1825.bmp,Underweight
2491,18.3072916667,Female,1,aug_25999348_img_2491.bmp,Underweight
2631,18.2439446367,Female,1,aug_3bef9698_img_2631.bmp,Underweight
2655,17.7162162162,Female,1,aug_ec7be3a2_img_2655.bmp,Underweight
287,17.7189666037,Female,1,aug_fe7c83ae_img_287.bmp,Underweight
1491,17.7189666037,Female,1,aug_30f6d010_img_1491.bmp,Underweight
1767,18.4572568788,Male,1,aug_e67885d4_img_1767.bmp,Underweight
1825,18.1293394168,Male,1,aug_54bae802_img_1825.bmp,Underweight
2491,18.3072916667,Female,1,aug_be63eea8_img_2491.bmp,Underweight
2631,18.2439446367,Female,1,aug_34cf30cf_img_2631.bmp,Underweight
2655,17.7162162162,Female,1,aug_50397ffc_img_2655.bmp,Underweight
287,17.7189666037,Female,1,aug_8bdf4a37_img_287.bmp,Underweight
1491,17.7189666037,Female,1,aug_43ad0517_img_1491.bmp,Underweight
1767,18.4572568788,Male,1,aug_59a6b48f_img_1767.bmp,Underweight
1825,18.1293394168,Male,1,aug_37a6dfd5_img_1825.bmp,Underweight
2491,18.3072916667,Female,1,aug_69cb83e9_img_2491.bmp,Underweight
2631,18.2439446367,Female,1,aug_c45fdc95_img_2631.bmp,Underweight
2655,17.7162162162,Female,1,aug_a4895186_img_2655.bmp,Underweight
287,17.7189666037,Female,1,aug_e7b3c584_img_287.bmp,Underweight
1491,17.7189666037,Female,1,aug_06ba5d0f_img_1491.bmp,Underweight
1767,18.4572568788,Male,1,aug_678f7e45_img_1767.bmp,Underweight
1825,18.1293394168,Male,1,aug_97b0b4df_img_1825.bmp,Underweight
2491,18.3072916667,Female,1,aug_2c30a03e_img_2491.bmp,Underweight
2631,18.2439446367,Female,1,aug_b35ebf8d_img_2631.bmp,Underweight
2655,17.7162162162,Female,1,aug_f16f5a3d_img_2655.bmp,Underweight
287,17.7189666037,Female,1,aug_a9c569ce_img_287.bmp,Underweight
1491,17.7189666037,Female,1,aug_15164608_img_1491.bmp,Underweight
1767,18.4572568788,Male,1,aug_44070377_img_1767.bmp,Underweight
1825,18.1293394168,Male,1,aug_d5b48c54_img_1825.bmp,Underweight
2491,18.3072916667,Female,1,aug_93e8ddc3_img_2491.bmp,Underweight
2631,18.2439446367,Female,1,aug_97338989_img_2631.bmp,Underweight
2655,17.7162162162,Female,1,aug_a4aa75e8_img_2655.bmp,Underweight
287,17.7189666037,Female,1,aug_e2e7e7a3_img_287.bmp,Underweight
1491,17.7189666037,Female,1,aug_82039be9_img_1491.bmp,Underweight
1767,18.4572568788,Male,1,aug_fc165e52_img_1767.bmp,Underweight
1825,18.1293394168,Male,1,aug_948bf7cb_img_1825.bmp,Underweight
2491,18.3072916667,Female,1,aug_cb3974f2_img_2491.bmp,Underweight
2631,18.2439446367,Female,1,aug_6510e0f0_img_2631.bmp,Underweight
2655,17.7162162162,Female,1,aug_d47032fe_img_2655.bmp,Underweight
287,17.7189666037,Female,1,aug_d7407603_img_287.bmp,Underweight
1491,17.7189666037,Female,1,aug_3848d34f_img_1491.bmp,Underweight
1767,18.4572568788,Male,1,aug_df0c8b37_img_1767.bmp,Underweight
1825,18.1293394168,Male,1,aug_a312ae35_img_1825.bmp,Underweight
2491,18.3072916667,Female,1,aug_4d1a8fc9_img_2491.bmp,Underweight
2631,18.2439446367,Female,1,aug_ff12821c_img_2631.bmp,Underweight
2655,17.7162162162,Female,1,aug_63cc6731_img_2655.bmp,Underweight
287,17.7189666037,Female,1,aug_44f61296_img_287.bmp,Underweight
1491,17.7189666037,Female,1,aug_a503ff16_img_1491.bmp,Underweight
1767,18.4572568788,Male,1,aug_f1f44a67_img_1767.bmp,Underweight
1825,18.1293394168,Male,1,aug_4fff6347_img_1825.bmp,Underweight
2491,18.3072916667,Female,1,aug_d2a33460_img_2491.bmp,Underweight
2631,18.2439446367,Female,1,aug_57db15a8_img_2631.bmp,Underweight
2655,17.7162162162,Female,1,aug_90b4a5a0_img_2655.bmp,Underweight
287,17.7189666037,Female,1,aug_318e9f65_img_287.bmp,Underweight
1491,17.7189666037,Female,1,aug_97ad0a7e_img_1491.bmp,Underweight
1767,18.4572568788,Male,1,aug_df6f2d9f_img_1767.bmp,Underweight
1825,18.1293394168,Male,1,aug_132c87cb_img_1825.bmp,Underweight
2491,18.3072916667,Female,1,aug_260423d7_img_2491.bmp,Underweight
2631,18.2439446367,Female,1,aug_0114998e_img_2631.bmp,Underweight
2655,17.7162162162,Female,1,aug_6a225758_img_2655.bmp,Underweight
287,17.7189666037,Female,1,aug_8af22449_img_287.bmp,Underweight
1491,17.7189666037,Female,1,aug_10c12e36_img_1491.bmp,Underweight
1767,18.4572568788,Male,1,aug_8c9c522d_img_1767.bmp,Underweight
1825,18.1293394168,Male,1,aug_99120cc5_img_1825.bmp,Underweight
2491,18.3072916667,Female,1,aug_8828b219_img_2491.bmp,Underweight
2631,18.2439446367,Female,1,aug_9383db78_img_2631.bmp,Underweight
2655,17.7162162162,Female,1,aug_cc571b71_img_2655.bmp,Underweight
287,17.7189666037,Female,1,aug_ad94135f_img_287.bmp,Underweight
1491,17.7189666037,Female,1,aug_9ac80799_img_1491.bmp,Underweight
1767,18.4572568788,Male,1,aug_075f548b_img_1767.bmp,Underweight
1825,18.1293394168,Male,1,aug_917efe24_img_1825.bmp,Underweight
2491,18.3072916667,Female,1,aug_55e40147_img_2491.bmp,Underweight
2631,18.2439446367,Female,1,aug_40d8d701_img_2631.bmp,Underweight
2655,17.7162162162,Female,1,aug_61d10a48_img_2655.bmp,Underweight
287,17.7189666037,Female,1,aug_c7c908bf_img_287.bmp,Underweight
1491,17.7189666037,Female,1,aug_002e9584_img_1491.bmp,Underweight
1767,18.4572568788,Male,1,aug_77d99b0e_img_1767.bmp,Underweight
1825,18.1293394168,Male,1,aug_6f5f9663_img_1825.bmp,Underweight
2491,18.3072916667,Female,1,aug_a633dd83_img_2491.bmp,Underweight
2631,18.2439446367,Female,1,aug_9e90c78f_img_2631.bmp,Underweight
2655,17.7162162162,Female,1,aug_64e89ea7_img_2655.bmp,Underweight
287,17.7189666037,Female,1,aug_816885aa_img_287.bmp,Underweight
1491,17.7189666037,Female,1,aug_b53e29b2_img_1491.bmp,Underweight
1767,18.4572568788,Male,1,aug_05e9963f_img_1767.bmp,Underweight
1825,18.1293394168,Male,1,aug_65175073_img_1825.bmp,Underweight
2491,18.3072916667,Female,1,aug_7432ac5e_img_2491.bmp,Underweight
2631,18.2439446367,Female,1,aug_560d4aa3_img_2631.bmp,Underweight
2655,17.7162162162,Female,1,aug_c52db1e4_img_2655.bmp,Underweight
287,17.7189666037,Female,1,aug_1d866cf9_img_287.bmp,Underweight
1491,17.7189666037,Female,1,aug_0c0a3475_img_1491.bmp,Underweight
1767,18.4572568788,Male,1,aug_b2bd3368_img_1767.bmp,Underweight
1825,18.1293394168,Male,1,aug_928c1717_img_1825.bmp,Underweight
2491,18.3072916667,Female,1,aug_07d9fbb8_img_2491.bmp,Underweight
2631,18.2439446367,Female,1,aug_15ec89cb_img_2631.bmp,Underweight
2655,17.7162162162,Female,1,aug_bac406e9_img_2655.bmp,Underweight
287,17.7189666037,Female,1,aug_b9efb037_img_287.bmp,Underweight
1491,17.7189666037,Female,1,aug_bb4605dc_img_1491.bmp,Underweight
1767,18.4572568788,Male,1,aug_0b185835_img_1767.bmp,Underweight
1825,18.1293394168,Male,1,aug_7d3f5772_img_1825.bmp,Underweight
2491,18.3072916667,Female,1,aug_c7d6e2be_img_2491.bmp,Underweight
2631,18.2439446367,Female,1,aug_f7a2d844_img_2631.bmp,Underweight
2655,17.7162162162,Female,1,aug_8bb55cec_img_2655.bmp,Underweight
287,17.7189666037,Female,1,aug_8cae5278_img_287.bmp,Underweight
1491,17.7189666037,Female,1,aug_a84fcaa9_img_1491.bmp,Underweight
1767,18.4572568788,Male,1,aug_af17b09d_img_1767.bmp,Underweight
1825,18.1293394168,Male,1,aug_74256b0d_img_1825.bmp,Underweight
2491,18.3072916667,Female,1,aug_4bcdabff_img_2491.bmp,Underweight
2631,18.2439446367,Female,1,aug_95054bc9_img_2631.bmp,Underweight
2655,17.7162162162,Female,1,aug_f34bfc14_img_2655.bmp,Underweight
287,17.7189666037,Female,1,aug_b2bccc81_img_287.bmp,Underweight
1491,17.7189666037,Female,1,aug_6db3fe95_img_1491.bmp,Underweight
1767,18.4572568788,Male,1,aug_12be5e05_img_1767.bmp,Underweight
1825,18.1293394168,Male,1,aug_305667e4_img_1825.bmp,Underweight
2491,18.3072916667,Female,1,aug_fa645ca8_img_2491.bmp,Underweight
2631,18.2439446367,Female,1,aug_8697a4dd_img_2631.bmp,Underweight
2655,17.7162162162,Female,1,aug_5187a2a6_img_2655.bmp,Underweight
287,17.7189666037,Female,1,aug_2ff0a13f_img_287.bmp,Underweight
1491,17.7189666037,Female,1,aug_c98f7ba4_img_1491.bmp,Underweight
1767,18.4572568788,Male,1,aug_49f451e5_img_1767.bmp,Underweight
1825,18.1293394168,Male,1,aug_313c4b5a_img_1825.bmp,Underweight
2491,18.3072916667,Female,1,aug_101e644f_img_2491.bmp,Underweight
2631,18.2439446367,Female,1,aug_b88ed4ca_img_2631.bmp,Underweight
2655,17.7162162162,Female,1,aug_bb97e482_img_2655.bmp,Underweight
287,17.7189666037,Female,1,aug_a0837495_img_287.bmp,Underweight
1491,17.7189666037,Female,1,aug_cb4e6562_img_1491.bmp,Underweight
1767,18.4572568788,Male,1,aug_33052e26_img_1767.bmp,Underweight
1825,18.1293394168,Male,1,aug_f078f65a_img_1825.bmp,Underweight
2491,18.3072916667,Female,1,aug_7358eddd_img_2491.bmp,Underweight
2631,18.2439446367,Female,1,aug_a76ab2f7_img_2631.bmp,Underweight
2655,17.7162162162,Female,1,aug_45ae7ac6_img_2655.bmp,Underweight
287,17.7189666037,Female,1,aug_b327da2c_img_287.bmp,Underweight
1491,17.7189666037,Female,1,aug_d0da13f2_img_1491.bmp,Underweight
1767,18.4572568788,Male,1,aug_c6e226ec_img_1767.bmp,Underweight
1825,18.1293394168,Male,1,aug_caee5ac9_img_1825.bmp,Underweight
2491,18.3072916667,Female,1,aug_2fa27bb6_img_2491.bmp,Underweight
2631,18.2439446367,Female,1,aug_bbf8f1c2_img_2631.bmp,Underweight
2655,17.7162162162,Female,1,aug_f0c32ea6_img_2655.bmp,Underweight
287,17.7189666037,Female,1,aug_78ffa6c0_img_287.bmp,Underweight
1491,17.7189666037,Female,1,aug_bbb355cb_img_1491.bmp,Underweight
1767,18.4572568788,Male,1,aug_43a21e49_img_1767.bmp,Underweight
1825,18.1293394168,Male,1,aug_f04e6c3b_img_1825.bmp,Underweight
2491,18.3072916667,Female,1,aug_1506ec4e_img_2491.bmp,Underweight
2631,18.2439446367,Female,1,aug_0012704d_img_2631.bmp,Underweight
2655,17.7162162162,Female,1,aug_06ae3656_img_2655.bmp,Underweight
287,17.7189666037,Female,1,aug_9340bfe4_img_287.bmp,Underweight
1491,17.7189666037,Female,1,aug_5911c9a5_img_1491.bmp,Underweight
1767,18.4572568788,Male,1,aug_2dc26e3e_img_1767.bmp,Underweight
1825,18.1293394168,Male,1,aug_0e5ae8ab_img_1825.bmp,Underweight
2491,18.3072916667,Female,1,aug_61abecaa_img_2491.bmp,Underweight
2631,18.2439446367,Female,1,aug_a260f1c7_img_2631.bmp,Underweight
2655,17.7162162162,Female,1,aug_c64b473d_img_2655.bmp,Underweight
287,17.7189666037,Female,1,aug_53e478aa_img_287.bmp,Underweight
1491,17.7189666037,Female,1,aug_e385edb8_img_1491.bmp,Underweight
1767,18.4572568788,Male,1,aug_fa39a21a_img_1767.bmp,Underweight
1825,18.1293394168,Male,1,aug_ad8e9fb4_img_1825.bmp,Underweight
2491,18.3072916667,Female,1,aug_a3375b5b_img_2491.bmp,Underweight
2631,18.2439446367,Female,1,aug_754c462e_img_2631.bmp,Underweight
2655,17.7162162162,Female,1,aug_68722932_img_2655.bmp,Underweight
287,17.7189666037,Female,1,aug_85bf836c_img_287.bmp,Underweight
1491,17.7189666037,Female,1,aug_cb252d86_img_1491.bmp,Underweight
1767,18.4572568788,Male,1,aug_f82128a0_img_1767.bmp,Underweight
1825,18.1293394168,Male,1,aug_ef312843_img_1825.bmp,Underweight
2491,18.3072916667,Female,1,aug_cf462632_img_2491.bmp,Underweight
2631,18.2439446367,Female,1,aug_2e9b0d9a_img_2631.bmp,Underweight
2655,17.7162162162,Female,1,aug_537c3b97_img_2655.bmp,Underweight
287,17.7189666037,Female,1,aug_f90ec9c8_img_287.bmp,Underweight
1491,17.7189666037,Female,1,aug_fff62772_img_1491.bmp,Underweight
1767,18.4572568788,Male,1,aug_1f1bfd3d_img_1767.bmp,Underweight
1825,18.1293394168,Male,1,aug_86487116_img_1825.bmp,Underweight
2491,18.3072916667,Female,1,aug_bfb35e78_img_2491.bmp,Underweight
2631,18.2439446367,Female,1,aug_2256ce3c_img_2631.bmp,Underweight
2655,17.7162162162,Female,1,aug_d7be774d_img_2655.bmp,Underweight
287,17.7189666037,Female,1,aug_156a8ecd_img_287.bmp,Underweight
1491,17.7189666037,Female,1,aug_a4227cf2_img_1491.bmp,Underweight
1767,18.4572568788,Male,1,aug_927cea9c_img_1767.bmp,Underweight
1825,18.1293394168,Male,1,aug_d78c09e2_img_1825.bmp,Underweight
2491,18.3072916667,Female,1,aug_a05924b1_img_2491.bmp,Underweight
2631,18.2439446367,Female,1,aug_cd118f1b_img_2631.bmp,Underweight
2655,17.7162162162,Female,1,aug_d49cc602_img_2655.bmp,Underweight
287,17.7189666037,Female,1,aug_85a07c66_img_287.bmp,Underweight
1491,17.7189666037,Female,1,aug_2690ca70_img_1491.bmp,Underweight
1767,18.4572568788,Male,1,aug_c5700376_img_1767.bmp,Underweight
1825,18.1293394168,Male,1,aug_7981790f_img_1825.bmp,Underweight
2491,18.3072916667,Female,1,aug_6fea76a7_img_2491.bmp,Underweight
2631,18.2439446367,Female,1,aug_cd55bb5f_img_2631.bmp,Underweight
2655,17.7162162162,Female,1,aug_479433f1_img_2655.bmp,Underweight
287,17.7189666037,Female,1,aug_04226f9d_img_287.bmp,Underweight
1491,17.7189666037,Female,1,aug_5058e5f0_img_1491.bmp,Underweight
1767,18.4572568788,Male,1,aug_a3573eb0_img_1767.bmp,Underweight
1825,18.1293394168,Male,1,aug_dac17dd3_img_1825.bmp,Underweight
2491,18.3072916667,Female,1,aug_c85433ff_img_2491.bmp,Underweight
2631,18.2439446367,Female,1,aug_b69d5148_img_2631.bmp,Underweight
2655,17.7162162162,Female,1,aug_b8ceef20_img_2655.bmp,Underweight
287,17.7189666037,Female,1,aug_b92b96f9_img_287.bmp,Underweight
1491,17.7189666037,Female,1,aug_e1adc791_img_1491.bmp,Underweight
1767,18.4572568788,Male,1,aug_787fe5c4_img_1767.bmp,Underweight
1825,18.1293394168,Male,1,aug_35a1ab5b_img_1825.bmp,Underweight
2491,18.3072916667,Female,1,aug_ad877e11_img_2491.bmp,Underweight
2631,18.2439446367,Female,1,aug_b48e4b2b_img_2631.bmp,Underweight
2655,17.7162162162,Female,1,aug_cbd84101_img_2655.bmp,Underweight
287,17.7189666037,Female,1,aug_52eed79b_img_287.bmp,Underweight
1491,17.7189666037,Female,1,aug_ddbefa57_img_1491.bmp,Underweight
1767,18.4572568788,Male,1,aug_b3ccab61_img_1767.bmp,Underweight
1825,18.1293394168,Male,1,aug_560a1567_img_1825.bmp,Underweight
2491,18.3072916667,Female,1,aug_0fcbc789_img_2491.bmp,Underweight
2631,18.2439446367,Female,1,aug_14120740_img_2631.bmp,Underweight
2655,17.7162162162,Female,1,aug_b2c1e403_img_2655.bmp,Underweight
287,17.7189666037,Female,1,aug_20ced40e_img_287.bmp,Underweight
1491,17.7189666037,Female,1,aug_8e587341_img_1491.bmp,Underweight
1767,18.4572568788,Male,1,aug_3a062fc8_img_1767.bmp,Underweight
1825,18.1293394168,Male,1,aug_24c6b45f_img_1825.bmp,Underweight
2491,18.3072916667,Female,1,aug_adafaaac_img_2491.bmp,Underweight
2631,18.2439446367,Female,1,aug_99c32123_img_2631.bmp,Underweight
2655,17.7162162162,Female,1,aug_b0fd5dc0_img_2655.bmp,Underweight
287,17.7189666037,Female,1,aug_c96afccb_img_287.bmp,Underweight
1491,17.7189666037,Female,1,aug_6a4da4fc_img_1491.bmp,Underweight
1767,18.4572568788,Male,1,aug_9797a99d_img_1767.bmp,Underweight
1825,18.1293394168,Male,1,aug_1cce1f80_img_1825.bmp,Underweight
2491,18.3072916667,Female,1,aug_ba3b0df2_img_2491.bmp,Underweight
2631,18.2439446367,Female,1,aug_22f9154e_img_2631.bmp,Underweight
2655,17.7162162162,Female,1,aug_cdf7c1c8_img_2655.bmp,Underweight
287,17.7189666037,Female,1,aug_f960df95_img_287.bmp,Underweight
1491,17.7189666037,Female,1,aug_3fcc23e9_img_1491.bmp,Underweight
1767,18.4572568788,Male,1,aug_c946290f_img_1767.bmp,Underweight
1825,18.1293394168,Male,1,aug_5a1f8e42_img_1825.bmp,Underweight
2491,18.3072916667,Female,1,aug_5ad0d39f_img_2491.bmp,Underweight
2631,18.2439446367,Female,1,aug_55fc83b5_img_2631.bmp,Underweight
2655,17.7162162162,Female,1,aug_11ce13d9_img_2655.bmp,Underweight
287,17.7189666037,Female,1,aug_21694c15_img_287.bmp,Underweight
1491,17.7189666037,Female,1,aug_48f3f2d8_img_1491.bmp,Underweight
1767,18.4572568788,Male,1,aug_6c94679d_img_1767.bmp,Underweight
1825,18.1293394168,Male,1,aug_ed4fa0ee_img_1825.bmp,Underweight
2491,18.3072916667,Female,1,aug_970b7bb3_img_2491.bmp,Underweight
2631,18.2439446367,Female,1,aug_dc54c00c_img_2631.bmp,Underweight
2655,17.7162162162,Female,1,aug_14f1075a_img_2655.bmp,Underweight
287,17.7189666037,Female,1,aug_1ca3e993_img_287.bmp,Underweight
1491,17.7189666037,Female,1,aug_a453e36e_img_1491.bmp,Underweight
1767,18.4572568788,Male,1,aug_4fbcfa2f_img_1767.bmp,Underweight
1825,18.1293394168,Male,1,aug_b6fb933c_img_1825.bmp,Underweight
2491,18.3072916667,Female,1,aug_a4171212_img_2491.bmp,Underweight
2631,18.2439446367,Female,1,aug_2587d8b4_img_2631.bmp,Underweight
2655,17.7162162162,Female,1,aug_7071fab9_img_2655.bmp,Underweight
287,17.7189666037,Female,1,aug_76f33968_img_287.bmp,Underweight
1491,17.7189666037,Female,1,aug_d92805e0_img_1491.bmp,Underweight
1767,18.4572568788,Male,1,aug_385390a0_img_1767.bmp,Underweight
1825,18.1293394168,Male,1,aug_2510ec84_img_1825.bmp,Underweight
2491,18.3072916667,Female,1,aug_a797f424_img_2491.bmp,Underweight
2631,18.2439446367,Female,1,aug_00ea4111_img_2631.bmp,Underweight
2655,17.7162162162,Female,1,aug_cf3a5dc7_img_2655.bmp,Underweight
287,17.7189666037,Female,1,aug_dd9f63b7_img_287.bmp,Underweight
1491,17.7189666037,Female,1,aug_a1d31403_img_1491.bmp,Underweight
1767,18.4572568788,Male,1,aug_1979a15e_img_1767.bmp,Underweight
1825,18.1293394168,Male,1,aug_621c8dfb_img_1825.bmp,Underweight
2491,18.3072916667,Female,1,aug_8491f804_img_2491.bmp,Underweight
2631,18.2439446367,Female,1,aug_076448d2_img_2631.bmp,Underweight
2655,17.7162162162,Female,1,aug_b6cf50b0_img_2655.bmp,Underweight
287,17.7189666037,Female,1,aug_055edc8e_img_287.bmp,Underweight
1491,17.7189666037,Female,1,aug_5642e677_img_1491.bmp,Underweight
1767,18.4572568788,Male,1,aug_1e8776a8_img_1767.bmp,Underweight
1825,18.1293394168,Male,1,aug_fd0ee3c8_img_1825.bmp,Underweight
2491,18.3072916667,Female,1,aug_12605894_img_2491.bmp,Underweight
2631,18.2439446367,Female,1,aug_2263fe98_img_2631.bmp,Underweight
2655,17.7162162162,Female,1,aug_c8a29596_img_2655.bmp,Underweight
287,17.7189666037,Female,1,aug_ffa42fbc_img_287.bmp,Underweight
1491,17.7189666037,Female,1,aug_ac37d5ee_img_1491.bmp,Underweight
1767,18.4572568788,Male,1,aug_d95ef03b_img_1767.bmp,Underweight
1825,18.1293394168,Male,1,aug_447303ef_img_1825.bmp,Underweight
2491,18.3072916667,Female,1,aug_7df9d6d9_img_2491.bmp,Underweight
